User_ID,Category,Price (Rs.),Discount (%),Final_Price(Rs.),Payment_Method,Purchase_Date,Year,Month Name,Quarter,Day Name,Discount
337c166f,Sports,36.53,15,31.05,Net Banking,12/11/2024,2024,November,Qtr 4,Tuesday,5.4795
d38a19bf,Clothing,232.79,20,186.23,Net Banking,09/02/2024,2024,February,Qtr 1,Friday,46.558
d7f5f0b0,Sports,317.02,25,237.76,Credit Card,01/09/2024,2024,September,Qtr 3,Sunday,79.255
395d4994,Toys,173.19,25,129.89,UPI,01/04/2024,2024,April,Qtr 2,Monday,43.2975
a83c145c,Beauty,244.8,20,195.84,Net Banking,27/09/2024,2024,September,Qtr 3,Friday,48.96
3fdcdae8,Books,241.86,50,120.93,UPI,08/08/2024,2024,August,Qtr 3,Thursday,120.93
12772337,Toys,76.91,5,73.06,Credit Card,28/03/2024,2024,March,Qtr 1,Thursday,3.8455
9f0194af,Sports,213.23,20,170.58,Net Banking,29/05/2024,2024,May,Qtr 2,Wednesday,42.646
7a8559d8,Sports,379.81,5,360.82,Credit Card,26/02/2024,2024,February,Qtr 1,Monday,18.9905
8911f0d1,Home & Kitchen,415.36,50,207.68,Net Banking,11/01/2024,2024,January,Qtr 1,Thursday,207.68
9.89E+45,Books,73.09,10,65.78,Cash on Delivery,21/10/2024,2024,October,Qtr 4,Monday,7.309
3b857e65,Beauty,393.77,15,334.7,Cash on Delivery,10/09/2024,2024,September,Qtr 3,Tuesday,59.0655
204fab33,Home & Kitchen,287.69,10,258.92,Credit Card,08/03/2024,2024,March,Qtr 1,Friday,28.769
88159234,Sports,26.26,50,13.13,Credit Card,10/05/2024,2024,May,Qtr 2,Friday,13.13
8c1f2f98,Clothing,305.1,25,228.83,UPI,20/06/2024,2024,June,Qtr 2,Thursday,76.275
a84d7206,Home & Kitchen,113.71,5,108.02,Credit Card,28/04/2024,2024,April,Qtr 2,Sunday,5.6855
4578c08e,Toys,426.75,0,426.75,Net Banking,17/08/2024,2024,August,Qtr 3,Saturday,0
ba3964fa,Home & Kitchen,52.98,0,52.98,Net Banking,08/08/2024,2024,August,Qtr 3,Thursday,0
78595586,Electronics,223.89,0,223.89,Cash on Delivery,13/06/2024,2024,June,Qtr 2,Thursday,0
195e0c14,Clothing,166.75,0,166.75,Debit Card,23/09/2024,2024,September,Qtr 3,Monday,0
7f6e9ab5,Home & Kitchen,77.22,15,65.64,Cash on Delivery,01/06/2024,2024,June,Qtr 2,Saturday,11.583
d33a1a62,Toys,28.6,25,21.45,Credit Card,19/04/2024,2024,April,Qtr 2,Friday,7.15
427a8468,Books,395.73,15,336.37,Cash on Delivery,07/11/2024,2024,November,Qtr 4,Thursday,59.3595
97f18950,Home & Kitchen,351.87,0,351.87,Net Banking,31/08/2024,2024,August,Qtr 3,Saturday,0
426308a5,Toys,257.14,20,205.71,Net Banking,14/09/2024,2024,September,Qtr 3,Saturday,51.428
57c601ea,Sports,332,20,265.6,Net Banking,03/02/2024,2024,February,Qtr 1,Saturday,66.4
a429364b,Toys,375.59,30,262.91,Net Banking,14/04/2024,2024,April,Qtr 2,Sunday,112.677
928bddf9,Beauty,235.13,25,176.35,UPI,06/08/2024,2024,August,Qtr 3,Tuesday,58.7825
0f32a6f6,Electronics,352.95,50,176.47,UPI,05/08/2024,2024,August,Qtr 3,Monday,176.475
d71af9e5,Toys,245.98,15,209.08,Cash on Delivery,28/06/2024,2024,June,Qtr 2,Friday,36.897
b0d1473b,Toys,389.72,10,350.75,Debit Card,22/04/2024,2024,April,Qtr 2,Monday,38.972
9b99bfb0,Home & Kitchen,88.07,30,61.65,UPI,07/10/2024,2024,October,Qtr 4,Monday,26.421
de4cdcdd,Beauty,40.78,50,20.39,Cash on Delivery,20/03/2024,2024,March,Qtr 1,Wednesday,20.39
5f57fbd4,Toys,105.1,25,78.82,Net Banking,10/03/2024,2024,March,Qtr 1,Sunday,26.275
87f21131,Home & Kitchen,224.52,50,112.26,Debit Card,21/05/2024,2024,May,Qtr 2,Tuesday,112.26
f7d6dfab,Books,300.81,5,285.77,Debit Card,01/06/2024,2024,June,Qtr 2,Saturday,15.0405
ca363a04,Toys,24.17,25,18.13,Credit Card,15/01/2024,2024,January,Qtr 1,Monday,6.0425
68d24203,Clothing,95.41,15,81.1,Debit Card,21/04/2024,2024,April,Qtr 2,Sunday,14.3115
0ae7336e,Clothing,490.77,10,441.69,UPI,03/08/2024,2024,August,Qtr 3,Saturday,49.077
72343250,Electronics,188.07,50,94.03,Debit Card,01/07/2024,2024,July,Qtr 3,Monday,94.035
021adfb6,Home & Kitchen,319.29,5,303.33,Credit Card,20/02/2024,2024,February,Qtr 1,Tuesday,15.9645
a9f47880,Toys,403.4,10,363.06,Net Banking,25/08/2024,2024,August,Qtr 3,Sunday,40.34
005258a0,Electronics,303.14,0,303.14,Debit Card,17/05/2024,2024,May,Qtr 2,Friday,0
5e088877,Home & Kitchen,337.81,25,253.36,Credit Card,18/06/2024,2024,June,Qtr 2,Tuesday,84.4525
f2e7bcc0,Clothing,449.74,10,404.77,Cash on Delivery,15/09/2024,2024,September,Qtr 3,Sunday,44.974
5a1d9851,Sports,272.92,30,191.04,Net Banking,12/05/2024,2024,May,Qtr 2,Sunday,81.876
cc672bd7,Home & Kitchen,432.89,15,367.96,Credit Card,25/02/2024,2024,February,Qtr 1,Sunday,64.9335
5c2f954d,Home & Kitchen,310.86,10,279.77,UPI,30/10/2024,2024,October,Qtr 4,Wednesday,31.086
d5daed7a,Beauty,479.19,0,479.19,Debit Card,11/08/2024,2024,August,Qtr 3,Sunday,0
0b32dc6f,Home & Kitchen,350.61,10,315.55,Debit Card,03/06/2024,2024,June,Qtr 2,Monday,35.061
a151d3b5,Books,154.62,50,77.31,Net Banking,08/10/2024,2024,October,Qtr 4,Tuesday,77.31
e9fde811,Toys,435.6,50,217.8,Net Banking,04/04/2024,2024,April,Qtr 2,Thursday,217.8
932c893c,Toys,400.31,25,300.23,Net Banking,03/08/2024,2024,August,Qtr 3,Saturday,100.0775
b98d8283,Electronics,15.81,25,11.86,UPI,08/05/2024,2024,May,Qtr 2,Wednesday,3.9525
4319ad38,Toys,35.25,15,29.96,UPI,11/01/2024,2024,January,Qtr 1,Thursday,5.2875
0b204db3,Electronics,414.76,0,414.76,Debit Card,30/06/2024,2024,June,Qtr 2,Sunday,0
eb65d1ca,Toys,334.47,30,234.13,Debit Card,25/08/2024,2024,August,Qtr 3,Sunday,100.341
2ce76c47,Home & Kitchen,178.39,25,133.79,UPI,04/10/2024,2024,October,Qtr 4,Friday,44.5975
e186c635,Books,237.95,15,202.26,Net Banking,22/10/2024,2024,October,Qtr 4,Tuesday,35.6925
8e9eae19,Electronics,458.12,15,389.4,UPI,29/08/2024,2024,August,Qtr 3,Thursday,68.718
1100831a,Beauty,286.5,5,272.18,Credit Card,10/08/2024,2024,August,Qtr 3,Saturday,14.325
64b48c94,Sports,10.78,10,9.7,Net Banking,22/08/2024,2024,August,Qtr 3,Thursday,1.078
88e9aac9,Beauty,342.66,30,239.86,UPI,24/07/2024,2024,July,Qtr 3,Wednesday,102.798
a87b658a,Sports,225.17,30,157.62,Cash on Delivery,16/09/2024,2024,September,Qtr 3,Monday,67.551
f92a5812,Clothing,405.45,25,304.09,UPI,18/07/2024,2024,July,Qtr 3,Thursday,101.3625
158e8085,Beauty,112.45,0,112.45,Credit Card,07/07/2024,2024,July,Qtr 3,Sunday,0
179ae4c5,Books,380.81,20,304.65,Credit Card,01/04/2024,2024,April,Qtr 2,Monday,76.162
79aff6cb,Sports,394.12,25,295.59,Credit Card,09/03/2024,2024,March,Qtr 1,Saturday,98.53
4e082c18,Sports,334.77,15,284.55,Cash on Delivery,29/01/2024,2024,January,Qtr 1,Monday,50.2155
3a475b95,Clothing,125.65,10,113.09,UPI,27/02/2024,2024,February,Qtr 1,Tuesday,12.565
57633cda,Toys,202.26,20,161.81,Cash on Delivery,13/09/2024,2024,September,Qtr 3,Friday,40.452
3f09b3c3,Clothing,173.51,20,138.81,Net Banking,28/01/2024,2024,January,Qtr 1,Sunday,34.702
12574fb0,Toys,30.8,50,15.4,UPI,28/04/2024,2024,April,Qtr 2,Sunday,15.4
6b92aea5,Home & Kitchen,305.93,10,275.34,Cash on Delivery,19/10/2024,2024,October,Qtr 4,Saturday,30.593
cf929cc7,Clothing,282.5,5,268.38,Cash on Delivery,14/04/2024,2024,April,Qtr 2,Sunday,14.125
c73916c0,Books,274.87,50,137.44,Net Banking,17/09/2024,2024,September,Qtr 3,Tuesday,137.435
ddae0858,Electronics,93.08,20,74.46,Net Banking,11/03/2024,2024,March,Qtr 1,Monday,18.616
616fca83,Home & Kitchen,274.11,15,232.99,Credit Card,17/10/2024,2024,October,Qtr 4,Thursday,41.1165
0ac5e876,Sports,362.61,0,362.61,Cash on Delivery,21/11/2024,2024,November,Qtr 4,Thursday,0
5d31e0f4,Electronics,486.62,25,364.97,Net Banking,09/01/2024,2024,January,Qtr 1,Tuesday,121.655
04cdb11d,Home & Kitchen,336.49,20,269.19,Cash on Delivery,03/09/2024,2024,September,Qtr 3,Tuesday,67.298
e54b0416,Toys,454.39,25,340.79,Credit Card,04/09/2024,2024,September,Qtr 3,Wednesday,113.5975
0d9f9cc3,Home & Kitchen,215.44,50,107.72,UPI,22/06/2024,2024,June,Qtr 2,Saturday,107.72
8c2e8d5f,Clothing,33.02,15,28.07,UPI,18/09/2024,2024,September,Qtr 3,Wednesday,4.953
849f6eb8,Toys,138.83,10,124.95,Net Banking,18/06/2024,2024,June,Qtr 2,Tuesday,13.883
6964d7bb,Books,490.71,5,466.17,Debit Card,10/03/2024,2024,March,Qtr 1,Sunday,24.5355
f9941dc2,Toys,280.66,15,238.56,Debit Card,11/11/2024,2024,November,Qtr 4,Monday,42.099
aa8f723f,Books,327.4,30,229.18,Debit Card,11/09/2024,2024,September,Qtr 3,Wednesday,98.22
0f78333d,Books,309.67,25,232.25,UPI,04/09/2024,2024,September,Qtr 3,Wednesday,77.4175
94aa211f,Books,292.67,25,219.5,Credit Card,13/02/2024,2024,February,Qtr 1,Tuesday,73.1675
414b8fad,Clothing,40.87,15,34.74,Net Banking,11/03/2024,2024,March,Qtr 1,Monday,6.1305
8f081976,Clothing,455.19,15,386.91,Net Banking,05/10/2024,2024,October,Qtr 4,Saturday,68.2785
41622516,Toys,312.3,10,281.07,UPI,31/01/2024,2024,January,Qtr 1,Wednesday,31.23
0b3c2c9f,Sports,193.28,10,173.95,UPI,11/06/2024,2024,June,Qtr 2,Tuesday,19.328
b7f89b7e,Electronics,216.18,30,151.33,Credit Card,27/03/2024,2024,March,Qtr 1,Wednesday,64.854
458ce5f7,Electronics,81.41,5,77.34,Cash on Delivery,20/02/2024,2024,February,Qtr 1,Tuesday,4.0705
b9fabe54,Beauty,496.05,5,471.25,Debit Card,09/01/2024,2024,January,Qtr 1,Tuesday,24.8025
2403105a,Sports,357.54,15,303.91,Cash on Delivery,15/06/2024,2024,June,Qtr 2,Saturday,53.631
7a5f0316,Electronics,133.93,0,133.93,Cash on Delivery,24/04/2024,2024,April,Qtr 2,Wednesday,0
e0424124,Clothing,90.2,10,81.18,Debit Card,28/01/2024,2024,January,Qtr 1,Sunday,9.02
b717743a,Books,431.44,50,215.72,UPI,28/01/2024,2024,January,Qtr 1,Sunday,215.72
82d284f0,Home & Kitchen,42.98,5,40.83,UPI,07/09/2024,2024,September,Qtr 3,Saturday,2.149
83732a37,Sports,182.04,0,182.04,UPI,23/08/2024,2024,August,Qtr 3,Friday,0
d8e5dd07,Beauty,83.58,20,66.86,Net Banking,01/04/2024,2024,April,Qtr 2,Monday,16.716
458c8213,Clothing,92.92,10,83.63,Credit Card,02/04/2024,2024,April,Qtr 2,Tuesday,9.292
b955c6ec,Toys,388.1,25,291.08,Cash on Delivery,28/06/2024,2024,June,Qtr 2,Friday,97.025
1a4639c6,Beauty,417.57,50,208.78,UPI,22/02/2024,2024,February,Qtr 1,Thursday,208.785
b3cb8c3c,Sports,322.93,5,306.78,Credit Card,03/01/2024,2024,January,Qtr 1,Wednesday,16.1465
3043e68e,Toys,257.21,5,244.35,UPI,05/09/2024,2024,September,Qtr 3,Thursday,12.8605
ffda329b,Home & Kitchen,29.92,50,14.96,Debit Card,01/05/2024,2024,May,Qtr 2,Wednesday,14.96
b2ab489e,Home & Kitchen,239.67,15,203.72,UPI,27/01/2024,2024,January,Qtr 1,Saturday,35.9505
56c6e554,Beauty,163.3,30,114.31,Credit Card,31/05/2024,2024,May,Qtr 2,Friday,48.99
03ec5d73,Books,135.62,30,94.93,UPI,01/09/2024,2024,September,Qtr 3,Sunday,40.686
3f20311f,Toys,61.84,50,30.92,Net Banking,19/04/2024,2024,April,Qtr 2,Friday,30.92
d5fb8686,Sports,496.36,25,372.27,Credit Card,30/07/2024,2024,July,Qtr 3,Tuesday,124.09
a3df5dd4,Toys,107.11,30,74.98,Net Banking,29/04/2024,2024,April,Qtr 2,Monday,32.133
8fa5b154,Electronics,384.8,25,288.6,Credit Card,07/10/2024,2024,October,Qtr 4,Monday,96.2
f9b0b9bf,Toys,377.75,50,188.88,Credit Card,25/05/2024,2024,May,Qtr 2,Saturday,188.875
6b395741,Home & Kitchen,285.18,0,285.18,Net Banking,24/05/2024,2024,May,Qtr 2,Friday,0
367debf4,Books,187.86,0,187.86,UPI,24/02/2024,2024,February,Qtr 1,Saturday,0
51dc4386,Sports,440.5,50,220.25,Net Banking,24/09/2024,2024,September,Qtr 3,Tuesday,220.25
6b4ec06c,Beauty,124.56,0,124.56,Credit Card,16/04/2024,2024,April,Qtr 2,Tuesday,0
313b6efb,Beauty,236.7,0,236.7,Cash on Delivery,16/09/2024,2024,September,Qtr 3,Monday,0
c68d813a,Clothing,397.16,30,278.01,Cash on Delivery,11/10/2024,2024,October,Qtr 4,Friday,119.148
3b327b6e,Beauty,248.95,15,211.61,Debit Card,14/04/2024,2024,April,Qtr 2,Sunday,37.3425
bba6b57f,Sports,123.71,50,61.85,UPI,12/10/2024,2024,October,Qtr 4,Saturday,61.855
98a9ccae,Electronics,62.46,30,43.72,Debit Card,18/11/2024,2024,November,Qtr 4,Monday,18.738
021b5be9,Electronics,451.3,20,361.04,Cash on Delivery,12/06/2024,2024,June,Qtr 2,Wednesday,90.26
2ea44e9d,Sports,320.09,0,320.09,UPI,15/03/2024,2024,March,Qtr 1,Friday,0
ccab3064,Toys,51.73,30,36.21,Debit Card,21/05/2024,2024,May,Qtr 2,Tuesday,15.519
ab1add51,Toys,388.94,20,311.15,Net Banking,21/05/2024,2024,May,Qtr 2,Tuesday,77.788
f979e9ea,Sports,85.98,20,68.78,Credit Card,14/05/2024,2024,May,Qtr 2,Tuesday,17.196
8f30f97d,Home & Kitchen,460.89,10,414.8,Debit Card,18/05/2024,2024,May,Qtr 2,Saturday,46.089
b8e38e07,Home & Kitchen,492.64,20,394.11,Credit Card,07/07/2024,2024,July,Qtr 3,Sunday,98.528
b1fe155c,Sports,86.95,25,65.21,Cash on Delivery,05/08/2024,2024,August,Qtr 3,Monday,21.7375
9daac50a,Beauty,416.65,15,354.15,Net Banking,05/07/2024,2024,July,Qtr 3,Friday,62.4975
02f68644,Toys,155.75,50,77.88,Credit Card,22/07/2024,2024,July,Qtr 3,Monday,77.875
ab51add8,Clothing,238.9,25,179.18,Cash on Delivery,17/04/2024,2024,April,Qtr 2,Wednesday,59.725
173a7d55,Beauty,470.33,0,470.33,Credit Card,12/04/2024,2024,April,Qtr 2,Friday,0
c9939103,Toys,62.48,20,49.98,UPI,02/06/2024,2024,June,Qtr 2,Sunday,12.496
46b35e44,Home & Kitchen,317.67,20,254.14,Net Banking,10/02/2024,2024,February,Qtr 1,Saturday,63.534
1b4424dd,Beauty,33.21,20,26.57,Net Banking,14/03/2024,2024,March,Qtr 1,Thursday,6.642
16b4c497,Books,118.52,5,112.59,Net Banking,11/04/2024,2024,April,Qtr 2,Thursday,5.926
ebbfafc3,Clothing,376.63,15,320.14,Credit Card,07/05/2024,2024,May,Qtr 2,Tuesday,56.4945
f2c0a566,Beauty,428.47,0,428.47,Credit Card,15/03/2024,2024,March,Qtr 1,Friday,0
34dad111,Beauty,462.91,20,370.33,Cash on Delivery,02/07/2024,2024,July,Qtr 3,Tuesday,92.582
aa7bdfa3,Electronics,385.98,15,328.08,Net Banking,08/05/2024,2024,May,Qtr 2,Wednesday,57.897
251c90d9,Clothing,311,25,233.25,Net Banking,31/07/2024,2024,July,Qtr 3,Wednesday,77.75
598efd02,Toys,268.49,25,201.37,UPI,09/05/2024,2024,May,Qtr 2,Thursday,67.1225
c5642517,Toys,185.46,10,166.91,Net Banking,12/06/2024,2024,June,Qtr 2,Wednesday,18.546
5e8aed36,Electronics,267.4,5,254.03,Cash on Delivery,19/04/2024,2024,April,Qtr 2,Friday,13.37
7be076d6,Home & Kitchen,203.43,5,193.26,Debit Card,23/09/2024,2024,September,Qtr 3,Monday,10.1715
41118f59,Books,171.63,50,85.81,Net Banking,21/02/2024,2024,February,Qtr 1,Wednesday,85.815
2da125c1,Electronics,326.01,0,326.01,UPI,11/10/2024,2024,October,Qtr 4,Friday,0
d6b94141,Electronics,147.71,0,147.71,Net Banking,09/06/2024,2024,June,Qtr 2,Sunday,0
823e9a88,Clothing,390.2,0,390.2,Net Banking,02/02/2024,2024,February,Qtr 1,Friday,0
7391f331,Home & Kitchen,406.06,50,203.03,UPI,24/03/2024,2024,March,Qtr 1,Sunday,203.03
6bdb1d9e,Books,268.42,5,255,Credit Card,10/03/2024,2024,March,Qtr 1,Sunday,13.421
ab7273bc,Beauty,210.36,10,189.32,Cash on Delivery,17/11/2024,2024,November,Qtr 4,Sunday,21.036
839f23dc,Home & Kitchen,285.47,20,228.38,Net Banking,01/06/2024,2024,June,Qtr 2,Saturday,57.094
42385946,Toys,494.46,10,445.01,Credit Card,18/08/2024,2024,August,Qtr 3,Sunday,49.446
c7978493,Clothing,287.09,20,229.67,Debit Card,10/04/2024,2024,April,Qtr 2,Wednesday,57.418
b6df8c21,Clothing,378.27,0,378.27,Cash on Delivery,29/03/2024,2024,March,Qtr 1,Friday,0
c112eed4,Clothing,23.54,20,18.83,Debit Card,11/07/2024,2024,July,Qtr 3,Thursday,4.708
92e87211,Clothing,383.58,10,345.22,UPI,07/06/2024,2024,June,Qtr 2,Friday,38.358
a7a46866,Sports,41.61,15,35.37,Credit Card,05/11/2024,2024,November,Qtr 4,Tuesday,6.2415
a1adb0ae,Toys,261.57,50,130.78,Debit Card,20/07/2024,2024,July,Qtr 3,Saturday,130.785
f30003fb,Electronics,251.32,5,238.75,Credit Card,28/06/2024,2024,June,Qtr 2,Friday,12.566
73bfc396,Sports,72.43,50,36.22,Debit Card,15/09/2024,2024,September,Qtr 3,Sunday,36.215
3e41585f,Sports,421,10,378.9,Net Banking,03/07/2024,2024,July,Qtr 3,Wednesday,42.1
599dbf81,Books,422.02,30,295.41,Debit Card,07/06/2024,2024,June,Qtr 2,Friday,126.606
7cb6d3eb,Toys,219.83,5,208.84,Credit Card,13/10/2024,2024,October,Qtr 4,Sunday,10.9915
73a54189,Electronics,242.33,15,205.98,Net Banking,10/05/2024,2024,May,Qtr 2,Friday,36.3495
13649191,Clothing,334.28,15,284.14,Cash on Delivery,07/05/2024,2024,May,Qtr 2,Tuesday,50.142
fea0052e,Books,148.21,50,74.11,Net Banking,22/08/2024,2024,August,Qtr 3,Thursday,74.105
a0968a8d,Home & Kitchen,275.11,50,137.56,Net Banking,25/08/2024,2024,August,Qtr 3,Sunday,137.555
cd1f4cd0,Home & Kitchen,211.85,20,169.48,UPI,28/05/2024,2024,May,Qtr 2,Tuesday,42.37
82f860f7,Sports,497.4,50,248.7,Debit Card,08/08/2024,2024,August,Qtr 3,Thursday,248.7
51dacac1,Beauty,368.74,5,350.3,UPI,26/02/2024,2024,February,Qtr 1,Monday,18.437
38a1e970,Home & Kitchen,260.82,0,260.82,Credit Card,05/02/2024,2024,February,Qtr 1,Monday,0
d0d5e3b0,Beauty,394.35,15,335.2,Net Banking,06/03/2024,2024,March,Qtr 1,Wednesday,59.1525
4ff8266f,Home & Kitchen,459.03,20,367.22,Credit Card,11/08/2024,2024,August,Qtr 3,Sunday,91.806
faff6ffa,Beauty,377.99,10,340.19,Debit Card,26/07/2024,2024,July,Qtr 3,Friday,37.799
8c3265d7,Sports,269.87,50,134.94,UPI,06/08/2024,2024,August,Qtr 3,Tuesday,134.935
8a00dc54,Beauty,458.8,50,229.4,Net Banking,25/06/2024,2024,June,Qtr 2,Tuesday,229.4
3d0aec60,Home & Kitchen,414.08,20,331.26,Net Banking,03/04/2024,2024,April,Qtr 2,Wednesday,82.816
4f231045,Clothing,496.06,15,421.65,Debit Card,20/10/2024,2024,October,Qtr 4,Sunday,74.409
72a44b20,Books,295.86,30,207.1,UPI,29/10/2024,2024,October,Qtr 4,Tuesday,88.758
c34605d2,Home & Kitchen,430.43,0,430.43,UPI,02/10/2024,2024,October,Qtr 4,Wednesday,0
f836adad,Sports,169.71,25,127.28,Credit Card,08/07/2024,2024,July,Qtr 3,Monday,42.4275
aec17f43,Clothing,315.8,0,315.8,Net Banking,20/11/2024,2024,November,Qtr 4,Wednesday,0
f1cbd9ed,Home & Kitchen,154.33,25,115.75,Credit Card,04/08/2024,2024,August,Qtr 3,Sunday,38.5825
7c8bf4b9,Home & Kitchen,197.33,25,148,Credit Card,22/08/2024,2024,August,Qtr 3,Thursday,49.3325
a5cda6c8,Toys,270.73,20,216.58,Net Banking,06/08/2024,2024,August,Qtr 3,Tuesday,54.146
c55dd505,Home & Kitchen,261.23,20,208.98,Cash on Delivery,13/11/2024,2024,November,Qtr 4,Wednesday,52.246
f666dd75,Home & Kitchen,334.87,50,167.44,Cash on Delivery,14/11/2024,2024,November,Qtr 4,Thursday,167.435
c2eefc6e,Beauty,266.2,0,266.2,UPI,14/11/2024,2024,November,Qtr 4,Thursday,0
4b3752aa,Home & Kitchen,169.53,50,84.77,Credit Card,06/03/2024,2024,March,Qtr 1,Wednesday,84.765
5984c518,Clothing,332.57,0,332.57,Net Banking,18/02/2024,2024,February,Qtr 1,Sunday,0
ba0d460e,Toys,398.85,10,358.97,Debit Card,23/09/2024,2024,September,Qtr 3,Monday,39.885
e0f55269,Home & Kitchen,180.6,0,180.6,UPI,24/09/2024,2024,September,Qtr 3,Tuesday,0
7bdff67a,Books,433.59,25,325.19,Debit Card,14/01/2024,2024,January,Qtr 1,Sunday,108.3975
10c31378,Home & Kitchen,20.74,10,18.67,UPI,01/09/2024,2024,September,Qtr 3,Sunday,2.074
e651377e,Electronics,17.01,30,11.91,Net Banking,24/05/2024,2024,May,Qtr 2,Friday,5.103
ba678df8,Electronics,34.13,50,17.07,Cash on Delivery,09/03/2024,2024,March,Qtr 1,Saturday,17.065
49a759a7,Home & Kitchen,11.14,15,9.47,Credit Card,19/03/2024,2024,March,Qtr 1,Tuesday,1.671
abb2fa33,Home & Kitchen,206.97,0,206.97,Net Banking,25/10/2024,2024,October,Qtr 4,Friday,0
a3b63775,Home & Kitchen,353.08,50,176.54,Credit Card,23/08/2024,2024,August,Qtr 3,Friday,176.54
1c816115,Sports,67.36,25,50.52,Net Banking,10/11/2024,2024,November,Qtr 4,Sunday,16.84
74ba5569,Books,203.49,30,142.44,Net Banking,30/04/2024,2024,April,Qtr 2,Tuesday,61.047
e0a14854,Clothing,246.98,30,172.89,UPI,11/05/2024,2024,May,Qtr 2,Saturday,74.094
171a2e71,Books,368.25,20,294.6,Credit Card,16/11/2024,2024,November,Qtr 4,Saturday,73.65
c7cd48dd,Books,327.19,20,261.75,Debit Card,02/11/2024,2024,November,Qtr 4,Saturday,65.438
b7380b04,Sports,274.65,20,219.72,Debit Card,08/11/2024,2024,November,Qtr 4,Friday,54.93
d799d699,Electronics,369.15,0,369.15,Credit Card,19/06/2024,2024,June,Qtr 2,Wednesday,0
d374b1f9,Clothing,84.26,5,80.05,Cash on Delivery,16/10/2024,2024,October,Qtr 4,Wednesday,4.213
e8492835,Books,255.74,25,191.81,UPI,04/06/2024,2024,June,Qtr 2,Tuesday,63.935
3efbfc39,Sports,440.74,30,308.52,Cash on Delivery,11/09/2024,2024,September,Qtr 3,Wednesday,132.222
b267883f,Electronics,316.84,25,237.63,Debit Card,25/05/2024,2024,May,Qtr 2,Saturday,79.21
978ce91d,Beauty,199.88,10,179.89,Net Banking,20/01/2024,2024,January,Qtr 1,Saturday,19.988
4062921e,Home & Kitchen,389.85,30,272.89,Net Banking,20/07/2024,2024,July,Qtr 3,Saturday,116.955
2fb9f48b,Sports,317.98,5,302.08,Credit Card,23/07/2024,2024,July,Qtr 3,Tuesday,15.899
aa744c61,Home & Kitchen,165.06,30,115.54,Debit Card,12/11/2024,2024,November,Qtr 4,Tuesday,49.518
121bdf3e,Books,192.48,15,163.61,Credit Card,05/06/2024,2024,June,Qtr 2,Wednesday,28.872
6894c5b0,Home & Kitchen,106.34,20,85.07,UPI,11/04/2024,2024,April,Qtr 2,Thursday,21.268
152a3010,Electronics,404.92,50,202.46,Debit Card,22/10/2024,2024,October,Qtr 4,Tuesday,202.46
cc1c878a,Toys,289.62,10,260.66,Net Banking,28/07/2024,2024,July,Qtr 3,Sunday,28.962
02d317f1,Beauty,129.89,5,123.4,Debit Card,21/04/2024,2024,April,Qtr 2,Sunday,6.4945
4789f600,Home & Kitchen,41.2,5,39.14,Net Banking,15/07/2024,2024,July,Qtr 3,Monday,2.06
f2e4ad50,Clothing,208.08,15,176.87,UPI,15/11/2024,2024,November,Qtr 4,Friday,31.212
b721c64b,Sports,114.84,20,91.87,Cash on Delivery,17/06/2024,2024,June,Qtr 2,Monday,22.968
30d3fca9,Toys,430.16,20,344.13,UPI,31/01/2024,2024,January,Qtr 1,Wednesday,86.032
1e02db52,Sports,431.98,25,323.99,UPI,06/01/2024,2024,January,Qtr 1,Saturday,107.995
ccdec6cd,Home & Kitchen,472.77,20,378.22,Cash on Delivery,29/03/2024,2024,March,Qtr 1,Friday,94.554
72baa45f,Sports,473.18,50,236.59,Debit Card,24/10/2024,2024,October,Qtr 4,Thursday,236.59
f3498014,Books,205.06,25,153.8,Cash on Delivery,13/08/2024,2024,August,Qtr 3,Tuesday,51.265
d4438986,Beauty,485.71,20,388.57,Credit Card,07/06/2024,2024,June,Qtr 2,Friday,97.142
b7ce73a5,Sports,84.28,10,75.85,Cash on Delivery,23/09/2024,2024,September,Qtr 3,Monday,8.428
56c899ff,Books,189.84,20,151.87,Credit Card,08/03/2024,2024,March,Qtr 1,Friday,37.968
8d6c950e,Sports,366.4,15,311.44,Net Banking,12/09/2024,2024,September,Qtr 3,Thursday,54.96
dcfc3adc,Clothing,93.05,50,46.52,Cash on Delivery,15/05/2024,2024,May,Qtr 2,Wednesday,46.525
94ed2dce,Toys,398.16,5,378.25,Credit Card,19/04/2024,2024,April,Qtr 2,Friday,19.908
7341f194,Sports,326.51,20,261.21,Debit Card,27/05/2024,2024,May,Qtr 2,Monday,65.302
295a2e0b,Toys,367.98,5,349.58,Credit Card,11/02/2024,2024,February,Qtr 1,Sunday,18.399
480b55c6,Toys,424.14,50,212.07,Debit Card,06/09/2024,2024,September,Qtr 3,Friday,212.07
4bd29822,Clothing,359.51,30,251.66,UPI,12/05/2024,2024,May,Qtr 2,Sunday,107.853
11d1ef2a,Toys,187.2,25,140.4,Net Banking,28/05/2024,2024,May,Qtr 2,Tuesday,46.8
c6952c07,Home & Kitchen,232.12,5,220.51,UPI,27/08/2024,2024,August,Qtr 3,Tuesday,11.606
171c325f,Sports,236.78,25,177.59,Net Banking,23/06/2024,2024,June,Qtr 2,Sunday,59.195
ed799954,Sports,439.4,10,395.46,Cash on Delivery,03/04/2024,2024,April,Qtr 2,Wednesday,43.94
4e3e6bab,Toys,133.33,5,126.66,Credit Card,19/05/2024,2024,May,Qtr 2,Sunday,6.6665
29b1dbdf,Beauty,199.31,5,189.34,UPI,31/08/2024,2024,August,Qtr 3,Saturday,9.9655
11692893,Electronics,143.68,10,129.31,UPI,02/08/2024,2024,August,Qtr 3,Friday,14.368
6258f6d7,Home & Kitchen,313.37,15,266.36,UPI,28/07/2024,2024,July,Qtr 3,Sunday,47.0055
ade66e84,Electronics,311.05,30,217.73,Net Banking,27/04/2024,2024,April,Qtr 2,Saturday,93.315
7bad321f,Beauty,71.34,0,71.34,UPI,10/09/2024,2024,September,Qtr 3,Tuesday,0
cf78ab9a,Books,354.11,0,354.11,Debit Card,29/06/2024,2024,June,Qtr 2,Saturday,0
a1573efd,Books,163.91,10,147.52,Cash on Delivery,22/09/2024,2024,September,Qtr 3,Sunday,16.391
8f87ab8c,Clothing,460.83,30,322.58,Cash on Delivery,17/02/2024,2024,February,Qtr 1,Saturday,138.249
3be9cded,Beauty,49.61,20,39.69,Credit Card,17/04/2024,2024,April,Qtr 2,Wednesday,9.922
c0895f76,Clothing,325.51,15,276.68,Debit Card,10/11/2024,2024,November,Qtr 4,Sunday,48.8265
52d2c78c,Books,394.16,10,354.74,Net Banking,02/11/2024,2024,November,Qtr 4,Saturday,39.416
b53aa320,Home & Kitchen,440.11,5,418.1,Debit Card,19/09/2024,2024,September,Qtr 3,Thursday,22.0055
fe747fa8,Books,94.52,30,66.16,Cash on Delivery,10/10/2024,2024,October,Qtr 4,Thursday,28.356
fab2b55b,Beauty,209.41,50,104.7,Net Banking,31/10/2024,2024,October,Qtr 4,Thursday,104.705
4632f85b,Toys,413.31,30,289.32,Net Banking,07/03/2024,2024,March,Qtr 1,Thursday,123.993
c6781108,Sports,205.82,5,195.53,Credit Card,07/10/2024,2024,October,Qtr 4,Monday,10.291
5bc7097b,Home & Kitchen,110.73,30,77.51,Cash on Delivery,21/11/2024,2024,November,Qtr 4,Thursday,33.219
e7dc9f25,Toys,432.1,5,410.5,Net Banking,07/06/2024,2024,June,Qtr 2,Friday,21.605
f8fec828,Sports,375.09,5,356.34,Debit Card,26/10/2024,2024,October,Qtr 4,Saturday,18.7545
a0b8e39d,Electronics,69.77,5,66.28,Debit Card,17/06/2024,2024,June,Qtr 2,Monday,3.4885
81f9a928,Beauty,430.96,15,366.32,Cash on Delivery,10/09/2024,2024,September,Qtr 3,Tuesday,64.644
91da6560,Home & Kitchen,429.69,30,300.78,Cash on Delivery,07/02/2024,2024,February,Qtr 1,Wednesday,128.907
26d5be1a,Books,381.28,15,324.09,Cash on Delivery,05/10/2024,2024,October,Qtr 4,Saturday,57.192
7bf93a72,Toys,72.87,20,58.3,Debit Card,14/02/2024,2024,February,Qtr 1,Wednesday,14.574
32839723,Beauty,37.67,25,28.25,UPI,07/04/2024,2024,April,Qtr 2,Sunday,9.4175
2c2500ea,Books,485,15,412.25,Net Banking,17/11/2024,2024,November,Qtr 4,Sunday,72.75
39d11da5,Home & Kitchen,214.45,0,214.45,Credit Card,14/04/2024,2024,April,Qtr 2,Sunday,0
70f75830,Beauty,315.89,0,315.89,Cash on Delivery,02/01/2024,2024,January,Qtr 1,Tuesday,0
3066b9d4,Books,211.67,50,105.83,Net Banking,07/05/2024,2024,May,Qtr 2,Tuesday,105.835
a35fe5e5,Toys,490.75,30,343.52,Credit Card,01/07/2024,2024,July,Qtr 3,Monday,147.225
a3e73890,Toys,444.27,10,399.84,Cash on Delivery,26/02/2024,2024,February,Qtr 1,Monday,44.427
e3c4830d,Sports,244.61,10,220.15,Net Banking,23/08/2024,2024,August,Qtr 3,Friday,24.461
186f1145,Books,444.87,30,311.41,Credit Card,09/03/2024,2024,March,Qtr 1,Saturday,133.461
a2dd035d,Books,231.08,10,207.97,Debit Card,31/01/2024,2024,January,Qtr 1,Wednesday,23.108
b2de1538,Beauty,32.39,20,25.91,Credit Card,11/05/2024,2024,May,Qtr 2,Saturday,6.478
3b7c7e0d,Toys,260.74,5,247.7,Net Banking,20/09/2024,2024,September,Qtr 3,Friday,13.037
cab404e5,Electronics,446.14,0,446.14,UPI,03/01/2024,2024,January,Qtr 1,Wednesday,0
c0b59a57,Beauty,144.56,10,130.1,UPI,08/08/2024,2024,August,Qtr 3,Thursday,14.456
5a2835a0,Home & Kitchen,467.35,50,233.68,Debit Card,11/07/2024,2024,July,Qtr 3,Thursday,233.675
68376ad1,Toys,71.02,50,35.51,Cash on Delivery,17/11/2024,2024,November,Qtr 4,Sunday,35.51
e6b61602,Sports,374.32,50,187.16,Cash on Delivery,07/01/2024,2024,January,Qtr 1,Sunday,187.16
ed127a6a,Books,61.82,20,49.46,UPI,21/01/2024,2024,January,Qtr 1,Sunday,12.364
cdce35a4,Home & Kitchen,214.64,20,171.71,Cash on Delivery,05/08/2024,2024,August,Qtr 3,Monday,42.928
b7ce1000,Books,220.76,15,187.65,Cash on Delivery,14/03/2024,2024,March,Qtr 1,Thursday,33.114
4eada12f,Toys,204.56,0,204.56,UPI,06/03/2024,2024,March,Qtr 1,Wednesday,0
72033276,Beauty,78.43,15,66.67,Net Banking,24/08/2024,2024,August,Qtr 3,Saturday,11.7645
d3e271bc,Home & Kitchen,132.48,20,105.98,UPI,01/05/2024,2024,May,Qtr 2,Wednesday,26.496
75f9ffb4,Books,334.55,5,317.82,Net Banking,13/11/2024,2024,November,Qtr 4,Wednesday,16.7275
1ec3ff2a,Electronics,311.29,10,280.16,Debit Card,12/10/2024,2024,October,Qtr 4,Saturday,31.129
9977a28d,Electronics,70.49,15,59.92,Debit Card,24/01/2024,2024,January,Qtr 1,Wednesday,10.5735
b622561c,Electronics,243.69,50,121.84,Credit Card,05/01/2024,2024,January,Qtr 1,Friday,121.845
6f7f0073,Clothing,74.67,20,59.74,Cash on Delivery,21/05/2024,2024,May,Qtr 2,Tuesday,14.934
0593db79,Electronics,388.03,5,368.63,Net Banking,07/07/2024,2024,July,Qtr 3,Sunday,19.4015
6531579c,Sports,28.12,0,28.12,Credit Card,17/03/2024,2024,March,Qtr 1,Sunday,0
6c54fef2,Books,112.53,15,95.65,Credit Card,12/06/2024,2024,June,Qtr 2,Wednesday,16.8795
b1a586a8,Books,439.81,15,373.84,Net Banking,25/05/2024,2024,May,Qtr 2,Saturday,65.9715
ed87a707,Sports,220.37,20,176.3,UPI,05/02/2024,2024,February,Qtr 1,Monday,44.074
ae15cd88,Home & Kitchen,314.16,30,219.91,UPI,29/09/2024,2024,September,Qtr 3,Sunday,94.248
a87689fb,Clothing,438.97,10,395.07,Cash on Delivery,18/10/2024,2024,October,Qtr 4,Friday,43.897
d2cafe90,Clothing,166.89,10,150.2,Debit Card,09/01/2024,2024,January,Qtr 1,Tuesday,16.689
43fbc7a3,Books,222.28,0,222.28,Cash on Delivery,07/09/2024,2024,September,Qtr 3,Saturday,0
0a75e9da,Clothing,128.89,25,96.67,Net Banking,24/06/2024,2024,June,Qtr 2,Monday,32.2225
1c74138b,Beauty,65.88,30,46.12,Cash on Delivery,12/10/2024,2024,October,Qtr 4,Saturday,19.764
f1733214,Beauty,31.93,15,27.14,Net Banking,14/03/2024,2024,March,Qtr 1,Thursday,4.7895
4c95d133,Home & Kitchen,18.79,50,9.39,Debit Card,04/10/2024,2024,October,Qtr 4,Friday,9.395
294af876,Beauty,46.99,25,35.24,UPI,10/03/2024,2024,March,Qtr 1,Sunday,11.7475
249fb3ec,Beauty,293.28,30,205.3,Net Banking,27/07/2024,2024,July,Qtr 3,Saturday,87.984
ab71021f,Sports,419.54,10,377.59,Cash on Delivery,17/06/2024,2024,June,Qtr 2,Monday,41.954
2bca9bc1,Electronics,150.09,10,135.08,Debit Card,13/02/2024,2024,February,Qtr 1,Tuesday,15.009
4cc8d249,Books,172.11,25,129.08,Net Banking,01/07/2024,2024,July,Qtr 3,Monday,43.0275
1171aed4,Books,440.57,5,418.54,UPI,05/08/2024,2024,August,Qtr 3,Monday,22.0285
20951b9c,Toys,121.31,15,103.11,UPI,03/09/2024,2024,September,Qtr 3,Tuesday,18.1965
c4eb27aa,Electronics,481.88,15,409.6,Debit Card,30/05/2024,2024,May,Qtr 2,Thursday,72.282
122abbd7,Home & Kitchen,177.59,20,142.07,Credit Card,17/05/2024,2024,May,Qtr 2,Friday,35.518
bf16d78e,Electronics,443.05,30,310.13,Debit Card,27/01/2024,2024,January,Qtr 1,Saturday,132.915
23d9f470,Electronics,235.33,50,117.67,Credit Card,20/06/2024,2024,June,Qtr 2,Thursday,117.665
cc33391a,Beauty,24.75,50,12.38,Net Banking,14/01/2024,2024,January,Qtr 1,Sunday,12.375
f196dcc8,Electronics,470.9,10,423.81,UPI,20/02/2024,2024,February,Qtr 1,Tuesday,47.09
5c4cc9cd,Books,237.27,0,237.27,Cash on Delivery,13/11/2024,2024,November,Qtr 4,Wednesday,0
6b76e9a1,Books,151.72,5,144.13,Credit Card,23/03/2024,2024,March,Qtr 1,Saturday,7.586
d9028424,Books,27.88,50,13.94,Credit Card,24/04/2024,2024,April,Qtr 2,Wednesday,13.94
d6e84fa8,Sports,26.95,20,21.56,Debit Card,08/03/2024,2024,March,Qtr 1,Friday,5.39
3cce7ee7,Sports,417.34,30,292.14,Debit Card,17/02/2024,2024,February,Qtr 1,Saturday,125.202
2359eacf,Clothing,207.54,10,186.79,Debit Card,26/06/2024,2024,June,Qtr 2,Wednesday,20.754
cea71fcf,Home & Kitchen,123.41,25,92.56,UPI,05/05/2024,2024,May,Qtr 2,Sunday,30.8525
aeb09719,Sports,398.36,0,398.36,Debit Card,26/03/2024,2024,March,Qtr 1,Tuesday,0
afbfbe33,Sports,350.5,15,297.93,UPI,12/01/2024,2024,January,Qtr 1,Friday,52.575
8ee04e56,Books,459.93,0,459.93,Credit Card,19/06/2024,2024,June,Qtr 2,Wednesday,0
17ec5173,Toys,324.93,25,243.7,Cash on Delivery,29/02/2024,2024,February,Qtr 1,Thursday,81.2325
4277aa34,Toys,483.48,15,410.96,Cash on Delivery,12/09/2024,2024,September,Qtr 3,Thursday,72.522
4a66b400,Books,286.37,25,214.78,Debit Card,18/03/2024,2024,March,Qtr 1,Monday,71.5925
b849ee82,Sports,486.15,5,461.84,Net Banking,25/06/2024,2024,June,Qtr 2,Tuesday,24.3075
d8adad87,Clothing,44.29,0,44.29,Credit Card,08/10/2024,2024,October,Qtr 4,Tuesday,0
e3181955,Sports,481.53,25,361.15,UPI,21/08/2024,2024,August,Qtr 3,Wednesday,120.3825
b7b776d2,Toys,404.07,15,343.46,UPI,01/07/2024,2024,July,Qtr 3,Monday,60.6105
6707ca3f,Sports,63.31,20,50.65,UPI,12/06/2024,2024,June,Qtr 2,Wednesday,12.662
3421e7ba,Electronics,254.31,0,254.31,UPI,05/04/2024,2024,April,Qtr 2,Friday,0
14a322ad,Home & Kitchen,152.98,15,130.03,UPI,18/06/2024,2024,June,Qtr 2,Tuesday,22.947
c3a6ef65,Electronics,199.16,15,169.29,Debit Card,20/03/2024,2024,March,Qtr 1,Wednesday,29.874
58e5b2b1,Electronics,384.71,10,346.24,UPI,08/03/2024,2024,March,Qtr 1,Friday,38.471
913acac1,Toys,498.37,10,448.53,Credit Card,23/06/2024,2024,June,Qtr 2,Sunday,49.837
d51c7bc1,Beauty,142.53,10,128.28,UPI,07/10/2024,2024,October,Qtr 4,Monday,14.253
531b6e08,Beauty,353.77,15,300.7,UPI,05/02/2024,2024,February,Qtr 1,Monday,53.0655
36e2ff8c,Toys,38.68,5,36.75,UPI,11/09/2024,2024,September,Qtr 3,Wednesday,1.934
c98a91eb,Electronics,34.3,10,30.87,Cash on Delivery,12/11/2024,2024,November,Qtr 4,Tuesday,3.43
d30c4698,Sports,121.05,25,90.79,Cash on Delivery,13/09/2024,2024,September,Qtr 3,Friday,30.2625
29782162,Sports,117.95,15,100.26,Credit Card,14/01/2024,2024,January,Qtr 1,Sunday,17.6925
fdb2b385,Clothing,41.11,20,32.89,Debit Card,12/11/2024,2024,November,Qtr 4,Tuesday,8.222
833e59d2,Electronics,171.56,20,137.25,UPI,26/07/2024,2024,July,Qtr 3,Friday,34.312
8f46fab4,Clothing,190.47,20,152.38,UPI,11/04/2024,2024,April,Qtr 2,Thursday,38.094
f69c9130,Toys,94.21,25,70.66,Net Banking,06/04/2024,2024,April,Qtr 2,Saturday,23.5525
c1edff29,Electronics,294.66,15,250.46,Net Banking,19/10/2024,2024,October,Qtr 4,Saturday,44.199
741de2c1,Home & Kitchen,262.15,15,222.83,Cash on Delivery,14/01/2024,2024,January,Qtr 1,Sunday,39.3225
c9c10b75,Books,257.35,50,128.68,Credit Card,13/11/2024,2024,November,Qtr 4,Wednesday,128.675
2428050,Books,318.15,10,286.33,Credit Card,17/03/2024,2024,March,Qtr 1,Sunday,31.815
cc0dfe20,Sports,432.56,30,302.79,Debit Card,17/05/2024,2024,May,Qtr 2,Friday,129.768
32d535ae,Books,386.32,10,347.69,UPI,16/04/2024,2024,April,Qtr 2,Tuesday,38.632
87bf4ca6,Toys,131.54,5,124.96,Net Banking,09/11/2024,2024,November,Qtr 4,Saturday,6.577
24af6c3e,Clothing,32.29,0,32.29,UPI,13/10/2024,2024,October,Qtr 4,Sunday,0
1828fb43,Home & Kitchen,278.03,10,250.23,Credit Card,14/02/2024,2024,February,Qtr 1,Wednesday,27.803
65aaf4f4,Beauty,381.05,10,342.94,Debit Card,07/10/2024,2024,October,Qtr 4,Monday,38.105
faf193a9,Toys,56.78,10,51.1,UPI,11/03/2024,2024,March,Qtr 1,Monday,5.678
c6a2892f,Sports,30.56,30,21.39,UPI,02/06/2024,2024,June,Qtr 2,Sunday,9.168
4e432e36,Clothing,387.81,20,310.25,Cash on Delivery,01/08/2024,2024,August,Qtr 3,Thursday,77.562
29421930,Clothing,375.41,30,262.79,UPI,27/02/2024,2024,February,Qtr 1,Tuesday,112.623
85227829,Sports,183.1,5,173.94,Debit Card,11/03/2024,2024,March,Qtr 1,Monday,9.155
fcf06f0b,Electronics,278.54,15,236.76,Debit Card,15/10/2024,2024,October,Qtr 4,Tuesday,41.781
df90d7c9,Clothing,227.68,10,204.91,UPI,16/09/2024,2024,September,Qtr 3,Monday,22.768
3adf00f3,Electronics,490.91,30,343.64,Net Banking,02/08/2024,2024,August,Qtr 3,Friday,147.273
27dd0710,Clothing,69.31,50,34.66,Net Banking,23/09/2024,2024,September,Qtr 3,Monday,34.655
500dfa44,Beauty,31.12,50,15.56,Cash on Delivery,16/08/2024,2024,August,Qtr 3,Friday,15.56
c41750b6,Sports,225.59,25,169.19,Net Banking,11/09/2024,2024,September,Qtr 3,Wednesday,56.3975
e6659f20,Toys,328.31,10,295.48,Credit Card,30/08/2024,2024,August,Qtr 3,Friday,32.831
ea529ab7,Books,92.21,50,46.1,Cash on Delivery,12/09/2024,2024,September,Qtr 3,Thursday,46.105
83bef224,Home & Kitchen,95.3,15,81,Net Banking,21/03/2024,2024,March,Qtr 1,Thursday,14.295
f14cd9dc,Toys,467.24,0,467.24,UPI,09/08/2024,2024,August,Qtr 3,Friday,0
97d33649,Sports,181.68,10,163.51,Debit Card,21/02/2024,2024,February,Qtr 1,Wednesday,18.168
0be6c0bb,Clothing,267.88,50,133.94,UPI,16/07/2024,2024,July,Qtr 3,Tuesday,133.94
09ed6fb4,Electronics,138.46,0,138.46,Cash on Delivery,22/05/2024,2024,May,Qtr 2,Wednesday,0
898f9c6d,Clothing,151.92,5,144.32,Credit Card,12/06/2024,2024,June,Qtr 2,Wednesday,7.596
116fecb8,Electronics,163.54,25,122.66,Debit Card,03/03/2024,2024,March,Qtr 1,Sunday,40.885
594294be,Beauty,286.09,30,200.26,Net Banking,05/06/2024,2024,June,Qtr 2,Wednesday,85.827
ad1e2bd6,Beauty,209.89,30,146.92,UPI,29/02/2024,2024,February,Qtr 1,Thursday,62.967
e45edb68,Toys,454.14,10,408.73,Net Banking,13/11/2024,2024,November,Qtr 4,Wednesday,45.414
39c35fd6,Home & Kitchen,87.6,25,65.7,UPI,16/05/2024,2024,May,Qtr 2,Thursday,21.9
3d958865,Beauty,223.73,30,156.61,Net Banking,31/07/2024,2024,July,Qtr 3,Wednesday,67.119
52ee67bc,Clothing,473.12,10,425.81,UPI,11/11/2024,2024,November,Qtr 4,Monday,47.312
00db7b85,Clothing,474.63,5,450.9,Net Banking,18/04/2024,2024,April,Qtr 2,Thursday,23.7315
d4336610,Books,351.26,10,316.13,Credit Card,20/11/2024,2024,November,Qtr 4,Wednesday,35.126
18fa5e20,Clothing,412.47,15,350.6,Cash on Delivery,07/08/2024,2024,August,Qtr 3,Wednesday,61.8705
c981b672,Sports,221.39,20,177.11,Debit Card,28/05/2024,2024,May,Qtr 2,Tuesday,44.278
66ab38ee,Clothing,47.18,0,47.18,Debit Card,17/01/2024,2024,January,Qtr 1,Wednesday,0
4f56d40d,Sports,363.37,50,181.69,Debit Card,17/05/2024,2024,May,Qtr 2,Friday,181.685
0f8a805d,Sports,116.06,0,116.06,Net Banking,17/10/2024,2024,October,Qtr 4,Thursday,0
7d67e3f1,Home & Kitchen,321.07,20,256.86,Cash on Delivery,08/07/2024,2024,July,Qtr 3,Monday,64.214
ab9fa9a3,Books,485.4,20,388.32,Credit Card,02/11/2024,2024,November,Qtr 4,Saturday,97.08
b428f6cc,Clothing,129.71,25,97.28,Cash on Delivery,18/05/2024,2024,May,Qtr 2,Saturday,32.4275
a03eaa0c,Clothing,481.63,20,385.3,Cash on Delivery,06/05/2024,2024,May,Qtr 2,Monday,96.326
6e2c9c02,Electronics,112,0,112,UPI,12/06/2024,2024,June,Qtr 2,Wednesday,0
5767f51e,Books,444.98,0,444.98,Cash on Delivery,22/03/2024,2024,March,Qtr 1,Friday,0
08f509e7,Beauty,226.97,25,170.23,Credit Card,21/10/2024,2024,October,Qtr 4,Monday,56.7425
0c414eaf,Electronics,412.98,20,330.38,Debit Card,06/10/2024,2024,October,Qtr 4,Sunday,82.596
f198455a,Electronics,306.97,20,245.58,Credit Card,07/03/2024,2024,March,Qtr 1,Thursday,61.394
c7060813,Books,479.52,15,407.59,UPI,25/09/2024,2024,September,Qtr 3,Wednesday,71.928
e235eaa8,Sports,422.68,15,359.28,UPI,02/02/2024,2024,February,Qtr 1,Friday,63.402
bc022fce,Toys,450.51,30,315.36,UPI,11/10/2024,2024,October,Qtr 4,Friday,135.153
c6a1341f,Clothing,337.72,5,320.83,Credit Card,26/05/2024,2024,May,Qtr 2,Sunday,16.886
1738af2a,Clothing,355.43,25,266.57,UPI,08/09/2024,2024,September,Qtr 3,Sunday,88.8575
5390cbdf,Sports,250.41,50,125.2,Debit Card,13/01/2024,2024,January,Qtr 1,Saturday,125.205
371ace0c,Beauty,258.08,25,193.56,Net Banking,19/06/2024,2024,June,Qtr 2,Wednesday,64.52
187108d8,Sports,61.98,0,61.98,Credit Card,17/01/2024,2024,January,Qtr 1,Wednesday,0
66f00c2d,Books,277.14,10,249.43,UPI,15/07/2024,2024,July,Qtr 3,Monday,27.714
376f737f,Electronics,181.62,50,90.81,Credit Card,24/10/2024,2024,October,Qtr 4,Thursday,90.81
7679f01b,Beauty,101.29,15,86.1,UPI,23/02/2024,2024,February,Qtr 1,Friday,15.1935
0513a984,Sports,399.69,25,299.77,Cash on Delivery,04/07/2024,2024,July,Qtr 3,Thursday,99.9225
f4658b9f,Books,181.69,10,163.52,Debit Card,09/02/2024,2024,February,Qtr 1,Friday,18.169
9826f69a,Clothing,138.51,15,117.73,Credit Card,20/02/2024,2024,February,Qtr 1,Tuesday,20.7765
39b5a2a7,Sports,360.88,30,252.62,Debit Card,23/09/2024,2024,September,Qtr 3,Monday,108.264
f720b9b7,Toys,152.43,20,121.94,Debit Card,02/04/2024,2024,April,Qtr 2,Tuesday,30.486
771ce878,Home & Kitchen,278.78,15,236.96,Debit Card,13/01/2024,2024,January,Qtr 1,Saturday,41.817
f1807b8c,Beauty,82.95,10,74.66,Credit Card,23/06/2024,2024,June,Qtr 2,Sunday,8.295
c78d307b,Sports,83.31,5,79.14,Debit Card,04/10/2024,2024,October,Qtr 4,Friday,4.1655
18571441,Books,268.14,0,268.14,Debit Card,02/06/2024,2024,June,Qtr 2,Sunday,0
4d7042f4,Sports,489.42,50,244.71,Cash on Delivery,20/08/2024,2024,August,Qtr 3,Tuesday,244.71
52b9a923,Home & Kitchen,210.4,0,210.4,Net Banking,23/05/2024,2024,May,Qtr 2,Thursday,0
f40a9b6d,Books,99.23,20,79.38,UPI,28/02/2024,2024,February,Qtr 1,Wednesday,19.846
0e01eaf1,Electronics,280.2,0,280.2,UPI,28/07/2024,2024,July,Qtr 3,Sunday,0
5b662387,Beauty,200.14,10,180.13,Credit Card,06/11/2024,2024,November,Qtr 4,Wednesday,20.014
c2b48c64,Home & Kitchen,388.45,15,330.18,Net Banking,19/04/2024,2024,April,Qtr 2,Friday,58.2675
4ae01f60,Electronics,429.43,50,214.72,Credit Card,04/08/2024,2024,August,Qtr 3,Sunday,214.715
3696bfd0,Toys,348.15,15,295.93,Debit Card,10/01/2024,2024,January,Qtr 1,Wednesday,52.2225
b5603d04,Books,176.6,0,176.6,Credit Card,12/03/2024,2024,March,Qtr 1,Tuesday,0
1a80943e,Beauty,228.74,0,228.74,UPI,04/07/2024,2024,July,Qtr 3,Thursday,0
e14e962f,Home & Kitchen,302.97,15,257.52,Cash on Delivery,09/07/2024,2024,July,Qtr 3,Tuesday,45.4455
2b3198dd,Beauty,117.7,25,88.28,Net Banking,11/08/2024,2024,August,Qtr 3,Sunday,29.425
8c24815e,Clothing,219.19,25,164.39,UPI,25/07/2024,2024,July,Qtr 3,Thursday,54.7975
e6ee5109,Home & Kitchen,137.74,30,96.42,Cash on Delivery,23/08/2024,2024,August,Qtr 3,Friday,41.322
a1aad5f0,Beauty,436.86,5,415.02,Net Banking,11/02/2024,2024,February,Qtr 1,Sunday,21.843
51d656fb,Sports,269.89,20,215.91,Net Banking,28/09/2024,2024,September,Qtr 3,Saturday,53.978
dc1a6629,Sports,81.82,10,73.64,Net Banking,05/06/2024,2024,June,Qtr 2,Wednesday,8.182
fcb88b64,Books,353.61,20,282.89,Credit Card,26/04/2024,2024,April,Qtr 2,Friday,70.722
0410a28c,Toys,37.73,15,32.07,Net Banking,27/04/2024,2024,April,Qtr 2,Saturday,5.6595
b1851eeb,Books,215.34,5,204.57,Credit Card,25/03/2024,2024,March,Qtr 1,Monday,10.767
128c7985,Toys,117.18,10,105.46,Debit Card,07/03/2024,2024,March,Qtr 1,Thursday,11.718
da8e2fdc,Beauty,451.22,5,428.66,Net Banking,29/03/2024,2024,March,Qtr 1,Friday,22.561
48f6819e,Beauty,382.83,30,267.98,Cash on Delivery,08/01/2024,2024,January,Qtr 1,Monday,114.849
13fcb9dd,Sports,213,50,106.5,Net Banking,08/01/2024,2024,January,Qtr 1,Monday,106.5
db68c3eb,Home & Kitchen,450.17,0,450.17,Credit Card,21/03/2024,2024,March,Qtr 1,Thursday,0
71466805,Home & Kitchen,251.98,50,125.99,UPI,31/07/2024,2024,July,Qtr 3,Wednesday,125.99
1e5bd791,Beauty,345.49,25,259.12,UPI,27/03/2024,2024,March,Qtr 1,Wednesday,86.3725
7dd71ecb,Beauty,431.89,15,367.11,Net Banking,03/02/2024,2024,February,Qtr 1,Saturday,64.7835
3c8ad6d6,Clothing,76.69,0,76.69,Debit Card,02/07/2024,2024,July,Qtr 3,Tuesday,0
e7267a38,Electronics,373.26,50,186.63,Credit Card,12/02/2024,2024,February,Qtr 1,Monday,186.63
33f0e5f8,Books,26.71,30,18.7,Cash on Delivery,05/06/2024,2024,June,Qtr 2,Wednesday,8.013
9cb99a90,Electronics,191.54,0,191.54,Debit Card,07/08/2024,2024,August,Qtr 3,Wednesday,0
a69f0bc8,Sports,473.96,25,355.47,UPI,03/04/2024,2024,April,Qtr 2,Wednesday,118.49
b1ae1119,Beauty,347.43,15,295.32,Net Banking,22/05/2024,2024,May,Qtr 2,Wednesday,52.1145
eb5ebf37,Clothing,200.63,5,190.6,Cash on Delivery,31/03/2024,2024,March,Qtr 1,Sunday,10.0315
116383a9,Home & Kitchen,47.45,25,35.59,Debit Card,22/05/2024,2024,May,Qtr 2,Wednesday,11.8625
fe8a21d2,Home & Kitchen,453.53,20,362.82,Debit Card,05/04/2024,2024,April,Qtr 2,Friday,90.706
81b75cf4,Clothing,378.95,20,303.16,Credit Card,21/11/2024,2024,November,Qtr 4,Thursday,75.79
b755ad6c,Sports,321.66,0,321.66,Credit Card,08/05/2024,2024,May,Qtr 2,Wednesday,0
e3fa60e2,Home & Kitchen,429.78,5,408.29,Debit Card,19/07/2024,2024,July,Qtr 3,Friday,21.489
74d77f27,Home & Kitchen,392.26,5,372.65,Net Banking,16/01/2024,2024,January,Qtr 1,Tuesday,19.613
a852ff82,Home & Kitchen,169.92,25,127.44,Net Banking,30/04/2024,2024,April,Qtr 2,Tuesday,42.48
a5464600,Beauty,344.08,30,240.86,Debit Card,17/04/2024,2024,April,Qtr 2,Wednesday,103.224
ee300046,Books,119.61,50,59.8,Debit Card,06/08/2024,2024,August,Qtr 3,Tuesday,59.805
a49da7a4,Toys,304.02,15,258.42,Net Banking,13/09/2024,2024,September,Qtr 3,Friday,45.603
2e541d01,Books,221.6,20,177.28,Credit Card,10/03/2024,2024,March,Qtr 1,Sunday,44.32
6c22afc7,Clothing,371.72,15,315.96,Net Banking,14/08/2024,2024,August,Qtr 3,Wednesday,55.758
e4aa32a0,Books,245.53,0,245.53,UPI,12/04/2024,2024,April,Qtr 2,Friday,0
09ca67b7,Home & Kitchen,435.73,50,217.87,Debit Card,23/07/2024,2024,July,Qtr 3,Tuesday,217.865
1672d24e,Beauty,399.88,5,379.89,Cash on Delivery,06/11/2024,2024,November,Qtr 4,Wednesday,19.994
a4b13791,Clothing,471.77,15,401,UPI,06/10/2024,2024,October,Qtr 4,Sunday,70.7655
a8343047,Electronics,451.25,30,315.88,Net Banking,10/06/2024,2024,June,Qtr 2,Monday,135.375
16424ec7,Toys,168.52,5,160.09,Net Banking,03/04/2024,2024,April,Qtr 2,Wednesday,8.426
ec4f4397,Home & Kitchen,272.8,30,190.96,Credit Card,08/05/2024,2024,May,Qtr 2,Wednesday,81.84
7c959ad5,Electronics,153.13,5,145.47,Credit Card,21/04/2024,2024,April,Qtr 2,Sunday,7.6565
9cf50531,Clothing,244.73,50,122.36,UPI,02/09/2024,2024,September,Qtr 3,Monday,122.365
3aec426f,Sports,74.64,30,52.25,Cash on Delivery,17/11/2024,2024,November,Qtr 4,Sunday,22.392
1e6e48c2,Sports,204.33,10,183.9,Credit Card,08/08/2024,2024,August,Qtr 3,Thursday,20.433
9328a910,Books,426.27,15,362.33,Cash on Delivery,20/09/2024,2024,September,Qtr 3,Friday,63.9405
ecbb43d3,Electronics,369.36,10,332.42,Credit Card,23/09/2024,2024,September,Qtr 3,Monday,36.936
a577d4b8,Electronics,384.61,0,384.61,UPI,29/02/2024,2024,February,Qtr 1,Thursday,0
317bca3f,Clothing,203.19,20,162.55,UPI,12/03/2024,2024,March,Qtr 1,Tuesday,40.638
2efb6b7f,Electronics,394.31,20,315.45,Credit Card,30/05/2024,2024,May,Qtr 2,Thursday,78.862
ed1ebaa0,Beauty,135.22,25,101.41,UPI,19/01/2024,2024,January,Qtr 1,Friday,33.805
eb1911f4,Toys,241.76,50,120.88,UPI,15/01/2024,2024,January,Qtr 1,Monday,120.88
260c8ec5,Toys,20.31,5,19.29,Net Banking,05/06/2024,2024,June,Qtr 2,Wednesday,1.0155
a8fc85ce,Toys,236.62,20,189.3,Debit Card,29/09/2024,2024,September,Qtr 3,Sunday,47.324
fb8277c8,Sports,250.72,0,250.72,Credit Card,18/08/2024,2024,August,Qtr 3,Sunday,0
afacdc15,Books,407.45,30,285.21,UPI,23/04/2024,2024,April,Qtr 2,Tuesday,122.235
06539e8b,Electronics,436.95,10,393.25,Credit Card,18/10/2024,2024,October,Qtr 4,Friday,43.695
f6e5828e,Toys,292.37,50,146.19,Debit Card,18/10/2024,2024,October,Qtr 4,Friday,146.185
7da79df6,Sports,63.8,0,63.8,Credit Card,12/09/2024,2024,September,Qtr 3,Thursday,0
29db5c37,Sports,462.49,15,393.12,Cash on Delivery,31/08/2024,2024,August,Qtr 3,Saturday,69.3735
c8e51376,Sports,122.14,5,116.03,Credit Card,08/05/2024,2024,May,Qtr 2,Wednesday,6.107
403ab1e9,Toys,430.8,50,215.4,UPI,03/04/2024,2024,April,Qtr 2,Wednesday,215.4
a458dc49,Books,245.54,15,208.71,Cash on Delivery,17/09/2024,2024,September,Qtr 3,Tuesday,36.831
aca0dcaf,Toys,411.1,30,287.77,Cash on Delivery,19/06/2024,2024,June,Qtr 2,Wednesday,123.33
a31224b8,Clothing,152.62,50,76.31,Credit Card,15/05/2024,2024,May,Qtr 2,Wednesday,76.31
695fccc3,Toys,141.24,50,70.62,Credit Card,24/09/2024,2024,September,Qtr 3,Tuesday,70.62
501b16d8,Electronics,419.81,15,356.84,Credit Card,09/04/2024,2024,April,Qtr 2,Tuesday,62.9715
7d7f6ad1,Clothing,389.67,0,389.67,Debit Card,04/06/2024,2024,June,Qtr 2,Tuesday,0
c814cdcc,Electronics,426.13,20,340.9,Credit Card,05/04/2024,2024,April,Qtr 2,Friday,85.226
c6b46864,Electronics,496.76,5,471.92,Cash on Delivery,10/03/2024,2024,March,Qtr 1,Sunday,24.838
5a627202,Electronics,109.99,15,93.49,Cash on Delivery,18/06/2024,2024,June,Qtr 2,Tuesday,16.4985
63fef598,Books,423.41,25,317.56,Cash on Delivery,04/06/2024,2024,June,Qtr 2,Tuesday,105.8525
00d8ac27,Home & Kitchen,59.42,20,47.54,UPI,18/11/2024,2024,November,Qtr 4,Monday,11.884
0b4f24e1,Clothing,14.4,20,11.52,Debit Card,21/05/2024,2024,May,Qtr 2,Tuesday,2.88
59dce1d0,Beauty,127.92,10,115.13,UPI,26/08/2024,2024,August,Qtr 3,Monday,12.792
d60ab6ad,Sports,190.26,0,190.26,Debit Card,15/01/2024,2024,January,Qtr 1,Monday,0
d9a0217a,Books,366.79,20,293.43,Cash on Delivery,22/03/2024,2024,March,Qtr 1,Friday,73.358
4720abd8,Home & Kitchen,238.92,25,179.19,Cash on Delivery,12/11/2024,2024,November,Qtr 4,Tuesday,59.73
c0e9ac8d,Books,105.61,10,95.05,Cash on Delivery,13/07/2024,2024,July,Qtr 3,Saturday,10.561
a9fa4694,Beauty,251.84,5,239.25,Credit Card,23/01/2024,2024,January,Qtr 1,Tuesday,12.592
c19814f1,Toys,482.78,30,337.95,Credit Card,01/07/2024,2024,July,Qtr 3,Monday,144.834
e7e2b27c,Toys,204.49,5,194.27,Debit Card,24/02/2024,2024,February,Qtr 1,Saturday,10.2245
f3b73afc,Electronics,364.65,5,346.42,Credit Card,22/02/2024,2024,February,Qtr 1,Thursday,18.2325
8a3d2683,Books,66.29,50,33.15,UPI,16/09/2024,2024,September,Qtr 3,Monday,33.145
fdc23ea4,Home & Kitchen,122.79,25,92.09,Debit Card,09/01/2024,2024,January,Qtr 1,Tuesday,30.6975
753861d7,Home & Kitchen,59.16,20,47.33,Cash on Delivery,25/03/2024,2024,March,Qtr 1,Monday,11.832
fe1668db,Toys,482.74,20,386.19,Cash on Delivery,08/03/2024,2024,March,Qtr 1,Friday,96.548
26dd0325,Toys,400.25,30,280.17,Credit Card,07/07/2024,2024,July,Qtr 3,Sunday,120.075
abdb1e26,Clothing,278.69,30,195.08,Credit Card,14/10/2024,2024,October,Qtr 4,Monday,83.607
86dbac6e,Books,446.45,5,424.13,UPI,15/10/2024,2024,October,Qtr 4,Tuesday,22.3225
942598dd,Toys,77.79,10,70.01,UPI,05/01/2024,2024,January,Qtr 1,Friday,7.779
aa467976,Clothing,126.91,20,101.53,Debit Card,07/09/2024,2024,September,Qtr 3,Saturday,25.382
c731ecdc,Toys,350.82,30,245.57,UPI,29/05/2024,2024,May,Qtr 2,Wednesday,105.246
9798d65d,Books,43.02,10,38.72,Net Banking,18/01/2024,2024,January,Qtr 1,Thursday,4.302
cfc35694,Toys,416.29,25,312.22,UPI,09/09/2024,2024,September,Qtr 3,Monday,104.0725
ae08fdb3,Books,128.2,15,108.97,Debit Card,30/09/2024,2024,September,Qtr 3,Monday,19.23
9e064b40,Toys,112.97,25,84.73,UPI,02/11/2024,2024,November,Qtr 4,Saturday,28.2425
4f2da9a6,Toys,221.92,20,177.54,Debit Card,21/08/2024,2024,August,Qtr 3,Wednesday,44.384
19769f0e,Toys,356.78,20,285.42,Debit Card,22/03/2024,2024,March,Qtr 1,Friday,71.356
40fcae03,Sports,309.92,30,216.94,Net Banking,22/08/2024,2024,August,Qtr 3,Thursday,92.976
afc39278,Books,400.63,30,280.44,UPI,15/03/2024,2024,March,Qtr 1,Friday,120.189
24315376,Books,377.55,50,188.78,UPI,25/08/2024,2024,August,Qtr 3,Sunday,188.775
968fb1ae,Beauty,382.33,15,324.98,Credit Card,09/09/2024,2024,September,Qtr 3,Monday,57.3495
7c9152e1,Beauty,215.61,15,183.27,Credit Card,01/03/2024,2024,March,Qtr 1,Friday,32.3415
1bc7e890,Books,352.89,10,317.6,UPI,02/02/2024,2024,February,Qtr 1,Friday,35.289
5f605f60,Clothing,403.98,15,343.38,Net Banking,08/09/2024,2024,September,Qtr 3,Sunday,60.597
ad562a2f,Beauty,19.44,15,16.52,Net Banking,30/07/2024,2024,July,Qtr 3,Tuesday,2.916
52a481f3,Toys,422.63,50,211.31,UPI,21/10/2024,2024,October,Qtr 4,Monday,211.315
95f589a9,Toys,302.73,30,211.91,UPI,24/05/2024,2024,May,Qtr 2,Friday,90.819
f5e44697,Beauty,71.26,0,71.26,Credit Card,03/09/2024,2024,September,Qtr 3,Tuesday,0
1d146f4a,Books,332.89,0,332.89,Net Banking,25/07/2024,2024,July,Qtr 3,Thursday,0
e4c02adc,Clothing,254.19,10,228.77,Credit Card,29/07/2024,2024,July,Qtr 3,Monday,25.419
5cf1d75f,Beauty,436.15,30,305.3,UPI,14/08/2024,2024,August,Qtr 3,Wednesday,130.845
0353de5b,Toys,379.65,30,265.75,Credit Card,04/11/2024,2024,November,Qtr 4,Monday,113.895
399a95fc,Toys,440.27,20,352.22,Cash on Delivery,01/04/2024,2024,April,Qtr 2,Monday,88.054
c5481eba,Toys,358.89,0,358.89,Net Banking,18/01/2024,2024,January,Qtr 1,Thursday,0
007d82ed,Home & Kitchen,463.05,15,393.59,Debit Card,06/04/2024,2024,April,Qtr 2,Saturday,69.4575
ee84c4d8,Clothing,14.66,50,7.33,Credit Card,15/05/2024,2024,May,Qtr 2,Wednesday,7.33
f3431ec8,Clothing,374.15,10,336.74,Net Banking,08/08/2024,2024,August,Qtr 3,Thursday,37.415
5b67f35f,Beauty,330.67,15,281.07,Credit Card,27/05/2024,2024,May,Qtr 2,Monday,49.6005
bec3ba15,Books,367.14,5,348.78,Net Banking,26/09/2024,2024,September,Qtr 3,Thursday,18.357
b3b50a4f,Electronics,96.93,50,48.47,Cash on Delivery,15/08/2024,2024,August,Qtr 3,Thursday,48.465
7a1822f3,Home & Kitchen,326.94,5,310.59,Net Banking,26/09/2024,2024,September,Qtr 3,Thursday,16.347
19250ed7,Sports,133.61,10,120.25,Cash on Delivery,06/01/2024,2024,January,Qtr 1,Saturday,13.361
6f5fd5f2,Electronics,319.29,50,159.65,UPI,22/07/2024,2024,July,Qtr 3,Monday,159.645
82036553,Home & Kitchen,473.16,30,331.21,Net Banking,23/09/2024,2024,September,Qtr 3,Monday,141.948
557f87a5,Electronics,261.33,30,182.93,Credit Card,23/04/2024,2024,April,Qtr 2,Tuesday,78.399
1b3596a1,Home & Kitchen,332.48,5,315.86,UPI,17/09/2024,2024,September,Qtr 3,Tuesday,16.624
7f9c9f2c,Clothing,180.06,5,171.06,Debit Card,20/03/2024,2024,March,Qtr 1,Wednesday,9.003
4fd21482,Home & Kitchen,478.62,5,454.69,Cash on Delivery,09/03/2024,2024,March,Qtr 1,Saturday,23.931
e8613d9e,Sports,391.77,30,274.24,UPI,23/05/2024,2024,May,Qtr 2,Thursday,117.531
2753195e,Beauty,194.6,50,97.3,UPI,19/11/2024,2024,November,Qtr 4,Tuesday,97.3
4aefa8a6,Electronics,145.56,50,72.78,Cash on Delivery,20/02/2024,2024,February,Qtr 1,Tuesday,72.78
d9b16d55,Toys,149.93,0,149.93,UPI,10/02/2024,2024,February,Qtr 1,Saturday,0
6908d999,Books,197.26,20,157.81,Cash on Delivery,03/06/2024,2024,June,Qtr 2,Monday,39.452
4be691f6,Books,125.47,15,106.65,Cash on Delivery,22/09/2024,2024,September,Qtr 3,Sunday,18.8205
13d4dd27,Sports,221.24,0,221.24,Net Banking,04/01/2024,2024,January,Qtr 1,Thursday,0
155fe399,Clothing,421.76,50,210.88,Credit Card,21/03/2024,2024,March,Qtr 1,Thursday,210.88
8ebce110,Sports,342.6,20,274.08,Net Banking,04/02/2024,2024,February,Qtr 1,Sunday,68.52
257af577,Beauty,380.5,25,285.38,UPI,07/08/2024,2024,August,Qtr 3,Wednesday,95.125
57dcfe4f,Electronics,435.45,0,435.45,Credit Card,14/01/2024,2024,January,Qtr 1,Sunday,0
8c2e9d07,Books,255.26,25,191.44,Net Banking,03/11/2024,2024,November,Qtr 4,Sunday,63.815
b1466009,Sports,142.92,25,107.19,Net Banking,24/08/2024,2024,August,Qtr 3,Saturday,35.73
449c33f0,Electronics,203.54,25,152.66,UPI,12/03/2024,2024,March,Qtr 1,Tuesday,50.885
48091eea,Electronics,71.16,0,71.16,Net Banking,01/08/2024,2024,August,Qtr 3,Thursday,0
b857395f,Books,484.89,20,387.91,Credit Card,01/05/2024,2024,May,Qtr 2,Wednesday,96.978
cd23f9b3,Home & Kitchen,431.84,10,388.66,Credit Card,18/07/2024,2024,July,Qtr 3,Thursday,43.184
50483cad,Books,236.16,15,200.74,Net Banking,29/02/2024,2024,February,Qtr 1,Thursday,35.424
2a238fbc,Electronics,319.55,25,239.66,UPI,21/09/2024,2024,September,Qtr 3,Saturday,79.8875
dc5e478b,Clothing,132.67,15,112.77,Cash on Delivery,20/10/2024,2024,October,Qtr 4,Sunday,19.9005
b24bd3b7,Toys,112.35,5,106.73,Credit Card,22/02/2024,2024,February,Qtr 1,Thursday,5.6175
26503871,Books,170.5,10,153.45,Cash on Delivery,22/10/2024,2024,October,Qtr 4,Tuesday,17.05
065012c5,Electronics,287.69,10,258.92,UPI,13/02/2024,2024,February,Qtr 1,Tuesday,28.769
d312906a,Toys,216.75,0,216.75,UPI,28/05/2024,2024,May,Qtr 2,Tuesday,0
5136adde,Electronics,37.79,10,34.01,Net Banking,08/05/2024,2024,May,Qtr 2,Wednesday,3.779
d0e8803c,Books,100.23,50,50.12,Net Banking,31/05/2024,2024,May,Qtr 2,Friday,50.115
1962082e,Beauty,453.66,0,453.66,Cash on Delivery,29/07/2024,2024,July,Qtr 3,Monday,0
b753077b,Toys,401.54,10,361.39,Debit Card,14/09/2024,2024,September,Qtr 3,Saturday,40.154
8ce64055,Beauty,442.41,15,376.05,Debit Card,19/03/2024,2024,March,Qtr 1,Tuesday,66.3615
101938a5,Electronics,224.56,50,112.28,Cash on Delivery,19/10/2024,2024,October,Qtr 4,Saturday,112.28
292307da,Clothing,435.97,15,370.57,UPI,18/08/2024,2024,August,Qtr 3,Sunday,65.3955
b805a15f,Electronics,398.25,15,338.51,Net Banking,05/04/2024,2024,April,Qtr 2,Friday,59.7375
fbef474d,Toys,262.8,0,262.8,Credit Card,18/03/2024,2024,March,Qtr 1,Monday,0
dcaca6db,Home & Kitchen,257.67,0,257.67,Debit Card,04/11/2024,2024,November,Qtr 4,Monday,0
7a7d8d61,Toys,410.07,50,205.03,Cash on Delivery,05/09/2024,2024,September,Qtr 3,Thursday,205.035
34e04e99,Toys,51.33,20,41.06,Credit Card,08/09/2024,2024,September,Qtr 3,Sunday,10.266
b2eb65f3,Beauty,28.77,10,25.89,Debit Card,06/09/2024,2024,September,Qtr 3,Friday,2.877
861f12bb,Clothing,130.27,20,104.22,Cash on Delivery,18/04/2024,2024,April,Qtr 2,Thursday,26.054
f1c5f192,Beauty,113.72,50,56.86,UPI,01/11/2024,2024,November,Qtr 4,Friday,56.86
de8c7e00,Beauty,306.77,50,153.38,Net Banking,01/06/2024,2024,June,Qtr 2,Saturday,153.385
79b8569c,Home & Kitchen,68.53,0,68.53,Debit Card,21/10/2024,2024,October,Qtr 4,Monday,0
a5ed8855,Electronics,186.96,20,149.57,Credit Card,06/08/2024,2024,August,Qtr 3,Tuesday,37.392
c2f278b8,Sports,496.79,5,471.95,Credit Card,10/05/2024,2024,May,Qtr 2,Friday,24.8395
f9e89622,Books,479.63,0,479.63,UPI,12/04/2024,2024,April,Qtr 2,Friday,0
c9aee337,Sports,235.86,20,188.69,Net Banking,31/10/2024,2024,October,Qtr 4,Thursday,47.172
eb72f968,Beauty,74.55,30,52.18,Cash on Delivery,23/07/2024,2024,July,Qtr 3,Tuesday,22.365
6e91de44,Home & Kitchen,269.25,30,188.47,UPI,09/10/2024,2024,October,Qtr 4,Wednesday,80.775
f581d1f7,Books,66.37,25,49.78,Cash on Delivery,09/09/2024,2024,September,Qtr 3,Monday,16.5925
a9f8e515,Toys,122.84,5,116.7,UPI,26/04/2024,2024,April,Qtr 2,Friday,6.142
bb542976,Electronics,209.68,5,199.2,Cash on Delivery,28/04/2024,2024,April,Qtr 2,Sunday,10.484
028809d1,Home & Kitchen,243.62,20,194.9,Credit Card,13/07/2024,2024,July,Qtr 3,Saturday,48.724
8b660196,Sports,421.25,25,315.94,Cash on Delivery,16/04/2024,2024,April,Qtr 2,Tuesday,105.3125
5516b600,Beauty,281.6,50,140.8,Net Banking,29/04/2024,2024,April,Qtr 2,Monday,140.8
77c9aa5b,Clothing,355.16,10,319.64,UPI,28/04/2024,2024,April,Qtr 2,Sunday,35.516
d1dd56ce,Clothing,172.78,5,164.14,Debit Card,01/06/2024,2024,June,Qtr 2,Saturday,8.639
8b67d82f,Electronics,96.27,30,67.39,Credit Card,23/09/2024,2024,September,Qtr 3,Monday,28.881
55ade9bd,Sports,286.09,10,257.48,Cash on Delivery,12/09/2024,2024,September,Qtr 3,Thursday,28.609
70536778,Home & Kitchen,407.47,30,285.23,Credit Card,05/10/2024,2024,October,Qtr 4,Saturday,122.241
98cb1265,Clothing,230.18,10,207.16,Net Banking,26/10/2024,2024,October,Qtr 4,Saturday,23.018
db0be3ef,Home & Kitchen,473.05,50,236.53,Net Banking,23/08/2024,2024,August,Qtr 3,Friday,236.525
b4fffe29,Clothing,126.42,5,120.1,Net Banking,31/01/2024,2024,January,Qtr 1,Wednesday,6.321
9f8bb54c,Electronics,357.02,5,339.17,Credit Card,11/02/2024,2024,February,Qtr 1,Sunday,17.851
03aa0d65,Home & Kitchen,114.6,5,108.87,Cash on Delivery,26/10/2024,2024,October,Qtr 4,Saturday,5.73
2589f4a9,Beauty,483.93,50,241.97,Debit Card,10/09/2024,2024,September,Qtr 3,Tuesday,241.965
dbea38e1,Electronics,410.02,30,287.01,Net Banking,29/03/2024,2024,March,Qtr 1,Friday,123.006
f6207bb8,Home & Kitchen,39.29,15,33.4,Credit Card,22/09/2024,2024,September,Qtr 3,Sunday,5.8935
20603af4,Home & Kitchen,143.25,20,114.6,UPI,15/07/2024,2024,July,Qtr 3,Monday,28.65
222d2020,Sports,487.54,50,243.77,Net Banking,14/04/2024,2024,April,Qtr 2,Sunday,243.77
1f5cc3ae,Toys,84.34,50,42.17,Net Banking,20/08/2024,2024,August,Qtr 3,Tuesday,42.17
86b387f6,Electronics,83.69,10,75.32,UPI,05/05/2024,2024,May,Qtr 2,Sunday,8.369
7b339542,Electronics,412.56,50,206.28,Net Banking,16/06/2024,2024,June,Qtr 2,Sunday,206.28
b1b2edb7,Toys,83.48,50,41.74,Net Banking,04/03/2024,2024,March,Qtr 1,Monday,41.74
c6d36874,Clothing,422.69,20,338.15,Net Banking,28/04/2024,2024,April,Qtr 2,Sunday,84.538
fb1b3d3f,Toys,110.52,20,88.42,Credit Card,04/10/2024,2024,October,Qtr 4,Friday,22.104
a3ffda9b,Electronics,307.25,10,276.53,Cash on Delivery,23/10/2024,2024,October,Qtr 4,Wednesday,30.725
e47fbc15,Books,83.16,0,83.16,Net Banking,24/04/2024,2024,April,Qtr 2,Wednesday,0
48d6fb7f,Beauty,33.33,10,30,Credit Card,17/11/2024,2024,November,Qtr 4,Sunday,3.333
c9aec1e2,Books,96.23,20,76.98,Debit Card,19/07/2024,2024,July,Qtr 3,Friday,19.246
52a3c1ff,Clothing,246.49,15,209.52,UPI,28/08/2024,2024,August,Qtr 3,Wednesday,36.9735
3937299c,Books,414.86,50,207.43,Net Banking,24/04/2024,2024,April,Qtr 2,Wednesday,207.43
d8d9cf8b,Electronics,87.2,5,82.84,UPI,15/10/2024,2024,October,Qtr 4,Tuesday,4.36
8d992fcd,Electronics,15.67,5,14.89,Net Banking,10/01/2024,2024,January,Qtr 1,Wednesday,0.7835
eccbc70c,Beauty,396.59,15,337.1,Debit Card,17/05/2024,2024,May,Qtr 2,Friday,59.4885
e1e7e360,Books,64.47,15,54.8,Net Banking,18/09/2024,2024,September,Qtr 3,Wednesday,9.6705
af47fc4e,Books,364.19,10,327.77,Net Banking,01/05/2024,2024,May,Qtr 2,Wednesday,36.419
03eadaf0,Beauty,265.86,15,225.98,Net Banking,14/10/2024,2024,October,Qtr 4,Monday,39.879
a61e1a8f,Clothing,202.03,25,151.52,Net Banking,19/08/2024,2024,August,Qtr 3,Monday,50.5075
9c7914f5,Toys,340.26,5,323.25,Net Banking,09/01/2024,2024,January,Qtr 1,Tuesday,17.013
e452c507,Clothing,84.13,30,58.89,Credit Card,27/04/2024,2024,April,Qtr 2,Saturday,25.239
b90a8b2c,Home & Kitchen,72.96,5,69.31,Credit Card,27/08/2024,2024,August,Qtr 3,Tuesday,3.648
acba07dd,Home & Kitchen,412.27,20,329.82,UPI,21/08/2024,2024,August,Qtr 3,Wednesday,82.454
dbf58ab7,Electronics,16.08,30,11.26,Credit Card,15/03/2024,2024,March,Qtr 1,Friday,4.824
8.4E+37,Beauty,13.43,10,12.09,Credit Card,31/03/2024,2024,March,Qtr 1,Sunday,1.343
7ab838a2,Sports,375.79,30,263.05,Cash on Delivery,05/04/2024,2024,April,Qtr 2,Friday,112.737
ac98d8ba,Books,184.8,30,129.36,Debit Card,01/10/2024,2024,October,Qtr 4,Tuesday,55.44
d7c5fdbb,Toys,15.56,10,14,Debit Card,24/01/2024,2024,January,Qtr 1,Wednesday,1.556
1a6c5c08,Sports,197.79,30,138.45,UPI,18/02/2024,2024,February,Qtr 1,Sunday,59.337
d817723a,Books,175.77,25,131.83,Credit Card,13/05/2024,2024,May,Qtr 2,Monday,43.9425
88c35a80,Beauty,174.56,0,174.56,Credit Card,24/09/2024,2024,September,Qtr 3,Tuesday,0
e6e322f8,Beauty,279.38,20,223.5,Net Banking,24/02/2024,2024,February,Qtr 1,Saturday,55.876
d0138d14,Clothing,129.52,25,97.14,Cash on Delivery,08/11/2024,2024,November,Qtr 4,Friday,32.38
9ea9ff00,Clothing,125.93,20,100.74,Net Banking,14/06/2024,2024,June,Qtr 2,Friday,25.186
e733dc52,Books,78.34,25,58.76,Net Banking,09/06/2024,2024,June,Qtr 2,Sunday,19.585
d7329afe,Sports,23.85,20,19.08,Cash on Delivery,10/10/2024,2024,October,Qtr 4,Thursday,4.77
c0811288,Home & Kitchen,209.44,15,178.02,Credit Card,21/02/2024,2024,February,Qtr 1,Wednesday,31.416
7c5e50fe,Electronics,291.97,15,248.17,Debit Card,06/02/2024,2024,February,Qtr 1,Tuesday,43.7955
29b3c37a,Electronics,401.11,5,381.05,Net Banking,29/08/2024,2024,August,Qtr 3,Thursday,20.0555
f8d08b85,Books,335.49,0,335.49,Net Banking,18/09/2024,2024,September,Qtr 3,Wednesday,0
36848d01,Clothing,58.24,50,29.12,Credit Card,07/01/2024,2024,January,Qtr 1,Sunday,29.12
b96be743,Toys,164.37,30,115.06,Net Banking,18/02/2024,2024,February,Qtr 1,Sunday,49.311
9f5fd63c,Beauty,99.36,5,94.39,Net Banking,16/08/2024,2024,August,Qtr 3,Friday,4.968
812fe840,Sports,351.99,10,316.79,Net Banking,17/09/2024,2024,September,Qtr 3,Tuesday,35.199
d42bcbcb,Books,365.39,5,347.12,Credit Card,15/07/2024,2024,July,Qtr 3,Monday,18.2695
52516742,Toys,12.32,10,11.09,Cash on Delivery,22/01/2024,2024,January,Qtr 1,Monday,1.232
27e9dd51,Sports,355.88,5,338.09,UPI,22/01/2024,2024,January,Qtr 1,Monday,17.794
5e956744,Beauty,462.7,15,393.29,Debit Card,25/09/2024,2024,September,Qtr 3,Wednesday,69.405
8a35a896,Clothing,308.66,5,293.23,UPI,25/10/2024,2024,October,Qtr 4,Friday,15.433
3c499277,Sports,155.2,30,108.64,Credit Card,03/05/2024,2024,May,Qtr 2,Friday,46.56
799f099f,Beauty,143.63,25,107.72,Debit Card,16/01/2024,2024,January,Qtr 1,Tuesday,35.9075
9aec0029,Clothing,23.78,5,22.59,Net Banking,29/04/2024,2024,April,Qtr 2,Monday,1.189
45ae61a8,Electronics,365.38,50,182.69,UPI,02/08/2024,2024,August,Qtr 3,Friday,182.69
7ced0b56,Sports,156.89,50,78.44,UPI,02/08/2024,2024,August,Qtr 3,Friday,78.445
47a50dbd,Books,429.37,50,214.69,Credit Card,31/10/2024,2024,October,Qtr 4,Thursday,214.685
01c083f3,Home & Kitchen,197.66,15,168.01,UPI,04/10/2024,2024,October,Qtr 4,Friday,29.649
e077268b,Beauty,167.31,20,133.85,Cash on Delivery,10/01/2024,2024,January,Qtr 1,Wednesday,33.462
470c391e,Toys,494.3,20,395.44,Cash on Delivery,12/01/2024,2024,January,Qtr 1,Friday,98.86
451cdc5b,Home & Kitchen,115.09,10,103.58,Debit Card,16/08/2024,2024,August,Qtr 3,Friday,11.509
a48689fb,Sports,140.42,0,140.42,Cash on Delivery,28/05/2024,2024,May,Qtr 2,Tuesday,0
8f4a3a26,Home & Kitchen,263.55,50,131.78,Debit Card,10/11/2024,2024,November,Qtr 4,Sunday,131.775
3f62d926,Home & Kitchen,23.62,15,20.08,UPI,22/04/2024,2024,April,Qtr 2,Monday,3.543
f7cd3439,Clothing,181.26,50,90.63,Cash on Delivery,26/06/2024,2024,June,Qtr 2,Wednesday,90.63
1699a74b,Books,389.82,25,292.37,UPI,25/08/2024,2024,August,Qtr 3,Sunday,97.455
784fd769,Sports,347.3,0,347.3,UPI,10/07/2024,2024,July,Qtr 3,Wednesday,0
a6c5b4a7,Books,73.29,0,73.29,UPI,01/09/2024,2024,September,Qtr 3,Sunday,0
8e379422,Electronics,308.09,0,308.09,Credit Card,11/03/2024,2024,March,Qtr 1,Monday,0
7fc7c936,Clothing,341.04,10,306.94,Debit Card,10/01/2024,2024,January,Qtr 1,Wednesday,34.104
1c98d9cb,Clothing,268.87,10,241.98,Debit Card,09/09/2024,2024,September,Qtr 3,Monday,26.887
4e6186ba,Electronics,30.54,25,22.91,Debit Card,04/05/2024,2024,May,Qtr 2,Saturday,7.635
2e1fecb3,Toys,326.97,20,261.58,Credit Card,24/05/2024,2024,May,Qtr 2,Friday,65.394
96af0aa4,Sports,143.47,25,107.6,Debit Card,07/06/2024,2024,June,Qtr 2,Friday,35.8675
99caeb2a,Books,243.15,50,121.58,Debit Card,15/10/2024,2024,October,Qtr 4,Tuesday,121.575
48d36506,Home & Kitchen,422.47,15,359.1,Debit Card,27/10/2024,2024,October,Qtr 4,Sunday,63.3705
577a37c4,Books,243.06,10,218.75,UPI,03/08/2024,2024,August,Qtr 3,Saturday,24.306
bba4c3f8,Home & Kitchen,179.92,25,134.94,Net Banking,07/01/2024,2024,January,Qtr 1,Sunday,44.98
8814e19d,Books,95.75,5,90.96,UPI,10/05/2024,2024,May,Qtr 2,Friday,4.7875
e08353ad,Electronics,398.4,10,358.56,Debit Card,10/06/2024,2024,June,Qtr 2,Monday,39.84
6e583aa2,Toys,447.35,0,447.35,Net Banking,13/05/2024,2024,May,Qtr 2,Monday,0
cd315692,Home & Kitchen,481.84,5,457.75,UPI,29/08/2024,2024,August,Qtr 3,Thursday,24.092
f01ebb7e,Toys,112.69,15,95.79,Credit Card,13/03/2024,2024,March,Qtr 1,Wednesday,16.9035
db220edd,Electronics,466.59,50,233.29,Net Banking,19/04/2024,2024,April,Qtr 2,Friday,233.295
d4184040,Toys,37.83,5,35.94,Credit Card,12/10/2024,2024,October,Qtr 4,Saturday,1.8915
60b3a0d1,Beauty,197.76,0,197.76,Debit Card,28/10/2024,2024,October,Qtr 4,Monday,0
077651c7,Sports,308.9,30,216.23,Cash on Delivery,14/04/2024,2024,April,Qtr 2,Sunday,92.67
7ce9d2ad,Home & Kitchen,169.15,0,169.15,Debit Card,17/03/2024,2024,March,Qtr 1,Sunday,0
b9fba9b9,Sports,220.98,30,154.69,Net Banking,23/05/2024,2024,May,Qtr 2,Thursday,66.294
82dd0dcb,Home & Kitchen,218.58,5,207.65,Debit Card,06/08/2024,2024,August,Qtr 3,Tuesday,10.929
ac83afcb,Clothing,259.42,20,207.54,Cash on Delivery,05/04/2024,2024,April,Qtr 2,Friday,51.884
20838914,Toys,369.33,5,350.86,UPI,30/06/2024,2024,June,Qtr 2,Sunday,18.4665
2d4ac994,Electronics,424.82,50,212.41,Cash on Delivery,31/01/2024,2024,January,Qtr 1,Wednesday,212.41
b4f1a440,Sports,426.82,20,341.46,Credit Card,29/03/2024,2024,March,Qtr 1,Friday,85.364
50d80b4e,Clothing,50.89,20,40.71,Credit Card,20/06/2024,2024,June,Qtr 2,Thursday,10.178
ca8ce9be,Toys,362.6,20,290.08,Cash on Delivery,17/05/2024,2024,May,Qtr 2,Friday,72.52
2ce28bf9,Clothing,150.55,25,112.91,Cash on Delivery,15/01/2024,2024,January,Qtr 1,Monday,37.6375
2d6ba8ae,Beauty,48.18,50,24.09,Cash on Delivery,01/10/2024,2024,October,Qtr 4,Tuesday,24.09
e4637540,Beauty,138.64,20,110.91,Credit Card,08/10/2024,2024,October,Qtr 4,Tuesday,27.728
40d1379a,Electronics,274.22,25,205.67,Net Banking,19/03/2024,2024,March,Qtr 1,Tuesday,68.555
23921511,Beauty,327.53,30,229.27,Credit Card,01/02/2024,2024,February,Qtr 1,Thursday,98.259
c1022ceb,Clothing,477.1,15,405.54,Cash on Delivery,16/11/2024,2024,November,Qtr 4,Saturday,71.565
dfa876d1,Beauty,213.97,50,106.98,UPI,25/10/2024,2024,October,Qtr 4,Friday,106.985
268cf1de,Sports,305.91,20,244.73,Debit Card,11/09/2024,2024,September,Qtr 3,Wednesday,61.182
cf9beee8,Books,109.77,10,98.79,Credit Card,16/11/2024,2024,November,Qtr 4,Saturday,10.977
ac0a5a11,Beauty,42.93,0,42.93,UPI,04/11/2024,2024,November,Qtr 4,Monday,0
9e6874ab,Books,387.69,25,290.77,Net Banking,19/09/2024,2024,September,Qtr 3,Thursday,96.9225
68dfdbfb,Sports,64.68,30,45.28,Credit Card,14/07/2024,2024,July,Qtr 3,Sunday,19.404
f747c9ed,Home & Kitchen,55,15,46.75,UPI,11/10/2024,2024,October,Qtr 4,Friday,8.25
c640c4ac,Toys,261.36,10,235.22,Credit Card,23/07/2024,2024,July,Qtr 3,Tuesday,26.136
e5a5e18d,Home & Kitchen,415.54,10,373.99,Cash on Delivery,05/03/2024,2024,March,Qtr 1,Tuesday,41.554
6839399d,Sports,291.5,25,218.62,Net Banking,18/08/2024,2024,August,Qtr 3,Sunday,72.875
4e4016fc,Books,56.4,5,53.58,Debit Card,30/08/2024,2024,August,Qtr 3,Friday,2.82
1117a729,Toys,63.96,5,60.76,UPI,15/09/2024,2024,September,Qtr 3,Sunday,3.198
3c3c8f20,Home & Kitchen,246.62,0,246.62,Debit Card,31/05/2024,2024,May,Qtr 2,Friday,0
e207d13a,Books,61.7,5,58.62,UPI,24/02/2024,2024,February,Qtr 1,Saturday,3.085
77809d5c,Books,434.51,15,369.33,Credit Card,15/07/2024,2024,July,Qtr 3,Monday,65.1765
3b12089e,Clothing,350.78,10,315.7,Debit Card,24/06/2024,2024,June,Qtr 2,Monday,35.078
22b16d50,Books,137.81,10,124.03,Debit Card,27/10/2024,2024,October,Qtr 4,Sunday,13.781
fdadd527,Beauty,18.74,5,17.8,Debit Card,19/09/2024,2024,September,Qtr 3,Thursday,0.937
31c5ddc8,Toys,457.22,5,434.36,Net Banking,02/10/2024,2024,October,Qtr 4,Wednesday,22.861
46ce5341,Toys,233.57,0,233.57,Cash on Delivery,18/08/2024,2024,August,Qtr 3,Sunday,0
8db52810,Electronics,136.96,25,102.72,UPI,31/10/2024,2024,October,Qtr 4,Thursday,34.24
b370acb7,Clothing,440.6,25,330.45,UPI,02/05/2024,2024,May,Qtr 2,Thursday,110.15
25a0d325,Electronics,267.99,5,254.59,Cash on Delivery,03/11/2024,2024,November,Qtr 4,Sunday,13.3995
b505dce0,Beauty,80.57,25,60.43,Net Banking,28/04/2024,2024,April,Qtr 2,Sunday,20.1425
ffb59cb8,Sports,417.36,0,417.36,Cash on Delivery,14/02/2024,2024,February,Qtr 1,Wednesday,0
125e7014,Electronics,294.52,10,265.07,Net Banking,24/01/2024,2024,January,Qtr 1,Wednesday,29.452
3bb0a7a9,Sports,375,20,300,UPI,03/03/2024,2024,March,Qtr 1,Sunday,75
060cf692,Sports,60.63,25,45.47,UPI,21/03/2024,2024,March,Qtr 1,Thursday,15.1575
00812bf1,Clothing,214.26,10,192.83,Cash on Delivery,24/01/2024,2024,January,Qtr 1,Wednesday,21.426
bebeda1a,Home & Kitchen,131.08,50,65.54,Net Banking,22/04/2024,2024,April,Qtr 2,Monday,65.54
661c6fad,Clothing,395.41,10,355.87,Cash on Delivery,13/08/2024,2024,August,Qtr 3,Tuesday,39.541
c7fbbb37,Electronics,477,25,357.75,Credit Card,29/07/2024,2024,July,Qtr 3,Monday,119.25
22d2eefa,Electronics,314.34,50,157.17,Credit Card,12/03/2024,2024,March,Qtr 1,Tuesday,157.17
9d02cd04,Clothing,232.51,20,186.01,Debit Card,15/02/2024,2024,February,Qtr 1,Thursday,46.502
315b7094,Books,306.61,20,245.29,Net Banking,03/05/2024,2024,May,Qtr 2,Friday,61.322
efaf3f1e,Beauty,271.74,30,190.22,Cash on Delivery,23/03/2024,2024,March,Qtr 1,Saturday,81.522
14a4d873,Sports,363.52,30,254.46,Net Banking,08/02/2024,2024,February,Qtr 1,Thursday,109.056
c44db413,Electronics,304.33,50,152.16,Credit Card,01/01/2024,2024,January,Qtr 1,Monday,152.165
288cd987,Beauty,403.2,10,362.88,Debit Card,20/01/2024,2024,January,Qtr 1,Saturday,40.32
82db2175,Electronics,317.23,30,222.06,UPI,19/06/2024,2024,June,Qtr 2,Wednesday,95.169
038db720,Home & Kitchen,325.63,50,162.81,Debit Card,14/04/2024,2024,April,Qtr 2,Sunday,162.815
c502b838,Electronics,443.94,5,421.74,Cash on Delivery,11/05/2024,2024,May,Qtr 2,Saturday,22.197
c0f8e7f5,Books,105.16,5,99.9,Net Banking,27/08/2024,2024,August,Qtr 3,Tuesday,5.258
aa91713c,Home & Kitchen,95.11,20,76.09,Cash on Delivery,21/09/2024,2024,September,Qtr 3,Saturday,19.022
b914b76f,Toys,231.11,20,184.89,UPI,13/11/2024,2024,November,Qtr 4,Wednesday,46.222
48cd8d57,Home & Kitchen,89.92,50,44.96,Net Banking,23/01/2024,2024,January,Qtr 1,Tuesday,44.96
495bd9f4,Home & Kitchen,293.2,50,146.6,Net Banking,16/02/2024,2024,February,Qtr 1,Friday,146.6
f33c5a33,Electronics,171.28,30,119.9,Debit Card,30/10/2024,2024,October,Qtr 4,Wednesday,51.384
b17a752f,Beauty,476.57,5,452.74,Credit Card,23/09/2024,2024,September,Qtr 3,Monday,23.8285
e54968ff,Sports,323.84,30,226.69,Debit Card,16/02/2024,2024,February,Qtr 1,Friday,97.152
cdeb4b21,Sports,430.99,30,301.69,Credit Card,15/07/2024,2024,July,Qtr 3,Monday,129.297
0a89bdec,Home & Kitchen,74.43,15,63.27,Cash on Delivery,27/02/2024,2024,February,Qtr 1,Tuesday,11.1645
c729f44a,Clothing,390.11,0,390.11,Net Banking,24/03/2024,2024,March,Qtr 1,Sunday,0
b74485f8,Beauty,311.55,25,233.66,Credit Card,07/01/2024,2024,January,Qtr 1,Sunday,77.8875
a687c77e,Toys,136.17,10,122.55,Net Banking,15/06/2024,2024,June,Qtr 2,Saturday,13.617
0c36392d,Beauty,290.57,5,276.04,Cash on Delivery,06/11/2024,2024,November,Qtr 4,Wednesday,14.5285
c4486290,Beauty,465.37,50,232.69,Credit Card,04/09/2024,2024,September,Qtr 3,Wednesday,232.685
4fdb0ac1,Home & Kitchen,98.93,0,98.93,UPI,30/10/2024,2024,October,Qtr 4,Wednesday,0
81c869a4,Sports,468.2,10,421.38,Credit Card,09/11/2024,2024,November,Qtr 4,Saturday,46.82
d0d5cc3f,Books,146.93,20,117.54,Debit Card,10/10/2024,2024,October,Qtr 4,Thursday,29.386
543db6cb,Toys,481.22,5,457.16,Debit Card,05/11/2024,2024,November,Qtr 4,Tuesday,24.061
45f3661b,Home & Kitchen,51.83,50,25.91,Debit Card,11/10/2024,2024,October,Qtr 4,Friday,25.915
a495b1c7,Books,221.27,30,154.89,Cash on Delivery,09/08/2024,2024,August,Qtr 3,Friday,66.381
514c5365,Clothing,39.97,20,31.98,Cash on Delivery,11/06/2024,2024,June,Qtr 2,Tuesday,7.994
e0d4ca51,Beauty,219.61,15,186.67,Net Banking,20/03/2024,2024,March,Qtr 1,Wednesday,32.9415
927e4946,Sports,153.68,25,115.26,UPI,21/07/2024,2024,July,Qtr 3,Sunday,38.42
b153ddb0,Clothing,393.56,25,295.17,Net Banking,21/07/2024,2024,July,Qtr 3,Sunday,98.39
6e218819,Clothing,27.49,20,21.99,Net Banking,02/05/2024,2024,May,Qtr 2,Thursday,5.498
90c1895c,Home & Kitchen,279.28,5,265.32,Credit Card,02/06/2024,2024,June,Qtr 2,Sunday,13.964
dd8674d1,Electronics,77.45,20,61.96,Cash on Delivery,14/05/2024,2024,May,Qtr 2,Tuesday,15.49
5930f5c1,Sports,226.49,10,203.84,Debit Card,04/10/2024,2024,October,Qtr 4,Friday,22.649
6fc35e9b,Beauty,111.14,0,111.14,Cash on Delivery,28/03/2024,2024,March,Qtr 1,Thursday,0
41ea1235,Sports,323.64,50,161.82,Debit Card,05/02/2024,2024,February,Qtr 1,Monday,161.82
932cdbdb,Books,235.75,20,188.6,Cash on Delivery,08/08/2024,2024,August,Qtr 3,Thursday,47.15
e1310511,Home & Kitchen,40.1,5,38.09,Cash on Delivery,04/01/2024,2024,January,Qtr 1,Thursday,2.005
574e5f84,Home & Kitchen,379.07,20,303.26,Net Banking,03/10/2024,2024,October,Qtr 4,Thursday,75.814
7fb26e2e,Electronics,25.28,5,24.02,Net Banking,30/08/2024,2024,August,Qtr 3,Friday,1.264
a03903f5,Toys,340.18,20,272.14,Cash on Delivery,05/02/2024,2024,February,Qtr 1,Monday,68.036
8c8a9c64,Home & Kitchen,10.37,5,9.85,Credit Card,16/10/2024,2024,October,Qtr 4,Wednesday,0.5185
257a8ce9,Clothing,334.28,30,234,Credit Card,07/03/2024,2024,March,Qtr 1,Thursday,100.284
2fb02560,Beauty,160.13,15,136.11,UPI,27/01/2024,2024,January,Qtr 1,Saturday,24.0195
de1d3a1e,Sports,223.01,25,167.26,UPI,10/09/2024,2024,September,Qtr 3,Tuesday,55.7525
3b240cf4,Clothing,330.76,10,297.68,Debit Card,11/11/2024,2024,November,Qtr 4,Monday,33.076
55f14e41,Sports,345.47,25,259.1,Cash on Delivery,29/01/2024,2024,January,Qtr 1,Monday,86.3675
99e8f646,Books,404.19,15,343.56,Net Banking,28/02/2024,2024,February,Qtr 1,Wednesday,60.6285
1d2c993f,Clothing,328.44,10,295.6,Credit Card,28/09/2024,2024,September,Qtr 3,Saturday,32.844
8487fbc7,Books,152.84,5,145.2,Cash on Delivery,25/04/2024,2024,April,Qtr 2,Thursday,7.642
793fa422,Sports,353.96,10,318.56,Cash on Delivery,31/05/2024,2024,May,Qtr 2,Friday,35.396
d4104c7b,Clothing,151.55,10,136.4,Net Banking,13/11/2024,2024,November,Qtr 4,Wednesday,15.155
8b100551,Clothing,412.92,50,206.46,Cash on Delivery,07/03/2024,2024,March,Qtr 1,Thursday,206.46
c292a2d7,Clothing,326.52,10,293.87,Cash on Delivery,02/03/2024,2024,March,Qtr 1,Saturday,32.652
129e1ecd,Electronics,198.45,25,148.84,Cash on Delivery,23/05/2024,2024,May,Qtr 2,Thursday,49.6125
83ec11b2,Electronics,132.31,10,119.08,Credit Card,18/10/2024,2024,October,Qtr 4,Friday,13.231
f94d89b9,Electronics,359.46,50,179.73,Debit Card,23/02/2024,2024,February,Qtr 1,Friday,179.73
6ac71d68,Books,466.36,25,349.77,UPI,13/09/2024,2024,September,Qtr 3,Friday,116.59
a6c1a28f,Beauty,368.62,25,276.47,Debit Card,20/03/2024,2024,March,Qtr 1,Wednesday,92.155
03632dc7,Home & Kitchen,374.41,20,299.53,Debit Card,27/06/2024,2024,June,Qtr 2,Thursday,74.882
180900bc,Electronics,408.46,50,204.23,UPI,30/10/2024,2024,October,Qtr 4,Wednesday,204.23
473dac31,Toys,252.68,0,252.68,UPI,13/08/2024,2024,August,Qtr 3,Tuesday,0
e878819f,Books,302.72,50,151.36,UPI,07/10/2024,2024,October,Qtr 4,Monday,151.36
247db661,Electronics,335.31,25,251.48,Net Banking,13/09/2024,2024,September,Qtr 3,Friday,83.8275
8a55e87c,Books,253.05,20,202.44,Net Banking,19/05/2024,2024,May,Qtr 2,Sunday,50.61
bc1ed9fe,Sports,482.4,50,241.2,Debit Card,07/04/2024,2024,April,Qtr 2,Sunday,241.2
925cb565,Beauty,384.44,10,346,UPI,16/09/2024,2024,September,Qtr 3,Monday,38.444
54f1cc93,Toys,340.43,30,238.3,Cash on Delivery,01/06/2024,2024,June,Qtr 2,Saturday,102.129
8051cd77,Toys,323.46,10,291.11,Debit Card,03/07/2024,2024,July,Qtr 3,Wednesday,32.346
8a161e0a,Clothing,495.35,30,346.75,Debit Card,15/05/2024,2024,May,Qtr 2,Wednesday,148.605
ae7b7c68,Toys,422.7,0,422.7,Debit Card,20/09/2024,2024,September,Qtr 3,Friday,0
f648e9e7,Books,183.06,30,128.14,Cash on Delivery,11/08/2024,2024,August,Qtr 3,Sunday,54.918
f508691b,Sports,439.67,50,219.84,Debit Card,14/05/2024,2024,May,Qtr 2,Tuesday,219.835
30eccf94,Electronics,40.86,30,28.6,Credit Card,21/07/2024,2024,July,Qtr 3,Sunday,12.258
616c7917,Books,131.99,50,66,UPI,26/09/2024,2024,September,Qtr 3,Thursday,65.995
cfe50543,Clothing,264.43,0,264.43,UPI,11/02/2024,2024,February,Qtr 1,Sunday,0
fd4c3384,Sports,152.63,30,106.84,Debit Card,16/07/2024,2024,July,Qtr 3,Tuesday,45.789
3b05ed95,Toys,435.67,0,435.67,Debit Card,05/11/2024,2024,November,Qtr 4,Tuesday,0
afc46410,Books,458.34,0,458.34,UPI,21/10/2024,2024,October,Qtr 4,Monday,0
d8e74ba4,Electronics,201.3,5,191.24,Net Banking,19/03/2024,2024,March,Qtr 1,Tuesday,10.065
aaab560b,Toys,221.53,30,155.07,UPI,16/10/2024,2024,October,Qtr 4,Wednesday,66.459
117c47ed,Sports,475.5,10,427.95,Cash on Delivery,07/11/2024,2024,November,Qtr 4,Thursday,47.55
7c62af29,Beauty,293.84,15,249.76,UPI,04/09/2024,2024,September,Qtr 3,Wednesday,44.076
c6bd342a,Sports,367.27,25,275.45,UPI,21/08/2024,2024,August,Qtr 3,Wednesday,91.8175
fc5078d2,Beauty,89.92,25,67.44,Credit Card,09/08/2024,2024,August,Qtr 3,Friday,22.48
3f4a4d51,Electronics,422.91,10,380.62,Debit Card,28/04/2024,2024,April,Qtr 2,Sunday,42.291
fdf2e60c,Electronics,276.94,50,138.47,Credit Card,08/06/2024,2024,June,Qtr 2,Saturday,138.47
7d0b041c,Home & Kitchen,408.28,25,306.21,UPI,23/07/2024,2024,July,Qtr 3,Tuesday,102.07
0b37db24,Electronics,146.46,5,139.14,Net Banking,14/07/2024,2024,July,Qtr 3,Sunday,7.323
99f7c009,Home & Kitchen,389.59,10,350.63,Credit Card,08/08/2024,2024,August,Qtr 3,Thursday,38.959
2c3663ad,Electronics,273.61,30,191.53,UPI,02/02/2024,2024,February,Qtr 1,Friday,82.083
0639e3bd,Sports,373.25,10,335.93,Credit Card,16/04/2024,2024,April,Qtr 2,Tuesday,37.325
9488464d,Home & Kitchen,120.24,30,84.17,Credit Card,31/08/2024,2024,August,Qtr 3,Saturday,36.072
f1cc2d2c,Sports,195.46,0,195.46,UPI,28/06/2024,2024,June,Qtr 2,Friday,0
fd0e68a4,Sports,18.99,5,18.04,Debit Card,04/04/2024,2024,April,Qtr 2,Thursday,0.9495
f25a81cc,Books,124.31,50,62.16,UPI,19/06/2024,2024,June,Qtr 2,Wednesday,62.155
3a2348ca,Clothing,233.95,10,210.56,Cash on Delivery,09/08/2024,2024,August,Qtr 3,Friday,23.395
345947ca,Toys,291.38,10,262.24,Debit Card,13/09/2024,2024,September,Qtr 3,Friday,29.138
df026444,Electronics,108.86,5,103.42,Debit Card,21/10/2024,2024,October,Qtr 4,Monday,5.443
2e20a6a6,Beauty,201.42,20,161.14,UPI,28/05/2024,2024,May,Qtr 2,Tuesday,40.284
8e00f191,Home & Kitchen,129.48,15,110.06,Credit Card,19/11/2024,2024,November,Qtr 4,Tuesday,19.422
451f1008,Beauty,475.59,20,380.47,Net Banking,14/10/2024,2024,October,Qtr 4,Monday,95.118
b32cee07,Sports,471.4,30,329.98,Debit Card,31/08/2024,2024,August,Qtr 3,Saturday,141.42
fda2a523,Books,279.07,10,251.16,Debit Card,03/03/2024,2024,March,Qtr 1,Sunday,27.907
0d06b10b,Home & Kitchen,373.45,30,261.41,Credit Card,29/02/2024,2024,February,Qtr 1,Thursday,112.035
34cb1abe,Clothing,89.77,10,80.79,Credit Card,14/09/2024,2024,September,Qtr 3,Saturday,8.977
7be14799,Sports,102.51,20,82.01,Cash on Delivery,17/02/2024,2024,February,Qtr 1,Saturday,20.502
45ea58e2,Sports,246.87,10,222.18,UPI,09/08/2024,2024,August,Qtr 3,Friday,24.687
89bb6db8,Sports,163.15,5,154.99,UPI,24/05/2024,2024,May,Qtr 2,Friday,8.1575
6a796b7c,Books,221.52,30,155.06,Cash on Delivery,08/11/2024,2024,November,Qtr 4,Friday,66.456
aa6c6d33,Electronics,411.81,5,391.22,Cash on Delivery,09/05/2024,2024,May,Qtr 2,Thursday,20.5905
3eb4bfdf,Clothing,466.18,0,466.18,UPI,09/02/2024,2024,February,Qtr 1,Friday,0
d6e39245,Toys,446.49,50,223.25,Net Banking,23/06/2024,2024,June,Qtr 2,Sunday,223.245
d95237bb,Beauty,259.36,5,246.39,UPI,22/04/2024,2024,April,Qtr 2,Monday,12.968
d2e8696a,Clothing,261.74,30,183.22,Cash on Delivery,24/09/2024,2024,September,Qtr 3,Tuesday,78.522
bc5c85a5,Beauty,226.02,5,214.72,Net Banking,23/02/2024,2024,February,Qtr 1,Friday,11.301
18611bb6,Electronics,149.94,20,119.95,UPI,21/08/2024,2024,August,Qtr 3,Wednesday,29.988
c70d89cf,Books,44.18,30,30.93,Cash on Delivery,11/02/2024,2024,February,Qtr 1,Sunday,13.254
e5c11c0b,Electronics,94.83,0,94.83,Credit Card,19/07/2024,2024,July,Qtr 3,Friday,0
69467b7d,Sports,313.21,30,219.25,Debit Card,11/11/2024,2024,November,Qtr 4,Monday,93.963
028173ef,Clothing,249.86,50,124.93,Debit Card,18/08/2024,2024,August,Qtr 3,Sunday,124.93
8bb4ff21,Sports,250.31,50,125.16,Credit Card,08/04/2024,2024,April,Qtr 2,Monday,125.155
e8a90aab,Sports,330.56,15,280.98,Net Banking,11/04/2024,2024,April,Qtr 2,Thursday,49.584
8db7dbb7,Clothing,377.06,5,358.21,Credit Card,11/08/2024,2024,August,Qtr 3,Sunday,18.853
226d02cd,Toys,337.91,5,321.01,Net Banking,03/05/2024,2024,May,Qtr 2,Friday,16.8955
ff94d6ab,Toys,52.16,10,46.94,Cash on Delivery,25/02/2024,2024,February,Qtr 1,Sunday,5.216
d20005d8,Toys,95.61,30,66.93,Cash on Delivery,11/08/2024,2024,August,Qtr 3,Sunday,28.683
7594c248,Sports,155.98,20,124.78,Credit Card,14/05/2024,2024,May,Qtr 2,Tuesday,31.196
977da8a4,Electronics,18.56,15,15.78,Cash on Delivery,20/10/2024,2024,October,Qtr 4,Sunday,2.784
1fd91234,Electronics,26.86,15,22.83,Debit Card,22/10/2024,2024,October,Qtr 4,Tuesday,4.029
d7118880,Home & Kitchen,202.35,30,141.64,UPI,21/06/2024,2024,June,Qtr 2,Friday,60.705
9c5742f5,Electronics,263.22,15,223.74,Debit Card,22/08/2024,2024,August,Qtr 3,Thursday,39.483
d5a74f3f,Clothing,298.79,15,253.97,Debit Card,03/03/2024,2024,March,Qtr 1,Sunday,44.8185
a3185b29,Clothing,457.07,0,457.07,Cash on Delivery,17/01/2024,2024,January,Qtr 1,Wednesday,0
64272d22,Electronics,442.46,0,442.46,Net Banking,05/11/2024,2024,November,Qtr 4,Tuesday,0
b3659e63,Electronics,255.81,50,127.91,Credit Card,12/03/2024,2024,March,Qtr 1,Tuesday,127.905
c3030da8,Electronics,32.89,0,32.89,Credit Card,08/10/2024,2024,October,Qtr 4,Tuesday,0
8dc4583b,Clothing,251.88,10,226.69,Cash on Delivery,23/01/2024,2024,January,Qtr 1,Tuesday,25.188
d895edc8,Electronics,120.68,15,102.58,Cash on Delivery,09/09/2024,2024,September,Qtr 3,Monday,18.102
5203df6d,Sports,30.21,10,27.19,Credit Card,10/10/2024,2024,October,Qtr 4,Thursday,3.021
d4c421dd,Books,246.17,5,233.86,Credit Card,11/08/2024,2024,August,Qtr 3,Sunday,12.3085
f7ad61b4,Toys,329.85,10,296.87,Credit Card,25/06/2024,2024,June,Qtr 2,Tuesday,32.985
361a60b8,Toys,437.06,0,437.06,Debit Card,31/07/2024,2024,July,Qtr 3,Wednesday,0
1624e787,Home & Kitchen,204,5,193.8,Cash on Delivery,31/08/2024,2024,August,Qtr 3,Saturday,10.2
9f887c1b,Books,207.44,20,165.95,UPI,18/02/2024,2024,February,Qtr 1,Sunday,41.488
3dd55fd2,Home & Kitchen,463.6,25,347.7,Credit Card,16/03/2024,2024,March,Qtr 1,Saturday,115.9
5430451c,Home & Kitchen,359.03,25,269.27,Debit Card,15/10/2024,2024,October,Qtr 4,Tuesday,89.7575
9fd0f47d,Books,384.7,15,327,Debit Card,08/10/2024,2024,October,Qtr 4,Tuesday,57.705
19dbc60e,Electronics,298.02,25,223.51,Credit Card,15/05/2024,2024,May,Qtr 2,Wednesday,74.505
e87be34e,Clothing,400.84,10,360.76,Credit Card,12/04/2024,2024,April,Qtr 2,Friday,40.084
f1dc18ef,Electronics,464.71,50,232.35,UPI,03/08/2024,2024,August,Qtr 3,Saturday,232.355
d763b012,Beauty,16.11,15,13.69,Cash on Delivery,05/06/2024,2024,June,Qtr 2,Wednesday,2.4165
0645a3b4,Books,484.74,30,339.32,Cash on Delivery,18/01/2024,2024,January,Qtr 1,Thursday,145.422
380397f3,Toys,365.33,5,347.06,Credit Card,11/03/2024,2024,March,Qtr 1,Monday,18.2665
a91f12d4,Electronics,176.01,0,176.01,Debit Card,09/07/2024,2024,July,Qtr 3,Tuesday,0
5a02a69f,Clothing,464.89,50,232.44,Net Banking,04/10/2024,2024,October,Qtr 4,Friday,232.445
d6f46477,Clothing,401.8,10,361.62,Net Banking,20/11/2024,2024,November,Qtr 4,Wednesday,40.18
4a370dca,Clothing,210.96,15,179.32,Debit Card,15/02/2024,2024,February,Qtr 1,Thursday,31.644
4e3b823e,Toys,67.54,20,54.03,Credit Card,09/01/2024,2024,January,Qtr 1,Tuesday,13.508
8e6f1de2,Books,31.73,5,30.14,Cash on Delivery,29/09/2024,2024,September,Qtr 3,Sunday,1.5865
bcb50e14,Electronics,298.26,20,238.61,Debit Card,04/03/2024,2024,March,Qtr 1,Monday,59.652
d41d809e,Sports,247.86,20,198.29,UPI,01/06/2024,2024,June,Qtr 2,Saturday,49.572
7b1d4411,Clothing,362.83,30,253.98,Debit Card,19/04/2024,2024,April,Qtr 2,Friday,108.849
cf64defc,Books,476.64,50,238.32,Cash on Delivery,17/05/2024,2024,May,Qtr 2,Friday,238.32
3560326,Sports,388.38,5,368.96,Cash on Delivery,13/02/2024,2024,February,Qtr 1,Tuesday,19.419
fc81d481,Sports,337.33,15,286.73,UPI,11/10/2024,2024,October,Qtr 4,Friday,50.5995
6460000,Books,494.14,50,247.07,UPI,05/11/2024,2024,November,Qtr 4,Tuesday,247.07
7281a498,Sports,455.94,30,319.16,Net Banking,29/03/2024,2024,March,Qtr 1,Friday,136.782
4ec6ded9,Beauty,221.53,0,221.53,Debit Card,05/08/2024,2024,August,Qtr 3,Monday,0
a91d9f56,Books,461.56,20,369.25,Net Banking,01/09/2024,2024,September,Qtr 3,Sunday,92.312
eaca4fa0,Electronics,168.59,20,134.87,Credit Card,03/06/2024,2024,June,Qtr 2,Monday,33.718
aafd3769,Clothing,482.74,5,458.6,Net Banking,30/05/2024,2024,May,Qtr 2,Thursday,24.137
c01d4d47,Books,200.93,30,140.65,Cash on Delivery,06/02/2024,2024,February,Qtr 1,Tuesday,60.279
4d2cd201,Clothing,18.84,0,18.84,Credit Card,17/06/2024,2024,June,Qtr 2,Monday,0
20556324,Home & Kitchen,109.89,15,93.41,UPI,13/04/2024,2024,April,Qtr 2,Saturday,16.4835
8.92E+100,Electronics,98.61,0,98.61,Net Banking,28/03/2024,2024,March,Qtr 1,Thursday,0
4458ab6a,Electronics,459.61,10,413.65,Debit Card,01/06/2024,2024,June,Qtr 2,Saturday,45.961
b6b38943,Electronics,28.61,10,25.75,Debit Card,17/04/2024,2024,April,Qtr 2,Wednesday,2.861
9a3a5585,Toys,378.85,20,303.08,UPI,18/05/2024,2024,May,Qtr 2,Saturday,75.77
295576f0,Beauty,78.87,5,74.93,Debit Card,25/06/2024,2024,June,Qtr 2,Tuesday,3.9435
61f64557,Beauty,362.99,15,308.54,Credit Card,07/07/2024,2024,July,Qtr 3,Sunday,54.4485
7a87f292,Sports,198.38,25,148.78,Credit Card,09/03/2024,2024,March,Qtr 1,Saturday,49.595
8ddb0e80,Books,471.66,5,448.08,Credit Card,13/06/2024,2024,June,Qtr 2,Thursday,23.583
dc0f7097,Clothing,68.68,30,48.08,UPI,07/10/2024,2024,October,Qtr 4,Monday,20.604
03f1774a,Books,289.83,10,260.85,Credit Card,17/06/2024,2024,June,Qtr 2,Monday,28.983
1943f27c,Sports,343.43,25,257.57,Credit Card,10/03/2024,2024,March,Qtr 1,Sunday,85.8575
dd9f4e5f,Toys,196.34,5,186.52,Net Banking,21/03/2024,2024,March,Qtr 1,Thursday,9.817
882bc61d,Books,183.04,30,128.13,UPI,30/05/2024,2024,May,Qtr 2,Thursday,54.912
3c669dc7,Sports,182.28,20,145.82,UPI,09/09/2024,2024,September,Qtr 3,Monday,36.456
a998be79,Toys,329.94,15,280.45,Debit Card,25/07/2024,2024,July,Qtr 3,Thursday,49.491
92a11c79,Home & Kitchen,50.63,50,25.32,Cash on Delivery,21/05/2024,2024,May,Qtr 2,Tuesday,25.315
6451796,Sports,40.61,30,28.43,Debit Card,20/09/2024,2024,September,Qtr 3,Friday,12.183
a94110ca,Home & Kitchen,73.19,30,51.23,Cash on Delivery,15/06/2024,2024,June,Qtr 2,Saturday,21.957
2ba824ee,Electronics,140.84,25,105.63,UPI,04/03/2024,2024,March,Qtr 1,Monday,35.21
bac1284d,Clothing,460.17,15,391.14,UPI,17/11/2024,2024,November,Qtr 4,Sunday,69.0255
54b16993,Toys,248.71,15,211.4,Cash on Delivery,28/06/2024,2024,June,Qtr 2,Friday,37.3065
192edd4e,Electronics,33.88,10,30.49,Credit Card,12/03/2024,2024,March,Qtr 1,Tuesday,3.388
99781be9,Books,464.05,20,371.24,Credit Card,07/05/2024,2024,May,Qtr 2,Tuesday,92.81
9a9a07f5,Electronics,180.19,30,126.13,UPI,21/08/2024,2024,August,Qtr 3,Wednesday,54.057
abb37032,Beauty,329.78,10,296.8,Debit Card,20/09/2024,2024,September,Qtr 3,Friday,32.978
00e75d81,Sports,336.05,30,235.23,UPI,09/03/2024,2024,March,Qtr 1,Saturday,100.815
8355f413,Toys,95.06,5,90.31,Cash on Delivery,15/06/2024,2024,June,Qtr 2,Saturday,4.753
a5bd8e47,Beauty,94.97,30,66.48,UPI,02/07/2024,2024,July,Qtr 3,Tuesday,28.491
d7a17cb0,Beauty,443,5,420.85,UPI,13/05/2024,2024,May,Qtr 2,Monday,22.15
da787021,Sports,230.09,15,195.58,Credit Card,11/01/2024,2024,January,Qtr 1,Thursday,34.5135
95cda985,Toys,65.75,0,65.75,Credit Card,28/07/2024,2024,July,Qtr 3,Sunday,0
51fe1422,Clothing,116.39,25,87.29,Net Banking,20/02/2024,2024,February,Qtr 1,Tuesday,29.0975
e2d534fc,Books,315.16,50,157.58,Net Banking,22/06/2024,2024,June,Qtr 2,Saturday,157.58
f783772f,Sports,133.14,25,99.85,UPI,04/11/2024,2024,November,Qtr 4,Monday,33.285
128b6828,Home & Kitchen,167.4,10,150.66,Cash on Delivery,10/09/2024,2024,September,Qtr 3,Tuesday,16.74
284c8015,Clothing,43.48,25,32.61,UPI,23/08/2024,2024,August,Qtr 3,Friday,10.87
cca2b172,Electronics,14.54,5,13.81,Net Banking,26/04/2024,2024,April,Qtr 2,Friday,0.727
f0241946,Sports,302.08,25,226.56,UPI,08/04/2024,2024,April,Qtr 2,Monday,75.52
7abecd58,Home & Kitchen,474.64,5,450.91,Cash on Delivery,30/09/2024,2024,September,Qtr 3,Monday,23.732
658e0882,Toys,496.29,15,421.85,Net Banking,22/09/2024,2024,September,Qtr 3,Sunday,74.4435
6d8a2a99,Electronics,397.3,50,198.65,UPI,31/10/2024,2024,October,Qtr 4,Thursday,198.65
8f7a0b5d,Beauty,284.26,50,142.13,Debit Card,16/10/2024,2024,October,Qtr 4,Wednesday,142.13
6369a7c3,Toys,146.22,50,73.11,Debit Card,31/03/2024,2024,March,Qtr 1,Sunday,73.11
e71626bf,Beauty,134.41,20,107.53,Credit Card,07/05/2024,2024,May,Qtr 2,Tuesday,26.882
9318bcd2,Toys,277.93,50,138.97,Net Banking,23/04/2024,2024,April,Qtr 2,Tuesday,138.965
d9c4fc09,Toys,175.25,30,122.67,Credit Card,06/10/2024,2024,October,Qtr 4,Sunday,52.575
209791,Toys,12.14,15,10.32,Credit Card,13/05/2024,2024,May,Qtr 2,Monday,1.821
94ac8476,Books,333.82,30,233.67,Net Banking,02/10/2024,2024,October,Qtr 4,Wednesday,100.146
b7618bd0,Books,125.36,30,87.75,Debit Card,13/10/2024,2024,October,Qtr 4,Sunday,37.608
d9b8e81b,Electronics,109.9,15,93.42,Credit Card,24/07/2024,2024,July,Qtr 3,Wednesday,16.485
905c8be8,Clothing,473.91,30,331.74,Credit Card,13/10/2024,2024,October,Qtr 4,Sunday,142.173
31761a11,Electronics,294.36,50,147.18,Cash on Delivery,20/07/2024,2024,July,Qtr 3,Saturday,147.18
359b71d4,Clothing,460.68,10,414.61,Credit Card,07/02/2024,2024,February,Qtr 1,Wednesday,46.068
bfd771e4,Home & Kitchen,362.96,10,326.66,Debit Card,30/09/2024,2024,September,Qtr 3,Monday,36.296
b9168cc4,Beauty,95.3,5,90.53,Net Banking,01/09/2024,2024,September,Qtr 3,Sunday,4.765
d45a9dbe,Books,259.1,0,259.1,Credit Card,12/06/2024,2024,June,Qtr 2,Wednesday,0
a12946ef,Books,205.38,30,143.77,Debit Card,23/06/2024,2024,June,Qtr 2,Sunday,61.614
39963ecc,Clothing,370.12,10,333.11,Cash on Delivery,14/01/2024,2024,January,Qtr 1,Sunday,37.012
3d8cd018,Home & Kitchen,97.7,15,83.05,Cash on Delivery,20/01/2024,2024,January,Qtr 1,Saturday,14.655
db704f77,Home & Kitchen,306.03,50,153.01,Cash on Delivery,23/02/2024,2024,February,Qtr 1,Friday,153.015
723714c2,Toys,72.75,20,58.2,Debit Card,12/04/2024,2024,April,Qtr 2,Friday,14.55
4ec2b2be,Clothing,186.26,20,149.01,UPI,16/11/2024,2024,November,Qtr 4,Saturday,37.252
36e6f67c,Toys,16.7,50,8.35,Cash on Delivery,10/03/2024,2024,March,Qtr 1,Sunday,8.35
008384ad,Toys,191.15,50,95.58,UPI,13/06/2024,2024,June,Qtr 2,Thursday,95.575
490111ac,Sports,232.55,25,174.41,Cash on Delivery,12/06/2024,2024,June,Qtr 2,Wednesday,58.1375
0c1fae8d,Home & Kitchen,234.62,15,199.43,Credit Card,18/04/2024,2024,April,Qtr 2,Thursday,35.193
1c34cc19,Electronics,31.72,20,25.38,UPI,29/06/2024,2024,June,Qtr 2,Saturday,6.344
6b305d69,Electronics,159.29,0,159.29,Cash on Delivery,21/07/2024,2024,July,Qtr 3,Sunday,0
6af4e7e9,Clothing,30.68,50,15.34,Cash on Delivery,08/09/2024,2024,September,Qtr 3,Sunday,15.34
42fe34af,Books,285.83,10,257.25,UPI,27/06/2024,2024,June,Qtr 2,Thursday,28.583
fe4d03cd,Clothing,311.67,15,264.92,Net Banking,01/10/2024,2024,October,Qtr 4,Tuesday,46.7505
f4518d7a,Electronics,277.94,5,264.04,Debit Card,04/09/2024,2024,September,Qtr 3,Wednesday,13.897
447148db,Books,368.42,20,294.74,UPI,13/07/2024,2024,July,Qtr 3,Saturday,73.684
2d574c24,Home & Kitchen,379.22,15,322.34,Net Banking,17/07/2024,2024,July,Qtr 3,Wednesday,56.883
68073337,Electronics,265.27,25,198.95,Credit Card,28/02/2024,2024,February,Qtr 1,Wednesday,66.3175
86cbee34,Home & Kitchen,369.05,5,350.6,Debit Card,26/06/2024,2024,June,Qtr 2,Wednesday,18.4525
527b9c2d,Beauty,493.7,20,394.96,Cash on Delivery,13/03/2024,2024,March,Qtr 1,Wednesday,98.74
3e3b26e1,Beauty,499.65,10,449.69,Debit Card,25/07/2024,2024,July,Qtr 3,Thursday,49.965
ee2a2250,Beauty,31.78,15,27.01,Debit Card,02/06/2024,2024,June,Qtr 2,Sunday,4.767
0ef29560,Toys,145.1,25,108.82,UPI,09/01/2024,2024,January,Qtr 1,Tuesday,36.275
f9e39387,Toys,163.27,25,122.45,UPI,22/07/2024,2024,July,Qtr 3,Monday,40.8175
df9db226,Toys,223.69,20,178.95,Credit Card,02/09/2024,2024,September,Qtr 3,Monday,44.738
d71147c9,Beauty,417.94,0,417.94,Cash on Delivery,02/04/2024,2024,April,Qtr 2,Tuesday,0
541f1998,Home & Kitchen,270.76,30,189.53,Cash on Delivery,08/02/2024,2024,February,Qtr 1,Thursday,81.228
5f245ccc,Beauty,497.52,50,248.76,UPI,26/03/2024,2024,March,Qtr 1,Tuesday,248.76
376509b0,Sports,348.59,5,331.16,UPI,19/09/2024,2024,September,Qtr 3,Thursday,17.4295
ca0054f1,Electronics,362.5,10,326.25,Credit Card,10/09/2024,2024,September,Qtr 3,Tuesday,36.25
77b6f008,Home & Kitchen,411.6,30,288.12,Debit Card,12/11/2024,2024,November,Qtr 4,Tuesday,123.48
bd42adcc,Books,206.82,30,144.77,Cash on Delivery,13/06/2024,2024,June,Qtr 2,Thursday,62.046
cf924ab8,Books,161.64,0,161.64,Net Banking,13/10/2024,2024,October,Qtr 4,Sunday,0
ad923bb1,Sports,27.22,20,21.78,Debit Card,03/09/2024,2024,September,Qtr 3,Tuesday,5.444
63b7cb47,Beauty,310.78,5,295.24,Cash on Delivery,10/02/2024,2024,February,Qtr 1,Saturday,15.539
5e31c73f,Toys,227.18,5,215.82,Net Banking,15/09/2024,2024,September,Qtr 3,Sunday,11.359
b5dbe555,Home & Kitchen,383.65,15,326.1,Net Banking,20/05/2024,2024,May,Qtr 2,Monday,57.5475
88f26a4e,Home & Kitchen,153.01,10,137.71,Net Banking,12/03/2024,2024,March,Qtr 1,Tuesday,15.301
320a04c7,Sports,202.59,30,141.81,Net Banking,27/08/2024,2024,August,Qtr 3,Tuesday,60.777
f85b8d3c,Electronics,464.92,15,395.18,Cash on Delivery,16/02/2024,2024,February,Qtr 1,Friday,69.738
50540d6b,Toys,241.52,5,229.44,Debit Card,07/07/2024,2024,July,Qtr 3,Sunday,12.076
c84cf1d8,Clothing,153.55,30,107.48,Cash on Delivery,05/01/2024,2024,January,Qtr 1,Friday,46.065
4c71ecf8,Electronics,52.37,50,26.18,Debit Card,17/09/2024,2024,September,Qtr 3,Tuesday,26.185
8dba0d32,Beauty,83.47,20,66.78,Cash on Delivery,28/01/2024,2024,January,Qtr 1,Sunday,16.694
3855d9fa,Clothing,56.54,50,28.27,Debit Card,30/09/2024,2024,September,Qtr 3,Monday,28.27
cb21c984,Books,200.97,25,150.73,UPI,19/02/2024,2024,February,Qtr 1,Monday,50.2425
d8b248a8,Electronics,458.08,10,412.27,UPI,06/04/2024,2024,April,Qtr 2,Saturday,45.808
2fcadb6b,Home & Kitchen,284.25,20,227.4,Net Banking,19/04/2024,2024,April,Qtr 2,Friday,56.85
dabe2577,Beauty,329.64,15,280.19,Credit Card,01/01/2024,2024,January,Qtr 1,Monday,49.446
6a77d021,Books,407.43,5,387.06,Cash on Delivery,28/08/2024,2024,August,Qtr 3,Wednesday,20.3715
722ed6bd,Clothing,141.16,5,134.1,Credit Card,23/02/2024,2024,February,Qtr 1,Friday,7.058
4769336c,Beauty,291.79,20,233.43,Net Banking,27/02/2024,2024,February,Qtr 1,Tuesday,58.358
d20bbc2b,Electronics,211.17,50,105.58,UPI,07/07/2024,2024,July,Qtr 3,Sunday,105.585
0580edce,Clothing,461.66,20,369.33,Credit Card,06/10/2024,2024,October,Qtr 4,Sunday,92.332
6cec43d0,Sports,71.33,20,57.06,Cash on Delivery,10/04/2024,2024,April,Qtr 2,Wednesday,14.266
b7936ac3,Sports,208.52,15,177.24,UPI,12/03/2024,2024,March,Qtr 1,Tuesday,31.278
1fb7f40c,Toys,251.47,25,188.6,Net Banking,13/04/2024,2024,April,Qtr 2,Saturday,62.8675
19649d6c,Sports,249.57,50,124.78,Debit Card,27/07/2024,2024,July,Qtr 3,Saturday,124.785
191c2795,Home & Kitchen,327.6,30,229.32,Credit Card,02/10/2024,2024,October,Qtr 4,Wednesday,98.28
223e1e33,Home & Kitchen,79.12,50,39.56,Credit Card,08/01/2024,2024,January,Qtr 1,Monday,39.56
c1acaead,Beauty,419.33,20,335.46,Net Banking,22/03/2024,2024,March,Qtr 1,Friday,83.866
82041756,Sports,485.37,15,412.56,UPI,23/10/2024,2024,October,Qtr 4,Wednesday,72.8055
8963cb6f,Electronics,381.37,20,305.1,Debit Card,07/07/2024,2024,July,Qtr 3,Sunday,76.274
bcc25218,Electronics,43.97,10,39.57,Net Banking,23/07/2024,2024,July,Qtr 3,Tuesday,4.397
3b71545e,Sports,18.83,25,14.12,Cash on Delivery,18/10/2024,2024,October,Qtr 4,Friday,4.7075
fb73ed45,Sports,407.91,10,367.12,Credit Card,18/06/2024,2024,June,Qtr 2,Tuesday,40.791
329b7c97,Electronics,242.01,50,121,Net Banking,20/05/2024,2024,May,Qtr 2,Monday,121.005
559fa173,Toys,284.88,30,199.42,Credit Card,27/03/2024,2024,March,Qtr 1,Wednesday,85.464
a1268df3,Books,277.39,20,221.91,UPI,23/06/2024,2024,June,Qtr 2,Sunday,55.478
ddeec1fb,Electronics,93.6,0,93.6,UPI,05/01/2024,2024,January,Qtr 1,Friday,0
883b954f,Electronics,300.06,0,300.06,Cash on Delivery,20/04/2024,2024,April,Qtr 2,Saturday,0
3958d313,Clothing,34.36,5,32.64,Cash on Delivery,07/06/2024,2024,June,Qtr 2,Friday,1.718
eeac60e5,Toys,258.4,25,193.8,UPI,27/10/2024,2024,October,Qtr 4,Sunday,64.6
c04b4143,Clothing,347.13,5,329.77,Net Banking,18/11/2024,2024,November,Qtr 4,Monday,17.3565
81704388,Home & Kitchen,480.8,25,360.6,Net Banking,05/11/2024,2024,November,Qtr 4,Tuesday,120.2
9.59E+36,Home & Kitchen,92.03,20,73.62,Credit Card,21/07/2024,2024,July,Qtr 3,Sunday,18.406
d290f1f8,Clothing,341.83,5,324.74,Debit Card,06/03/2024,2024,March,Qtr 1,Wednesday,17.0915
ed543573,Electronics,354.66,30,248.26,Cash on Delivery,03/10/2024,2024,October,Qtr 4,Thursday,106.398
62c9beef,Books,441.84,25,331.38,Net Banking,09/10/2024,2024,October,Qtr 4,Wednesday,110.46
9a9e2f5b,Home & Kitchen,481.86,5,457.77,UPI,15/08/2024,2024,August,Qtr 3,Thursday,24.093
f602c02d,Books,382.18,10,343.96,Debit Card,26/04/2024,2024,April,Qtr 2,Friday,38.218
4.85E+160,Clothing,161.02,30,112.71,Debit Card,24/06/2024,2024,June,Qtr 2,Monday,48.306
2063936e,Toys,477.48,0,477.48,UPI,25/10/2024,2024,October,Qtr 4,Friday,0
4852a573,Books,301.17,25,225.88,UPI,12/11/2024,2024,November,Qtr 4,Tuesday,75.2925
33be8310,Home & Kitchen,428.08,30,299.66,Debit Card,13/06/2024,2024,June,Qtr 2,Thursday,128.424
35313885,Electronics,260.66,30,182.46,Cash on Delivery,29/09/2024,2024,September,Qtr 3,Sunday,78.198
a614a195,Books,126.22,0,126.22,Cash on Delivery,20/01/2024,2024,January,Qtr 1,Saturday,0
abff895f,Books,15.04,25,11.28,Net Banking,10/03/2024,2024,March,Qtr 1,Sunday,3.76
abc32e14,Home & Kitchen,474.05,20,379.24,Cash on Delivery,21/05/2024,2024,May,Qtr 2,Tuesday,94.81
de85b962,Home & Kitchen,261.58,30,183.11,Cash on Delivery,07/02/2024,2024,February,Qtr 1,Wednesday,78.474
f4d21e00,Sports,484.13,30,338.89,UPI,01/11/2024,2024,November,Qtr 4,Friday,145.239
6c851471,Beauty,73.24,10,65.92,Cash on Delivery,07/01/2024,2024,January,Qtr 1,Sunday,7.324
fc14a4b2,Clothing,342.32,20,273.86,Debit Card,21/01/2024,2024,January,Qtr 1,Sunday,68.464
0ffb9389,Home & Kitchen,69.64,20,55.71,Debit Card,25/09/2024,2024,September,Qtr 3,Wednesday,13.928
0c9235c1,Books,407.48,5,387.11,Credit Card,17/08/2024,2024,August,Qtr 3,Saturday,20.374
20a19ba6,Electronics,99.49,20,79.59,Debit Card,17/07/2024,2024,July,Qtr 3,Wednesday,19.898
937d9e65,Toys,330.6,30,231.42,Cash on Delivery,25/08/2024,2024,August,Qtr 3,Sunday,99.18
5842f35e,Books,90.77,5,86.23,Cash on Delivery,24/05/2024,2024,May,Qtr 2,Friday,4.5385
b2d5adaa,Beauty,130.13,10,117.12,UPI,19/11/2024,2024,November,Qtr 4,Tuesday,13.013
2b33b2b6,Books,441.92,30,309.34,Net Banking,28/04/2024,2024,April,Qtr 2,Sunday,132.576
771a9563,Electronics,256.51,0,256.51,Net Banking,21/06/2024,2024,June,Qtr 2,Friday,0
7580c1b1,Sports,392.04,20,313.63,Cash on Delivery,08/03/2024,2024,March,Qtr 1,Friday,78.408
8b885340,Home & Kitchen,496.82,0,496.82,Debit Card,20/04/2024,2024,April,Qtr 2,Saturday,0
51363656,Electronics,206.43,25,154.82,UPI,26/06/2024,2024,June,Qtr 2,Wednesday,51.6075
2421a3f6,Sports,278.41,5,264.49,Cash on Delivery,07/11/2024,2024,November,Qtr 4,Thursday,13.9205
14f20acd,Toys,221.23,25,165.92,UPI,02/08/2024,2024,August,Qtr 3,Friday,55.3075
b9cfaba1,Toys,253.31,5,240.64,Debit Card,25/10/2024,2024,October,Qtr 4,Friday,12.6655
ec6cf96c,Beauty,85.36,50,42.68,UPI,22/09/2024,2024,September,Qtr 3,Sunday,42.68
7c07bb17,Clothing,122.21,20,97.77,Net Banking,19/07/2024,2024,July,Qtr 3,Friday,24.442
e70186b8,Sports,40.02,50,20.01,Credit Card,20/05/2024,2024,May,Qtr 2,Monday,20.01
fd015934,Sports,482.59,15,410.2,Credit Card,17/05/2024,2024,May,Qtr 2,Friday,72.3885
c27ce717,Clothing,343.71,50,171.85,Cash on Delivery,05/03/2024,2024,March,Qtr 1,Tuesday,171.855
8f7fbe97,Books,407.74,5,387.35,Credit Card,16/04/2024,2024,April,Qtr 2,Tuesday,20.387
317a7a6a,Books,274.57,10,247.11,Net Banking,09/04/2024,2024,April,Qtr 2,Tuesday,27.457
fe2ddc82,Home & Kitchen,181.18,20,144.94,Credit Card,30/01/2024,2024,January,Qtr 1,Tuesday,36.236
095bcc91,Books,301.21,30,210.85,Net Banking,28/09/2024,2024,September,Qtr 3,Saturday,90.363
85d8fdfd,Sports,378.97,0,378.97,Cash on Delivery,25/10/2024,2024,October,Qtr 4,Friday,0
912a636b,Home & Kitchen,291.57,15,247.83,UPI,12/09/2024,2024,September,Qtr 3,Thursday,43.7355
75d6b929,Sports,374.81,50,187.41,Credit Card,15/04/2024,2024,April,Qtr 2,Monday,187.405
2cc7ae37,Books,285.95,20,228.76,Net Banking,02/10/2024,2024,October,Qtr 4,Wednesday,57.19
ceb520d0,Electronics,309.01,25,231.76,Debit Card,21/10/2024,2024,October,Qtr 4,Monday,77.2525
d420adeb,Sports,499.96,50,249.98,Net Banking,24/08/2024,2024,August,Qtr 3,Saturday,249.98
158df4de,Electronics,376.17,50,188.09,Cash on Delivery,03/10/2024,2024,October,Qtr 4,Thursday,188.085
ebf19184,Toys,189,10,170.1,Net Banking,27/09/2024,2024,September,Qtr 3,Friday,18.9
ec38f4fa,Sports,471.23,20,376.98,Net Banking,14/02/2024,2024,February,Qtr 1,Wednesday,94.246
f8a02dac,Books,108.88,15,92.55,Net Banking,13/07/2024,2024,July,Qtr 3,Saturday,16.332
53b0ac5a,Home & Kitchen,176.92,0,176.92,UPI,31/10/2024,2024,October,Qtr 4,Thursday,0
20eef2f5,Beauty,172.71,25,129.53,Credit Card,19/04/2024,2024,April,Qtr 2,Friday,43.1775
094b4804,Toys,403.23,5,383.07,UPI,03/11/2024,2024,November,Qtr 4,Sunday,20.1615
b871eb1f,Books,224.05,10,201.65,Debit Card,28/04/2024,2024,April,Qtr 2,Sunday,22.405
6565f641,Beauty,458.94,0,458.94,UPI,14/03/2024,2024,March,Qtr 1,Thursday,0
28eb571c,Home & Kitchen,186.09,0,186.09,UPI,18/06/2024,2024,June,Qtr 2,Tuesday,0
8ef41c4f,Toys,94.02,20,75.22,Credit Card,17/01/2024,2024,January,Qtr 1,Wednesday,18.804
8c990553,Toys,178.71,5,169.77,Credit Card,12/10/2024,2024,October,Qtr 4,Saturday,8.9355
a1099e85,Home & Kitchen,138.31,10,124.48,Credit Card,04/05/2024,2024,May,Qtr 2,Saturday,13.831
bdb0edfe,Beauty,61.62,15,52.38,Credit Card,19/01/2024,2024,January,Qtr 1,Friday,9.243
d8970dd2,Sports,493.04,0,493.04,Net Banking,17/03/2024,2024,March,Qtr 1,Sunday,0
0e09bb42,Clothing,93.28,15,79.29,Net Banking,31/07/2024,2024,July,Qtr 3,Wednesday,13.992
f893da7a,Toys,459.49,15,390.57,Net Banking,03/01/2024,2024,January,Qtr 1,Wednesday,68.9235
744e3383,Home & Kitchen,246.03,15,209.13,Debit Card,11/05/2024,2024,May,Qtr 2,Saturday,36.9045
f4d0aa67,Electronics,172.66,0,172.66,Credit Card,03/09/2024,2024,September,Qtr 3,Tuesday,0
7cbe212a,Clothing,233.2,20,186.56,Cash on Delivery,14/05/2024,2024,May,Qtr 2,Tuesday,46.64
ac02118a,Toys,304.79,30,213.35,UPI,26/09/2024,2024,September,Qtr 3,Thursday,91.437
f878e329,Books,124.42,0,124.42,Credit Card,05/11/2024,2024,November,Qtr 4,Tuesday,0
ebd4488c,Electronics,27.16,10,24.44,Net Banking,09/04/2024,2024,April,Qtr 2,Tuesday,2.716
635d1b34,Sports,420.22,0,420.22,Cash on Delivery,17/02/2024,2024,February,Qtr 1,Saturday,0
e06e1b01,Beauty,187.72,30,131.4,Credit Card,12/02/2024,2024,February,Qtr 1,Monday,56.316
7d7169a4,Toys,363.56,50,181.78,Net Banking,03/05/2024,2024,May,Qtr 2,Friday,181.78
f53931c3,Clothing,256.97,50,128.49,Credit Card,15/02/2024,2024,February,Qtr 1,Thursday,128.485
d833241e,Toys,389.7,10,350.73,Cash on Delivery,01/04/2024,2024,April,Qtr 2,Monday,38.97
26525a44,Home & Kitchen,242.13,30,169.49,Net Banking,28/01/2024,2024,January,Qtr 1,Sunday,72.639
5efa07f9,Beauty,415,5,394.25,Debit Card,19/05/2024,2024,May,Qtr 2,Sunday,20.75
84531d15,Toys,205.38,10,184.84,Credit Card,09/09/2024,2024,September,Qtr 3,Monday,20.538
73c7af6b,Electronics,402.37,0,402.37,Net Banking,30/07/2024,2024,July,Qtr 3,Tuesday,0
4d5cef27,Toys,130.6,0,130.6,UPI,09/03/2024,2024,March,Qtr 1,Saturday,0
bc30caa0,Clothing,401.02,15,340.87,Cash on Delivery,11/05/2024,2024,May,Qtr 2,Saturday,60.153
e2f51045,Electronics,376.07,30,263.25,Debit Card,24/05/2024,2024,May,Qtr 2,Friday,112.821
2fdaa4b7,Books,361.79,50,180.9,Net Banking,23/09/2024,2024,September,Qtr 3,Monday,180.895
ec750276,Electronics,477.51,25,358.13,Cash on Delivery,19/10/2024,2024,October,Qtr 4,Saturday,119.3775
b52a9a86,Toys,209.1,50,104.55,Credit Card,02/08/2024,2024,August,Qtr 3,Friday,104.55
d5fba1fa,Toys,367.38,15,312.27,Debit Card,18/06/2024,2024,June,Qtr 2,Tuesday,55.107
33c35bb2,Beauty,49.99,20,39.99,Debit Card,27/03/2024,2024,March,Qtr 1,Wednesday,9.998
4f782125,Home & Kitchen,223.13,5,211.97,UPI,29/03/2024,2024,March,Qtr 1,Friday,11.1565
815bb3e2,Clothing,481.77,10,433.59,Credit Card,03/09/2024,2024,September,Qtr 3,Tuesday,48.177
7c123e25,Toys,333.36,10,300.02,Debit Card,27/02/2024,2024,February,Qtr 1,Tuesday,33.336
c4710669,Books,460.93,20,368.74,Credit Card,20/04/2024,2024,April,Qtr 2,Saturday,92.186
b486bdc0,Home & Kitchen,198.84,50,99.42,UPI,28/07/2024,2024,July,Qtr 3,Sunday,99.42
418f40d0,Books,335.09,20,268.07,Debit Card,13/10/2024,2024,October,Qtr 4,Sunday,67.018
a9291a98,Books,410.41,50,205.21,Credit Card,02/06/2024,2024,June,Qtr 2,Sunday,205.205
c6e9c8a6,Electronics,393.83,50,196.91,Net Banking,21/08/2024,2024,August,Qtr 3,Wednesday,196.915
3d31754b,Electronics,398.76,30,279.13,Credit Card,04/05/2024,2024,May,Qtr 2,Saturday,119.628
0c74e0f0,Clothing,455.43,15,387.12,UPI,15/06/2024,2024,June,Qtr 2,Saturday,68.3145
cf29466e,Toys,352.31,20,281.85,Credit Card,04/10/2024,2024,October,Qtr 4,Friday,70.462
2697b3d8,Sports,166.63,30,116.64,Debit Card,04/03/2024,2024,March,Qtr 1,Monday,49.989
3f298345,Sports,362.57,5,344.44,Credit Card,31/05/2024,2024,May,Qtr 2,Friday,18.1285
9a3d7a70,Books,96.73,25,72.55,UPI,04/10/2024,2024,October,Qtr 4,Friday,24.1825
df980ec1,Sports,420.31,50,210.16,Debit Card,04/03/2024,2024,March,Qtr 1,Monday,210.155
fbf3b6d9,Sports,56.1,25,42.08,Net Banking,09/09/2024,2024,September,Qtr 3,Monday,14.025
6b5e77c8,Sports,349.84,15,297.36,UPI,14/07/2024,2024,July,Qtr 3,Sunday,52.476
91ed529f,Books,358.31,15,304.56,Debit Card,25/01/2024,2024,January,Qtr 1,Thursday,53.7465
60560203,Toys,361.61,15,307.37,UPI,02/05/2024,2024,May,Qtr 2,Thursday,54.2415
e426ec00,Electronics,450.48,5,427.96,Debit Card,07/11/2024,2024,November,Qtr 4,Thursday,22.524
8a8e4d60,Books,330.31,15,280.76,Net Banking,14/10/2024,2024,October,Qtr 4,Monday,49.5465
aab9ddbb,Electronics,151.85,15,129.07,Cash on Delivery,11/06/2024,2024,June,Qtr 2,Tuesday,22.7775
c4d760c3,Clothing,276.74,0,276.74,Debit Card,18/06/2024,2024,June,Qtr 2,Tuesday,0
d930502c,Toys,345.43,15,293.62,Debit Card,08/10/2024,2024,October,Qtr 4,Tuesday,51.8145
ef9c5215,Books,389.96,15,331.47,Debit Card,22/05/2024,2024,May,Qtr 2,Wednesday,58.494
9c5e398c,Home & Kitchen,16.18,5,15.37,Credit Card,02/11/2024,2024,November,Qtr 4,Saturday,0.809
6ab927cc,Books,226.93,30,158.85,Net Banking,20/11/2024,2024,November,Qtr 4,Wednesday,68.079
789a89e9,Electronics,116.1,10,104.49,UPI,17/06/2024,2024,June,Qtr 2,Monday,11.61
8e1f81cd,Toys,216.97,50,108.48,Debit Card,30/05/2024,2024,May,Qtr 2,Thursday,108.485
e8e91d15,Electronics,33.25,5,31.59,Debit Card,25/03/2024,2024,March,Qtr 1,Monday,1.6625
4401eb85,Electronics,181.56,0,181.56,Debit Card,14/08/2024,2024,August,Qtr 3,Wednesday,0
23b8db27,Clothing,350.58,0,350.58,Credit Card,10/09/2024,2024,September,Qtr 3,Tuesday,0
d279b7f1,Clothing,222.11,50,111.06,Credit Card,27/02/2024,2024,February,Qtr 1,Tuesday,111.055
88984c72,Beauty,445.45,15,378.63,Net Banking,31/10/2024,2024,October,Qtr 4,Thursday,66.8175
718a642f,Home & Kitchen,449.09,25,336.82,UPI,04/11/2024,2024,November,Qtr 4,Monday,112.2725
4bb60db5,Beauty,206.19,0,206.19,Cash on Delivery,15/10/2024,2024,October,Qtr 4,Tuesday,0
ce7d898b,Home & Kitchen,19.55,5,18.57,UPI,10/06/2024,2024,June,Qtr 2,Monday,0.9775
4f99b5dc,Home & Kitchen,211.62,0,211.62,Net Banking,22/07/2024,2024,July,Qtr 3,Monday,0
07fd6558,Electronics,152.24,50,76.12,UPI,22/04/2024,2024,April,Qtr 2,Monday,76.12
0b385dfa,Toys,222.36,0,222.36,Net Banking,22/07/2024,2024,July,Qtr 3,Monday,0
b0de127f,Home & Kitchen,95.92,25,71.94,Debit Card,19/04/2024,2024,April,Qtr 2,Friday,23.98
56b9b6e6,Beauty,335.09,0,335.09,Credit Card,26/08/2024,2024,August,Qtr 3,Monday,0
e3f9922a,Toys,241.25,20,193,Credit Card,01/06/2024,2024,June,Qtr 2,Saturday,48.25
925202a4,Sports,123.91,25,92.93,Credit Card,10/11/2024,2024,November,Qtr 4,Sunday,30.9775
2081a750,Beauty,170.1,15,144.58,Cash on Delivery,02/09/2024,2024,September,Qtr 3,Monday,25.515
c7114204,Sports,12.24,10,11.02,Cash on Delivery,13/02/2024,2024,February,Qtr 1,Tuesday,1.224
6d3d14a8,Electronics,496.29,10,446.66,Cash on Delivery,26/02/2024,2024,February,Qtr 1,Monday,49.629
e3a22f45,Beauty,214.77,50,107.39,UPI,13/06/2024,2024,June,Qtr 2,Thursday,107.385
afd642ef,Electronics,453.64,5,430.96,UPI,06/06/2024,2024,June,Qtr 2,Thursday,22.682
160a70d8,Toys,63.98,25,47.98,Credit Card,26/08/2024,2024,August,Qtr 3,Monday,15.995
7a8fb819,Toys,343.35,20,274.68,Credit Card,20/09/2024,2024,September,Qtr 3,Friday,68.67
e831f6b4,Toys,46.68,20,37.34,UPI,15/01/2024,2024,January,Qtr 1,Monday,9.336
24d2a786,Toys,269.06,10,242.15,UPI,01/10/2024,2024,October,Qtr 4,Tuesday,26.906
fdcc0170,Sports,145.91,15,124.02,Cash on Delivery,02/05/2024,2024,May,Qtr 2,Thursday,21.8865
faed997b,Electronics,300.96,0,300.96,Net Banking,13/05/2024,2024,May,Qtr 2,Monday,0
f1327a62,Toys,83.67,10,75.3,Debit Card,20/01/2024,2024,January,Qtr 1,Saturday,8.367
2c190d8c,Toys,491.44,50,245.72,UPI,03/03/2024,2024,March,Qtr 1,Sunday,245.72
4b6d41b3,Electronics,436.45,20,349.16,Net Banking,24/08/2024,2024,August,Qtr 3,Saturday,87.29
9a1fa943,Sports,177.91,5,169.01,Credit Card,17/07/2024,2024,July,Qtr 3,Wednesday,8.8955
bfa5ca2e,Toys,53.69,20,42.95,UPI,08/05/2024,2024,May,Qtr 2,Wednesday,10.738
85bd7667,Toys,179.55,10,161.6,Credit Card,11/11/2024,2024,November,Qtr 4,Monday,17.955
2c58e6ef,Toys,348.31,15,296.06,Cash on Delivery,10/06/2024,2024,June,Qtr 2,Monday,52.2465
709f2edd,Sports,301.91,0,301.91,Cash on Delivery,27/09/2024,2024,September,Qtr 3,Friday,0
f01b43f7,Clothing,227.08,15,193.02,Credit Card,13/02/2024,2024,February,Qtr 1,Tuesday,34.062
f42d759a,Home & Kitchen,330.53,50,165.26,Cash on Delivery,15/04/2024,2024,April,Qtr 2,Monday,165.265
b1e17021,Electronics,286.47,25,214.85,UPI,04/06/2024,2024,June,Qtr 2,Tuesday,71.6175
2ff6e11d,Electronics,130.6,10,117.54,Debit Card,31/03/2024,2024,March,Qtr 1,Sunday,13.06
a6f6238c,Electronics,465.45,15,395.63,Net Banking,03/10/2024,2024,October,Qtr 4,Thursday,69.8175
ca624bb4,Clothing,117.74,20,94.19,Net Banking,28/06/2024,2024,June,Qtr 2,Friday,23.548
6c8dad52,Electronics,265.67,50,132.84,Net Banking,07/03/2024,2024,March,Qtr 1,Thursday,132.835
44cf89f5,Books,95.18,0,95.18,Debit Card,03/11/2024,2024,November,Qtr 4,Sunday,0
7ea8278d,Clothing,101.4,5,96.33,UPI,10/03/2024,2024,March,Qtr 1,Sunday,5.07
078fcf7a,Home & Kitchen,309.63,25,232.22,Debit Card,07/09/2024,2024,September,Qtr 3,Saturday,77.4075
76559d30,Sports,147.6,50,73.8,Credit Card,02/05/2024,2024,May,Qtr 2,Thursday,73.8
9cf2ef37,Clothing,77.64,25,58.23,UPI,12/11/2024,2024,November,Qtr 4,Tuesday,19.41
540687b1,Beauty,407.12,20,325.7,Net Banking,18/03/2024,2024,March,Qtr 1,Monday,81.424
4c258f55,Books,173.32,10,155.99,UPI,13/07/2024,2024,July,Qtr 3,Saturday,17.332
219cee6a,Beauty,335.86,20,268.69,UPI,30/08/2024,2024,August,Qtr 3,Friday,67.172
c15ed68c,Home & Kitchen,110.52,10,99.47,Cash on Delivery,05/04/2024,2024,April,Qtr 2,Friday,11.052
6304ddb4,Beauty,300.6,15,255.51,UPI,12/10/2024,2024,October,Qtr 4,Saturday,45.09
a742a6a5,Books,312.78,15,265.86,Debit Card,25/10/2024,2024,October,Qtr 4,Friday,46.917
e0b80ab2,Clothing,499.91,30,349.94,Credit Card,16/05/2024,2024,May,Qtr 2,Thursday,149.973
48655454,Home & Kitchen,170.31,20,136.25,Net Banking,30/03/2024,2024,March,Qtr 1,Saturday,34.062
958d0fcb,Sports,78.11,25,58.58,UPI,04/08/2024,2024,August,Qtr 3,Sunday,19.5275
637d8a7f,Electronics,305.34,15,259.54,Credit Card,07/10/2024,2024,October,Qtr 4,Monday,45.801
22fef1b5,Sports,426.79,15,362.77,Debit Card,10/10/2024,2024,October,Qtr 4,Thursday,64.0185
9046c46f,Home & Kitchen,375.73,25,281.8,UPI,02/04/2024,2024,April,Qtr 2,Tuesday,93.9325
2e348747,Sports,163.86,25,122.9,Net Banking,11/07/2024,2024,July,Qtr 3,Thursday,40.965
2f2a8b7a,Electronics,203.98,10,183.58,Cash on Delivery,28/04/2024,2024,April,Qtr 2,Sunday,20.398
0021e458,Sports,145.31,15,123.51,Net Banking,19/01/2024,2024,January,Qtr 1,Friday,21.7965
28bc186c,Clothing,221.16,30,154.81,Cash on Delivery,12/04/2024,2024,April,Qtr 2,Friday,66.348
94cce708,Toys,256.42,0,256.42,Debit Card,02/06/2024,2024,June,Qtr 2,Sunday,0
47dfa10f,Sports,431.38,0,431.38,Debit Card,05/03/2024,2024,March,Qtr 1,Tuesday,0
f227caa1,Sports,345.75,0,345.75,UPI,23/06/2024,2024,June,Qtr 2,Sunday,0
5ccab37f,Beauty,96.68,30,67.68,Debit Card,13/02/2024,2024,February,Qtr 1,Tuesday,29.004
f1d4d1d3,Clothing,438,5,416.1,Net Banking,01/11/2024,2024,November,Qtr 4,Friday,21.9
259e5ade,Sports,272.29,0,272.29,Debit Card,05/07/2024,2024,July,Qtr 3,Friday,0
e2356d8b,Toys,84.09,5,79.89,UPI,13/03/2024,2024,March,Qtr 1,Wednesday,4.2045
7f742f53,Clothing,432.25,0,432.25,Credit Card,08/05/2024,2024,May,Qtr 2,Wednesday,0
b7529b08,Beauty,179.62,50,89.81,Credit Card,24/07/2024,2024,July,Qtr 3,Wednesday,89.81
a38bba13,Electronics,302.95,15,257.51,Net Banking,25/08/2024,2024,August,Qtr 3,Sunday,45.4425
0dc89ab7,Toys,345.41,10,310.87,Net Banking,07/07/2024,2024,July,Qtr 3,Sunday,34.541
d3af2e02,Books,167.63,25,125.72,Cash on Delivery,03/01/2024,2024,January,Qtr 1,Wednesday,41.9075
664ecafc,Sports,436.92,20,349.54,Cash on Delivery,08/11/2024,2024,November,Qtr 4,Friday,87.384
32b21e58,Toys,168.92,10,152.03,Debit Card,15/08/2024,2024,August,Qtr 3,Thursday,16.892
3379f7d2,Toys,42.14,25,31.61,UPI,04/05/2024,2024,May,Qtr 2,Saturday,10.535
7cbec78e,Sports,178.91,30,125.24,Cash on Delivery,16/01/2024,2024,January,Qtr 1,Tuesday,53.673
9a0612a5,Electronics,322.75,15,274.34,UPI,10/02/2024,2024,February,Qtr 1,Saturday,48.4125
ada22b55,Toys,123.27,30,86.29,UPI,22/08/2024,2024,August,Qtr 3,Thursday,36.981
d0086a7f,Sports,361.29,5,343.23,Credit Card,18/05/2024,2024,May,Qtr 2,Saturday,18.0645
27b48e7c,Home & Kitchen,275.42,10,247.88,Cash on Delivery,28/02/2024,2024,February,Qtr 1,Wednesday,27.542
afbdd29f,Books,321.92,50,160.96,Debit Card,05/07/2024,2024,July,Qtr 3,Friday,160.96
73a324ba,Home & Kitchen,292.11,30,204.48,Debit Card,01/09/2024,2024,September,Qtr 3,Sunday,87.633
67567200,Sports,444.49,50,222.25,Credit Card,13/11/2024,2024,November,Qtr 4,Wednesday,222.245
2ed9c959,Beauty,182.13,50,91.06,UPI,09/04/2024,2024,April,Qtr 2,Tuesday,91.065
bc43c77d,Beauty,412.71,20,330.17,Debit Card,05/02/2024,2024,February,Qtr 1,Monday,82.542
e4d80260,Sports,235.28,25,176.46,Cash on Delivery,15/05/2024,2024,May,Qtr 2,Wednesday,58.82
ca73e3ea,Home & Kitchen,309.9,5,294.4,Credit Card,28/01/2024,2024,January,Qtr 1,Sunday,15.495
5c93bd47,Beauty,327.07,5,310.72,Net Banking,12/05/2024,2024,May,Qtr 2,Sunday,16.3535
1d5adb9d,Sports,459.22,0,459.22,Debit Card,09/11/2024,2024,November,Qtr 4,Saturday,0
751f40ec,Books,323,0,323,UPI,11/09/2024,2024,September,Qtr 3,Wednesday,0
7d4bb47e,Home & Kitchen,170.44,15,144.87,Cash on Delivery,15/06/2024,2024,June,Qtr 2,Saturday,25.566
90b0754f,Electronics,354.49,30,248.14,Cash on Delivery,20/11/2024,2024,November,Qtr 4,Wednesday,106.347
ad0012f9,Electronics,277.17,30,194.02,Debit Card,02/01/2024,2024,January,Qtr 1,Tuesday,83.151
17a03a8e,Sports,169.69,20,135.75,Cash on Delivery,15/06/2024,2024,June,Qtr 2,Saturday,33.938
348b4f2e,Home & Kitchen,209.19,20,167.35,Credit Card,26/01/2024,2024,January,Qtr 1,Friday,41.838
3d7f7e1e,Home & Kitchen,258.78,15,219.96,Net Banking,02/04/2024,2024,April,Qtr 2,Tuesday,38.817
edb89577,Sports,480.49,0,480.49,Cash on Delivery,15/07/2024,2024,July,Qtr 3,Monday,0
fd1013cd,Sports,465.95,20,372.76,Credit Card,08/09/2024,2024,September,Qtr 3,Sunday,93.19
2a21b2f5,Clothing,195.8,20,156.64,Credit Card,05/10/2024,2024,October,Qtr 4,Saturday,39.16
e734cf71,Home & Kitchen,100.78,0,100.78,Net Banking,17/01/2024,2024,January,Qtr 1,Wednesday,0
c5bc43a2,Toys,31.79,0,31.79,Debit Card,20/08/2024,2024,August,Qtr 3,Tuesday,0
7f3ef01a,Home & Kitchen,493.53,30,345.47,Cash on Delivery,25/04/2024,2024,April,Qtr 2,Thursday,148.059
d09b44d1,Toys,190.3,50,95.15,Net Banking,19/10/2024,2024,October,Qtr 4,Saturday,95.15
25804b99,Beauty,22.77,50,11.38,Credit Card,20/06/2024,2024,June,Qtr 2,Thursday,11.385
8b449287,Sports,307.9,15,261.71,Debit Card,29/03/2024,2024,March,Qtr 1,Friday,46.185
06c442e0,Toys,150.05,0,150.05,Net Banking,18/02/2024,2024,February,Qtr 1,Sunday,0
741e480b,Toys,347.71,10,312.94,Debit Card,03/11/2024,2024,November,Qtr 4,Sunday,34.771
c4a4411c,Toys,136.24,0,136.24,Net Banking,03/03/2024,2024,March,Qtr 1,Sunday,0
b2423a79,Beauty,146.47,10,131.82,Debit Card,26/05/2024,2024,May,Qtr 2,Sunday,14.647
59ace126,Clothing,448.81,20,359.05,Credit Card,23/07/2024,2024,July,Qtr 3,Tuesday,89.762
5d2e84b4,Books,286.12,30,200.28,Net Banking,19/10/2024,2024,October,Qtr 4,Saturday,85.836
6328bc7c,Toys,308.37,50,154.19,UPI,12/07/2024,2024,July,Qtr 3,Friday,154.185
b4eb8cc7,Electronics,286.47,5,272.15,Credit Card,12/06/2024,2024,June,Qtr 2,Wednesday,14.3235
6e95832f,Books,350.59,0,350.59,UPI,26/09/2024,2024,September,Qtr 3,Thursday,0
f627d9d5,Clothing,254.32,0,254.32,UPI,27/07/2024,2024,July,Qtr 3,Saturday,0
b644e0d1,Clothing,297.32,0,297.32,Cash on Delivery,12/09/2024,2024,September,Qtr 3,Thursday,0
f9cd4168,Toys,219.48,25,164.61,Debit Card,18/07/2024,2024,July,Qtr 3,Thursday,54.87
72c3e855,Books,134.52,30,94.16,Cash on Delivery,04/09/2024,2024,September,Qtr 3,Wednesday,40.356
abd487a4,Sports,34.07,10,30.66,Debit Card,30/01/2024,2024,January,Qtr 1,Tuesday,3.407
91bacb2f,Electronics,339.21,25,254.41,Cash on Delivery,15/08/2024,2024,August,Qtr 3,Thursday,84.8025
75272f5f,Electronics,335.09,15,284.83,Cash on Delivery,07/11/2024,2024,November,Qtr 4,Thursday,50.2635
9e0fea41,Sports,338,10,304.2,Credit Card,10/06/2024,2024,June,Qtr 2,Monday,33.8
e4818739,Toys,348.31,20,278.65,Debit Card,05/05/2024,2024,May,Qtr 2,Sunday,69.662
6ddf61d1,Toys,357.9,30,250.53,UPI,14/08/2024,2024,August,Qtr 3,Wednesday,107.37
d0936e56,Sports,27.03,15,22.98,Cash on Delivery,29/05/2024,2024,May,Qtr 2,Wednesday,4.0545
ec022a3c,Books,465.64,0,465.64,Debit Card,10/08/2024,2024,August,Qtr 3,Saturday,0
be485d54,Beauty,416.88,25,312.66,Net Banking,22/10/2024,2024,October,Qtr 4,Tuesday,104.22
87c33171,Beauty,170.97,50,85.48,Net Banking,21/08/2024,2024,August,Qtr 3,Wednesday,85.485
a374a7c5,Home & Kitchen,460.19,50,230.09,Net Banking,29/02/2024,2024,February,Qtr 1,Thursday,230.095
f54726e0,Home & Kitchen,327.39,15,278.28,Cash on Delivery,23/02/2024,2024,February,Qtr 1,Friday,49.1085
6e142ba6,Clothing,451.34,10,406.21,Credit Card,22/04/2024,2024,April,Qtr 2,Monday,45.134
161325fd,Home & Kitchen,297.02,5,282.17,Credit Card,11/05/2024,2024,May,Qtr 2,Saturday,14.851
051133f8,Beauty,359.48,10,323.53,Credit Card,17/10/2024,2024,October,Qtr 4,Thursday,35.948
d80ab524,Beauty,105.45,10,94.91,Debit Card,09/05/2024,2024,May,Qtr 2,Thursday,10.545
842b3cac,Sports,30.46,30,21.32,UPI,29/07/2024,2024,July,Qtr 3,Monday,9.138
78f9cc53,Books,247.76,25,185.82,Debit Card,30/01/2024,2024,January,Qtr 1,Tuesday,61.94
295b35ad,Toys,260.81,30,182.57,Credit Card,15/08/2024,2024,August,Qtr 3,Thursday,78.243
c5226913,Toys,21.41,5,20.34,Net Banking,23/04/2024,2024,April,Qtr 2,Tuesday,1.0705
346f2c53,Beauty,27.13,30,18.99,Cash on Delivery,06/09/2024,2024,September,Qtr 3,Friday,8.139
468925cf,Clothing,304.86,15,259.13,Net Banking,14/09/2024,2024,September,Qtr 3,Saturday,45.729
09ea71de,Books,69.37,0,69.37,Debit Card,30/10/2024,2024,October,Qtr 4,Wednesday,0
99b59827,Clothing,50.93,20,40.74,UPI,10/10/2024,2024,October,Qtr 4,Thursday,10.186
2a641c9d,Toys,337.58,5,320.7,UPI,17/08/2024,2024,August,Qtr 3,Saturday,16.879
4d08b875,Clothing,252.65,10,227.39,Debit Card,31/01/2024,2024,January,Qtr 1,Wednesday,25.265
ad772c5a,Electronics,400.08,50,200.04,UPI,18/05/2024,2024,May,Qtr 2,Saturday,200.04
28223fc3,Home & Kitchen,320.67,50,160.34,Credit Card,10/11/2024,2024,November,Qtr 4,Sunday,160.335
54274aa6,Clothing,427.29,5,405.93,Credit Card,12/08/2024,2024,August,Qtr 3,Monday,21.3645
ca58b84f,Clothing,396.76,5,376.92,UPI,14/09/2024,2024,September,Qtr 3,Saturday,19.838
bb351881,Toys,61.37,20,49.1,Credit Card,10/01/2024,2024,January,Qtr 1,Wednesday,12.274
6dbd0f95,Home & Kitchen,200.57,15,170.48,Net Banking,30/05/2024,2024,May,Qtr 2,Thursday,30.0855
29af7e68,Books,457.69,20,366.15,Net Banking,13/06/2024,2024,June,Qtr 2,Thursday,91.538
f85ad600,Sports,56.97,0,56.97,Debit Card,24/04/2024,2024,April,Qtr 2,Wednesday,0
f49fc9d3,Clothing,289.27,15,245.88,Cash on Delivery,15/04/2024,2024,April,Qtr 2,Monday,43.3905
b28f143f,Toys,365.26,0,365.26,UPI,21/01/2024,2024,January,Qtr 1,Sunday,0
6184077e,Books,44.14,50,22.07,Cash on Delivery,15/09/2024,2024,September,Qtr 3,Sunday,22.07
ac202a1f,Beauty,32.7,5,31.07,Credit Card,21/10/2024,2024,October,Qtr 4,Monday,1.635
01153d2e,Clothing,223.04,25,167.28,Net Banking,31/08/2024,2024,August,Qtr 3,Saturday,55.76
71205bd1,Books,256.64,10,230.98,Credit Card,29/08/2024,2024,August,Qtr 3,Thursday,25.664
23e8e15d,Sports,82.48,10,74.23,Net Banking,03/07/2024,2024,July,Qtr 3,Wednesday,8.248
3ffa9cc6,Home & Kitchen,493.82,25,370.37,Debit Card,14/11/2024,2024,November,Qtr 4,Thursday,123.455
afbc0f86,Home & Kitchen,430.5,5,408.97,Net Banking,07/04/2024,2024,April,Qtr 2,Sunday,21.525
5fa7759a,Toys,12.1,20,9.68,UPI,23/03/2024,2024,March,Qtr 1,Saturday,2.42
5d67c05b,Sports,474.41,0,474.41,UPI,09/09/2024,2024,September,Qtr 3,Monday,0
d0032e78,Toys,243.52,15,206.99,Cash on Delivery,22/01/2024,2024,January,Qtr 1,Monday,36.528
465c254b,Sports,394.83,20,315.86,Net Banking,27/01/2024,2024,January,Qtr 1,Saturday,78.966
45f92c91,Books,175.86,0,175.86,Debit Card,18/08/2024,2024,August,Qtr 3,Sunday,0
805c0b7d,Sports,237.77,20,190.22,Credit Card,04/04/2024,2024,April,Qtr 2,Thursday,47.554
515fe1e7,Books,143.21,5,136.05,Credit Card,15/01/2024,2024,January,Qtr 1,Monday,7.1605
ce69481e,Toys,222.65,20,178.12,Cash on Delivery,01/04/2024,2024,April,Qtr 2,Monday,44.53
41889d65,Sports,348.18,0,348.18,Debit Card,13/11/2024,2024,November,Qtr 4,Wednesday,0
3b85b7a7,Clothing,152.52,0,152.52,Credit Card,15/01/2024,2024,January,Qtr 1,Monday,0
4c8e1f57,Books,448.26,30,313.78,Debit Card,07/04/2024,2024,April,Qtr 2,Sunday,134.478
cb429a91,Clothing,459.22,10,413.3,Net Banking,25/10/2024,2024,October,Qtr 4,Friday,45.922
33b289dd,Home & Kitchen,432.11,10,388.9,Credit Card,04/03/2024,2024,March,Qtr 1,Monday,43.211
997c274b,Clothing,320.98,10,288.88,Debit Card,02/01/2024,2024,January,Qtr 1,Tuesday,32.098
8abeed6e,Sports,104.47,10,94.02,Credit Card,20/08/2024,2024,August,Qtr 3,Tuesday,10.447
7210a0d9,Sports,249.4,30,174.58,UPI,21/04/2024,2024,April,Qtr 2,Sunday,74.82
5f0349f1,Books,39.02,25,29.27,Cash on Delivery,03/05/2024,2024,May,Qtr 2,Friday,9.755
bbb253a1,Sports,185.53,15,157.7,UPI,15/08/2024,2024,August,Qtr 3,Thursday,27.8295
22dccae1,Clothing,463.55,15,394.02,Credit Card,09/03/2024,2024,March,Qtr 1,Saturday,69.5325
effad494,Electronics,277.05,25,207.79,Debit Card,11/02/2024,2024,February,Qtr 1,Sunday,69.2625
900e8f32,Sports,159.03,20,127.22,Cash on Delivery,27/02/2024,2024,February,Qtr 1,Tuesday,31.806
b38271c7,Home & Kitchen,53.69,25,40.27,Credit Card,07/07/2024,2024,July,Qtr 3,Sunday,13.4225
e1b810f9,Sports,350.46,5,332.94,Net Banking,25/10/2024,2024,October,Qtr 4,Friday,17.523
96bf93b2,Sports,358.64,5,340.71,Net Banking,04/09/2024,2024,September,Qtr 3,Wednesday,17.932
efb78e51,Books,33.8,30,23.66,UPI,19/02/2024,2024,February,Qtr 1,Monday,10.14
4b510e17,Home & Kitchen,188.8,10,169.92,UPI,16/08/2024,2024,August,Qtr 3,Friday,18.88
b5cfa655,Sports,178.75,15,151.94,Net Banking,01/11/2024,2024,November,Qtr 4,Friday,26.8125
68412b52,Toys,185.17,0,185.17,Cash on Delivery,14/09/2024,2024,September,Qtr 3,Saturday,0
146e7249,Sports,417.51,0,417.51,Credit Card,17/09/2024,2024,September,Qtr 3,Tuesday,0
a3880ba0,Books,407.59,50,203.79,Net Banking,13/09/2024,2024,September,Qtr 3,Friday,203.795
88400000000,Beauty,230.14,20,184.11,Credit Card,04/09/2024,2024,September,Qtr 3,Wednesday,46.028
2e31f938,Beauty,207.06,30,144.94,Net Banking,18/01/2024,2024,January,Qtr 1,Thursday,62.118
48cf349d,Electronics,166.69,15,141.69,Debit Card,30/08/2024,2024,August,Qtr 3,Friday,25.0035
c6a0ee2a,Electronics,476.53,15,405.05,Cash on Delivery,22/06/2024,2024,June,Qtr 2,Saturday,71.4795
618b72c3,Beauty,420.41,0,420.41,Debit Card,29/04/2024,2024,April,Qtr 2,Monday,0
0041710c,Books,408.9,5,388.45,Cash on Delivery,26/05/2024,2024,May,Qtr 2,Sunday,20.445
5aa04d8b,Clothing,311.9,0,311.9,UPI,10/03/2024,2024,March,Qtr 1,Sunday,0
1a29d6ef,Electronics,160.11,30,112.08,Cash on Delivery,23/10/2024,2024,October,Qtr 4,Wednesday,48.033
e44a3f1b,Toys,100.64,15,85.54,Cash on Delivery,31/03/2024,2024,March,Qtr 1,Sunday,15.096
b13d6803,Clothing,79.12,5,75.16,UPI,17/08/2024,2024,August,Qtr 3,Saturday,3.956
efd66d9f,Toys,115.23,25,86.42,UPI,26/07/2024,2024,July,Qtr 3,Friday,28.8075
635f84d0,Clothing,212.08,10,190.87,Credit Card,14/07/2024,2024,July,Qtr 3,Sunday,21.208
76b1b3ab,Sports,25.95,15,22.06,Debit Card,18/11/2024,2024,November,Qtr 4,Monday,3.8925
29f39439,Toys,336.87,0,336.87,Debit Card,08/11/2024,2024,November,Qtr 4,Friday,0
420ef393,Beauty,43.47,50,21.73,Credit Card,13/11/2024,2024,November,Qtr 4,Wednesday,21.735
0eae163d,Electronics,185.53,20,148.42,Credit Card,25/05/2024,2024,May,Qtr 2,Saturday,37.106
f9ff1a48,Clothing,483.62,5,459.44,UPI,23/08/2024,2024,August,Qtr 3,Friday,24.181
4c3cdcb6,Sports,30.28,30,21.2,Credit Card,09/03/2024,2024,March,Qtr 1,Saturday,9.084
1cbd0192,Books,482.52,5,458.39,Credit Card,19/05/2024,2024,May,Qtr 2,Sunday,24.126
86ee4f1e,Toys,359.32,0,359.32,UPI,05/07/2024,2024,July,Qtr 3,Friday,0
2736921c,Toys,386.46,30,270.52,Credit Card,08/07/2024,2024,July,Qtr 3,Monday,115.938
24615a11,Books,36.34,50,18.17,Cash on Delivery,08/04/2024,2024,April,Qtr 2,Monday,18.17
6a2e43c7,Toys,328.64,25,246.48,UPI,14/02/2024,2024,February,Qtr 1,Wednesday,82.16
e8f282f4,Home & Kitchen,141.52,20,113.22,UPI,24/07/2024,2024,July,Qtr 3,Wednesday,28.304
084d1679,Sports,310.66,50,155.33,Credit Card,28/04/2024,2024,April,Qtr 2,Sunday,155.33
851ee140,Sports,311.01,5,295.46,UPI,02/01/2024,2024,January,Qtr 1,Tuesday,15.5505
f519fe50,Toys,60.79,20,48.63,Credit Card,21/05/2024,2024,May,Qtr 2,Tuesday,12.158
3ca822ba,Home & Kitchen,252,30,176.4,Net Banking,05/01/2024,2024,January,Qtr 1,Friday,75.6
56cc761e,Clothing,213,25,159.75,Cash on Delivery,16/11/2024,2024,November,Qtr 4,Saturday,53.25
3c8bd82b,Electronics,191.77,25,143.83,UPI,24/09/2024,2024,September,Qtr 3,Tuesday,47.9425
a7cae661,Clothing,239.31,10,215.38,UPI,14/05/2024,2024,May,Qtr 2,Tuesday,23.931
e0cfaad0,Home & Kitchen,212.42,50,106.21,Debit Card,03/02/2024,2024,February,Qtr 1,Saturday,106.21
cd442b59,Books,209.08,5,198.63,UPI,06/08/2024,2024,August,Qtr 3,Tuesday,10.454
c66e0a5f,Clothing,394.82,0,394.82,Credit Card,17/10/2024,2024,October,Qtr 4,Thursday,0
65fc7b42,Home & Kitchen,305.94,5,290.64,Cash on Delivery,07/08/2024,2024,August,Qtr 3,Wednesday,15.297
b4391d08,Home & Kitchen,390.66,15,332.06,Debit Card,21/11/2024,2024,November,Qtr 4,Thursday,58.599
c250ce58,Beauty,402.97,50,201.49,UPI,27/07/2024,2024,July,Qtr 3,Saturday,201.485
5619162,Beauty,280.99,30,196.69,UPI,07/02/2024,2024,February,Qtr 1,Wednesday,84.297
8e9b857f,Sports,309.55,10,278.6,Credit Card,02/06/2024,2024,June,Qtr 2,Sunday,30.955
2f2e35cd,Beauty,471.41,25,353.56,Cash on Delivery,20/05/2024,2024,May,Qtr 2,Monday,117.8525
e9786a6d,Sports,46.48,0,46.48,Net Banking,29/06/2024,2024,June,Qtr 2,Saturday,0
22ce90f0,Beauty,338,0,338,Net Banking,10/03/2024,2024,March,Qtr 1,Sunday,0
758b36b9,Home & Kitchen,171.64,20,137.31,Net Banking,14/08/2024,2024,August,Qtr 3,Wednesday,34.328
b77c1e26,Home & Kitchen,488.06,15,414.85,Net Banking,24/03/2024,2024,March,Qtr 1,Sunday,73.209
fa0755c1,Electronics,334.67,50,167.34,Net Banking,09/03/2024,2024,March,Qtr 1,Saturday,167.335
dcf4a9c1,Clothing,448.02,30,313.61,UPI,20/06/2024,2024,June,Qtr 2,Thursday,134.406
a453276f,Clothing,424.33,5,403.11,Cash on Delivery,29/10/2024,2024,October,Qtr 4,Tuesday,21.2165
fb93fc53,Sports,56.69,25,42.52,UPI,12/03/2024,2024,March,Qtr 1,Tuesday,14.1725
be4d0858,Sports,431.13,50,215.56,Net Banking,22/01/2024,2024,January,Qtr 1,Monday,215.565
44898eb5,Clothing,353.93,0,353.93,Net Banking,31/07/2024,2024,July,Qtr 3,Wednesday,0
f3bd0c9c,Toys,54.61,0,54.61,UPI,30/09/2024,2024,September,Qtr 3,Monday,0
a3609e3a,Home & Kitchen,90.79,0,90.79,Net Banking,15/07/2024,2024,July,Qtr 3,Monday,0
e2a4a7db,Beauty,424.21,30,296.95,Credit Card,06/09/2024,2024,September,Qtr 3,Friday,127.263
8971789f,Beauty,45.8,25,34.35,Debit Card,17/09/2024,2024,September,Qtr 3,Tuesday,11.45
68f22075,Toys,301.6,20,241.28,Debit Card,22/10/2024,2024,October,Qtr 4,Tuesday,60.32
ed4b302d,Home & Kitchen,241.97,10,217.77,Cash on Delivery,17/07/2024,2024,July,Qtr 3,Wednesday,24.197
6de2894e,Books,335.84,5,319.05,Net Banking,09/07/2024,2024,July,Qtr 3,Tuesday,16.792
723b2af2,Sports,317.46,0,317.46,Cash on Delivery,20/01/2024,2024,January,Qtr 1,Saturday,0
2c36db95,Clothing,53.79,5,51.1,Credit Card,11/03/2024,2024,March,Qtr 1,Monday,2.6895
194aa278,Beauty,459.39,30,321.57,Cash on Delivery,06/07/2024,2024,July,Qtr 3,Saturday,137.817
3575e317,Home & Kitchen,175.33,20,140.26,Net Banking,25/05/2024,2024,May,Qtr 2,Saturday,35.066
787738ba,Beauty,69.77,30,48.84,UPI,30/08/2024,2024,August,Qtr 3,Friday,20.931
104bedf9,Beauty,157.11,10,141.4,Net Banking,12/09/2024,2024,September,Qtr 3,Thursday,15.711
7d92827a,Beauty,102.7,30,71.89,Credit Card,09/08/2024,2024,August,Qtr 3,Friday,30.81
22d18844,Clothing,312.85,25,234.64,Net Banking,22/07/2024,2024,July,Qtr 3,Monday,78.2125
2f96ad99,Clothing,317.59,30,222.31,UPI,18/04/2024,2024,April,Qtr 2,Thursday,95.277
63536a72,Beauty,218.68,10,196.81,Credit Card,04/02/2024,2024,February,Qtr 1,Sunday,21.868
751c5619,Sports,56.45,50,28.23,Net Banking,08/02/2024,2024,February,Qtr 1,Thursday,28.225
b07dfbd1,Beauty,85.54,25,64.16,Credit Card,11/07/2024,2024,July,Qtr 3,Thursday,21.385
f7126ee5,Toys,200.44,50,100.22,UPI,18/11/2024,2024,November,Qtr 4,Monday,100.22
0bade6a5,Electronics,132.23,25,99.17,Net Banking,13/02/2024,2024,February,Qtr 1,Tuesday,33.0575
9b48b7a6,Sports,217.61,10,195.85,Debit Card,14/02/2024,2024,February,Qtr 1,Wednesday,21.761
0df32f0e,Books,227.44,10,204.7,Net Banking,14/05/2024,2024,May,Qtr 2,Tuesday,22.744
fa628d2b,Electronics,154.15,20,123.32,Cash on Delivery,21/08/2024,2024,August,Qtr 3,Wednesday,30.83
ed518f41,Books,19.42,0,19.42,UPI,21/06/2024,2024,June,Qtr 2,Friday,0
ddcb54d3,Home & Kitchen,423.01,5,401.86,Net Banking,31/01/2024,2024,January,Qtr 1,Wednesday,21.1505
3c71e319,Electronics,352.47,0,352.47,Net Banking,25/06/2024,2024,June,Qtr 2,Tuesday,0
95517d12,Books,323.85,50,161.93,Credit Card,16/11/2024,2024,November,Qtr 4,Saturday,161.925
1886386b,Clothing,96.34,20,77.07,Credit Card,17/03/2024,2024,March,Qtr 1,Sunday,19.268
00333c7a,Toys,11.54,25,8.65,Credit Card,07/05/2024,2024,May,Qtr 2,Tuesday,2.885
1ddc65f3,Beauty,376.52,0,376.52,Cash on Delivery,07/01/2024,2024,January,Qtr 1,Sunday,0
a2cffcc6,Electronics,258.91,25,194.18,Cash on Delivery,08/05/2024,2024,May,Qtr 2,Wednesday,64.7275
f3e197f3,Sports,209.44,30,146.61,UPI,03/04/2024,2024,April,Qtr 2,Wednesday,62.832
6bd8fa3a,Beauty,489.9,10,440.91,Net Banking,03/05/2024,2024,May,Qtr 2,Friday,48.99
1a2e9e50,Beauty,371.81,50,185.91,Debit Card,27/02/2024,2024,February,Qtr 1,Tuesday,185.905
9e55c4c9,Toys,40.04,0,40.04,Credit Card,01/03/2024,2024,March,Qtr 1,Friday,0
ee2735fb,Sports,384.6,5,365.37,UPI,02/03/2024,2024,March,Qtr 1,Saturday,19.23
4c20ca93,Books,259.47,15,220.55,Credit Card,25/02/2024,2024,February,Qtr 1,Sunday,38.9205
f06f2d9e,Sports,483.34,5,459.17,UPI,28/03/2024,2024,March,Qtr 1,Thursday,24.167
93ff499d,Toys,253.19,5,240.53,Debit Card,23/05/2024,2024,May,Qtr 2,Thursday,12.6595
464108ea,Toys,419.4,50,209.7,Debit Card,19/05/2024,2024,May,Qtr 2,Sunday,209.7
1ec05b76,Home & Kitchen,245.52,20,196.42,Debit Card,29/10/2024,2024,October,Qtr 4,Tuesday,49.104
775596cf,Clothing,280.31,10,252.28,UPI,12/07/2024,2024,July,Qtr 3,Friday,28.031
771b6628,Sports,67.67,50,33.84,Net Banking,27/06/2024,2024,June,Qtr 2,Thursday,33.835
d6e6e405,Home & Kitchen,364.44,20,291.55,Debit Card,14/01/2024,2024,January,Qtr 1,Sunday,72.888
0b010741,Books,44.29,10,39.86,Net Banking,11/09/2024,2024,September,Qtr 3,Wednesday,4.429
8566ac6e,Beauty,461.31,30,322.92,UPI,04/01/2024,2024,January,Qtr 1,Thursday,138.393
fdc30694,Toys,473.17,10,425.85,Cash on Delivery,19/09/2024,2024,September,Qtr 3,Thursday,47.317
84ad9f2a,Home & Kitchen,133.49,50,66.75,UPI,28/09/2024,2024,September,Qtr 3,Saturday,66.745
56949334,Clothing,430.32,15,365.77,Debit Card,23/05/2024,2024,May,Qtr 2,Thursday,64.548
15eb948c,Sports,466.36,0,466.36,Debit Card,21/01/2024,2024,January,Qtr 1,Sunday,0
e8e7e07b,Electronics,274.4,25,205.8,Cash on Delivery,04/02/2024,2024,February,Qtr 1,Sunday,68.6
02fb8772,Books,29.3,0,29.3,Net Banking,18/06/2024,2024,June,Qtr 2,Tuesday,0
a7e884cf,Sports,122.96,15,104.52,Cash on Delivery,18/07/2024,2024,July,Qtr 3,Thursday,18.444
a55c61e9,Beauty,333.18,10,299.86,Debit Card,16/04/2024,2024,April,Qtr 2,Tuesday,33.318
82e33f7e,Books,221.69,5,210.61,Credit Card,25/07/2024,2024,July,Qtr 3,Thursday,11.0845
5a9a1268,Toys,250.53,10,225.48,Net Banking,21/11/2024,2024,November,Qtr 4,Thursday,25.053
4e1df27e,Electronics,135.86,15,115.48,Cash on Delivery,27/01/2024,2024,January,Qtr 1,Saturday,20.379
72f4df65,Electronics,225.4,15,191.59,Debit Card,02/04/2024,2024,April,Qtr 2,Tuesday,33.81
04ef2f48,Books,172.45,0,172.45,Credit Card,09/01/2024,2024,January,Qtr 1,Tuesday,0
ae1b0a5d,Sports,89.42,5,84.95,Debit Card,20/03/2024,2024,March,Qtr 1,Wednesday,4.471
eabb8e22,Beauty,488.14,50,244.07,Debit Card,16/02/2024,2024,February,Qtr 1,Friday,244.07
ca48ec71,Electronics,107.61,25,80.71,UPI,04/04/2024,2024,April,Qtr 2,Thursday,26.9025
be753111,Toys,463.05,15,393.59,Credit Card,10/05/2024,2024,May,Qtr 2,Friday,69.4575
4afdef19,Books,304.57,5,289.34,Net Banking,08/01/2024,2024,January,Qtr 1,Monday,15.2285
02dde509,Electronics,32.78,30,22.95,Credit Card,30/05/2024,2024,May,Qtr 2,Thursday,9.834
c1b4c7e7,Sports,56.83,30,39.78,Credit Card,25/07/2024,2024,July,Qtr 3,Thursday,17.049
f8578999,Home & Kitchen,158.57,25,118.93,UPI,01/01/2024,2024,January,Qtr 1,Monday,39.6425
4432a8ba,Toys,251.72,5,239.13,Debit Card,31/08/2024,2024,August,Qtr 3,Saturday,12.586
ca6f4f5a,Beauty,10.09,15,8.58,Cash on Delivery,11/05/2024,2024,May,Qtr 2,Saturday,1.5135
5b8004ef,Toys,303.28,0,303.28,Net Banking,24/06/2024,2024,June,Qtr 2,Monday,0
6c1cdb51,Electronics,312.92,15,265.98,Debit Card,18/10/2024,2024,October,Qtr 4,Friday,46.938
9e52ea4b,Home & Kitchen,402.85,15,342.42,Credit Card,02/03/2024,2024,March,Qtr 1,Saturday,60.4275
7319919d,Home & Kitchen,70.44,25,52.83,Credit Card,25/02/2024,2024,February,Qtr 1,Sunday,17.61
9db42c1b,Beauty,181.51,15,154.28,Debit Card,31/10/2024,2024,October,Qtr 4,Thursday,27.2265
dd556e28,Toys,448.07,0,448.07,Cash on Delivery,01/06/2024,2024,June,Qtr 2,Saturday,0
a140c968,Books,211.53,30,148.07,Cash on Delivery,25/10/2024,2024,October,Qtr 4,Friday,63.459
e8db0cc2,Home & Kitchen,196.14,25,147.1,UPI,12/07/2024,2024,July,Qtr 3,Friday,49.035
38007c77,Home & Kitchen,295.8,0,295.8,Debit Card,21/08/2024,2024,August,Qtr 3,Wednesday,0
c75e521c,Books,362.26,0,362.26,Net Banking,08/06/2024,2024,June,Qtr 2,Saturday,0
8c8f2810,Sports,188.56,15,160.28,Debit Card,15/06/2024,2024,June,Qtr 2,Saturday,28.284
6f386cf8,Sports,308.79,25,231.59,Net Banking,22/05/2024,2024,May,Qtr 2,Wednesday,77.1975
11c8bf8b,Toys,53.1,50,26.55,UPI,16/04/2024,2024,April,Qtr 2,Tuesday,26.55
c6619369,Toys,204.25,20,163.4,Credit Card,27/05/2024,2024,May,Qtr 2,Monday,40.85
687a8ef9,Clothing,117.23,0,117.23,UPI,11/04/2024,2024,April,Qtr 2,Thursday,0
add87525,Home & Kitchen,156.3,0,156.3,UPI,17/07/2024,2024,July,Qtr 3,Wednesday,0
480be977,Home & Kitchen,486.62,30,340.63,Net Banking,19/08/2024,2024,August,Qtr 3,Monday,145.986
52b0c046,Beauty,221.1,5,210.04,Debit Card,30/01/2024,2024,January,Qtr 1,Tuesday,11.055
17935504,Beauty,377.15,0,377.15,Debit Card,17/01/2024,2024,January,Qtr 1,Wednesday,0
6bfea417,Clothing,198.3,30,138.81,UPI,27/02/2024,2024,February,Qtr 1,Tuesday,59.49
25f8c79a,Electronics,450.82,5,428.28,Credit Card,18/07/2024,2024,July,Qtr 3,Thursday,22.541
2f07538e,Beauty,214.8,25,161.1,Net Banking,24/06/2024,2024,June,Qtr 2,Monday,53.7
ef989073,Clothing,178.58,50,89.29,Credit Card,04/02/2024,2024,February,Qtr 1,Sunday,89.29
746e7b01,Sports,237.9,30,166.53,Debit Card,12/06/2024,2024,June,Qtr 2,Wednesday,71.37
e597f5d5,Beauty,34.93,50,17.46,UPI,29/04/2024,2024,April,Qtr 2,Monday,17.465
a65c3d6a,Clothing,64.64,50,32.32,Cash on Delivery,23/03/2024,2024,March,Qtr 1,Saturday,32.32
37610673,Toys,170.08,50,85.04,Net Banking,13/11/2024,2024,November,Qtr 4,Wednesday,85.04
89c70f36,Beauty,276.05,10,248.45,Cash on Delivery,22/02/2024,2024,February,Qtr 1,Thursday,27.605
53ac6649,Beauty,48.61,25,36.46,Net Banking,15/06/2024,2024,June,Qtr 2,Saturday,12.1525
dd3d04ab,Toys,367.32,20,293.86,Net Banking,09/06/2024,2024,June,Qtr 2,Sunday,73.464
415b6195,Electronics,34.09,20,27.27,Debit Card,19/03/2024,2024,March,Qtr 1,Tuesday,6.818
a99176d1,Clothing,468.37,15,398.11,UPI,02/07/2024,2024,July,Qtr 3,Tuesday,70.2555
9fe834ec,Beauty,358.01,5,340.11,Net Banking,08/08/2024,2024,August,Qtr 3,Thursday,17.9005
cd11f9ff,Home & Kitchen,131.56,30,92.09,Debit Card,03/02/2024,2024,February,Qtr 1,Saturday,39.468
a8e5730c,Books,123.61,15,105.07,Credit Card,23/08/2024,2024,August,Qtr 3,Friday,18.5415
957b2713,Toys,263.15,5,249.99,Net Banking,11/08/2024,2024,August,Qtr 3,Sunday,13.1575
3fb7980a,Clothing,333.61,10,300.25,Credit Card,31/10/2024,2024,October,Qtr 4,Thursday,33.361
8fa5d77d,Books,285.17,0,285.17,Credit Card,03/08/2024,2024,August,Qtr 3,Saturday,0
7de5db7c,Toys,494.04,5,469.34,Credit Card,23/04/2024,2024,April,Qtr 2,Tuesday,24.702
01d6ef4f,Clothing,405.3,20,324.24,Net Banking,16/04/2024,2024,April,Qtr 2,Tuesday,81.06
61b0a56f,Clothing,450.5,5,427.97,Debit Card,20/07/2024,2024,July,Qtr 3,Saturday,22.525
d81b895d,Toys,342.2,30,239.54,UPI,05/05/2024,2024,May,Qtr 2,Sunday,102.66
4176fef0,Sports,141.64,50,70.82,Cash on Delivery,29/04/2024,2024,April,Qtr 2,Monday,70.82
a669be47,Books,420.46,5,399.44,Cash on Delivery,22/02/2024,2024,February,Qtr 1,Thursday,21.023
fc38d815,Books,154.85,30,108.39,UPI,09/11/2024,2024,November,Qtr 4,Saturday,46.455
526f0441,Toys,14.98,50,7.49,Net Banking,30/09/2024,2024,September,Qtr 3,Monday,7.49
192f4b21,Electronics,222.53,30,155.77,Credit Card,01/02/2024,2024,February,Qtr 1,Thursday,66.759
6f0b1b90,Electronics,469.59,10,422.63,Credit Card,29/06/2024,2024,June,Qtr 2,Saturday,46.959
13c26270,Electronics,159.68,30,111.78,Debit Card,29/07/2024,2024,July,Qtr 3,Monday,47.904
21e0291a,Clothing,332.28,5,315.67,Cash on Delivery,17/02/2024,2024,February,Qtr 1,Saturday,16.614
7c026f97,Clothing,43.45,25,32.59,Net Banking,22/02/2024,2024,February,Qtr 1,Thursday,10.8625
2cac4c48,Home & Kitchen,189.9,15,161.41,Credit Card,13/01/2024,2024,January,Qtr 1,Saturday,28.485
4549848,Clothing,469.25,15,398.86,Net Banking,25/04/2024,2024,April,Qtr 2,Thursday,70.3875
486bec14,Home & Kitchen,176.77,0,176.77,UPI,21/06/2024,2024,June,Qtr 2,Friday,0
2c5dc3ec,Home & Kitchen,50.18,50,25.09,Net Banking,30/07/2024,2024,July,Qtr 3,Tuesday,25.09
104cbed3,Electronics,472.29,0,472.29,Debit Card,19/04/2024,2024,April,Qtr 2,Friday,0
f2958613,Books,168.18,5,159.77,Credit Card,27/07/2024,2024,July,Qtr 3,Saturday,8.409
3ddad16f,Clothing,302.29,10,272.06,Cash on Delivery,27/02/2024,2024,February,Qtr 1,Tuesday,30.229
b3801e1b,Toys,229.69,25,172.27,UPI,21/08/2024,2024,August,Qtr 3,Wednesday,57.4225
caf9113b,Sports,39.88,5,37.89,Credit Card,09/06/2024,2024,June,Qtr 2,Sunday,1.994
9795e31b,Clothing,487.58,15,414.44,Debit Card,28/04/2024,2024,April,Qtr 2,Sunday,73.137
32196cbd,Beauty,435.68,0,435.68,Net Banking,03/09/2024,2024,September,Qtr 3,Tuesday,0
c9e6f7ce,Beauty,246.05,30,172.23,UPI,11/01/2024,2024,January,Qtr 1,Thursday,73.815
858696b6,Toys,354.39,10,318.95,Debit Card,07/11/2024,2024,November,Qtr 4,Thursday,35.439
7b0c5a76,Home & Kitchen,429.88,25,322.41,Credit Card,21/07/2024,2024,July,Qtr 3,Sunday,107.47
6266c8eb,Beauty,382,20,305.6,UPI,02/09/2024,2024,September,Qtr 3,Monday,76.4
3.2E+65,Sports,358.92,30,251.24,Cash on Delivery,26/03/2024,2024,March,Qtr 1,Tuesday,107.676
69436d0b,Sports,299.6,25,224.7,Debit Card,25/04/2024,2024,April,Qtr 2,Thursday,74.9
560370a9,Beauty,399.82,50,199.91,Debit Card,14/01/2024,2024,January,Qtr 1,Sunday,199.91
3d46ebd4,Home & Kitchen,493.1,25,369.83,Net Banking,18/07/2024,2024,July,Qtr 3,Thursday,123.275
3f68ed08,Home & Kitchen,367.95,30,257.56,UPI,06/05/2024,2024,May,Qtr 2,Monday,110.385
878d3714,Electronics,24.9,10,22.41,UPI,02/04/2024,2024,April,Qtr 2,Tuesday,2.49
69ca6114,Beauty,271.48,50,135.74,Cash on Delivery,30/05/2024,2024,May,Qtr 2,Thursday,135.74
bb9c024b,Toys,196.43,15,166.97,Net Banking,02/01/2024,2024,January,Qtr 1,Tuesday,29.4645
99776807,Electronics,158.88,5,150.94,Net Banking,27/09/2024,2024,September,Qtr 3,Friday,7.944
312114bd,Clothing,79.33,20,63.46,UPI,13/08/2024,2024,August,Qtr 3,Tuesday,15.866
21bb3317,Beauty,82.45,0,82.45,Debit Card,06/07/2024,2024,July,Qtr 3,Saturday,0
9e6fdcc2,Beauty,120.64,0,120.64,Debit Card,09/11/2024,2024,November,Qtr 4,Saturday,0
c5a98dc4,Books,41.21,0,41.21,Credit Card,03/07/2024,2024,July,Qtr 3,Wednesday,0
c8d53642,Beauty,57.34,20,45.87,Cash on Delivery,15/08/2024,2024,August,Qtr 3,Thursday,11.468
92770171,Sports,339.34,15,288.44,Net Banking,13/05/2024,2024,May,Qtr 2,Monday,50.901
731fda80,Clothing,204.21,15,173.58,Net Banking,17/02/2024,2024,February,Qtr 1,Saturday,30.6315
e8ac7f4d,Toys,338.65,30,237.05,Debit Card,24/02/2024,2024,February,Qtr 1,Saturday,101.595
96aad22f,Sports,489.79,50,244.9,Cash on Delivery,15/04/2024,2024,April,Qtr 2,Monday,244.895
b17f30e1,Clothing,109.25,5,103.79,Credit Card,24/09/2024,2024,September,Qtr 3,Tuesday,5.4625
a51af881,Clothing,51.45,15,43.73,Cash on Delivery,14/01/2024,2024,January,Qtr 1,Sunday,7.7175
d7517ae4,Electronics,335.99,20,268.79,Net Banking,09/05/2024,2024,May,Qtr 2,Thursday,67.198
360ae88b,Clothing,330.38,15,280.82,Net Banking,27/10/2024,2024,October,Qtr 4,Sunday,49.557
40d718b5,Electronics,131.14,5,124.58,Net Banking,19/06/2024,2024,June,Qtr 2,Wednesday,6.557
932c8bf3,Beauty,70.91,10,63.82,Debit Card,31/01/2024,2024,January,Qtr 1,Wednesday,7.091
998e790d,Clothing,60.45,20,48.36,UPI,23/04/2024,2024,April,Qtr 2,Tuesday,12.09
4d056465,Beauty,15.53,10,13.98,UPI,25/04/2024,2024,April,Qtr 2,Thursday,1.553
316d6899,Sports,73.02,15,62.07,Credit Card,06/10/2024,2024,October,Qtr 4,Sunday,10.953
ff119d8e,Beauty,145.2,15,123.42,Debit Card,15/11/2024,2024,November,Qtr 4,Friday,21.78
05b592f1,Toys,169.63,0,169.63,Net Banking,06/11/2024,2024,November,Qtr 4,Wednesday,0
d17ea8e2,Books,298.89,0,298.89,Credit Card,24/01/2024,2024,January,Qtr 1,Wednesday,0
8033eca7,Toys,44.62,50,22.31,Debit Card,26/06/2024,2024,June,Qtr 2,Wednesday,22.31
8d3641c7,Electronics,141.65,50,70.83,UPI,20/10/2024,2024,October,Qtr 4,Sunday,70.825
64b8eba5,Beauty,68.93,10,62.04,Cash on Delivery,26/09/2024,2024,September,Qtr 3,Thursday,6.893
ff482f56,Books,466.55,25,349.91,Net Banking,20/11/2024,2024,November,Qtr 4,Wednesday,116.6375
91a63275,Books,363.65,25,272.74,Net Banking,15/05/2024,2024,May,Qtr 2,Wednesday,90.9125
551a42ec,Electronics,332.45,50,166.22,UPI,04/06/2024,2024,June,Qtr 2,Tuesday,166.225
ac582370,Beauty,70.54,30,49.38,Net Banking,11/09/2024,2024,September,Qtr 3,Wednesday,21.162
c5a6ecbd,Clothing,419.78,20,335.82,UPI,08/08/2024,2024,August,Qtr 3,Thursday,83.956
b85d890a,Books,229.55,15,195.12,Cash on Delivery,02/11/2024,2024,November,Qtr 4,Saturday,34.4325
4f915eae,Beauty,352.62,0,352.62,Credit Card,27/04/2024,2024,April,Qtr 2,Saturday,0
0a017e5a,Clothing,291.47,15,247.75,Cash on Delivery,14/07/2024,2024,July,Qtr 3,Sunday,43.7205
e86cf289,Books,283.16,30,198.21,UPI,26/04/2024,2024,April,Qtr 2,Friday,84.948
dc5953be,Toys,191.38,15,162.67,Net Banking,23/01/2024,2024,January,Qtr 1,Tuesday,28.707
36cd4e86,Toys,342.06,15,290.75,Debit Card,30/03/2024,2024,March,Qtr 1,Saturday,51.309
f007a18c,Beauty,161.34,0,161.34,UPI,29/02/2024,2024,February,Qtr 1,Thursday,0
fa0641b0,Sports,65.76,10,59.18,Debit Card,06/09/2024,2024,September,Qtr 3,Friday,6.576
4c8025bd,Home & Kitchen,479.55,50,239.78,Net Banking,13/03/2024,2024,March,Qtr 1,Wednesday,239.775
ff985431,Home & Kitchen,38.91,50,19.45,Net Banking,23/07/2024,2024,July,Qtr 3,Tuesday,19.455
348cf1e9,Beauty,110.36,30,77.25,Credit Card,14/09/2024,2024,September,Qtr 3,Saturday,33.108
1c4f3915,Electronics,249.3,5,236.84,Cash on Delivery,22/09/2024,2024,September,Qtr 3,Sunday,12.465
1b0d38af,Electronics,211.9,15,180.12,Cash on Delivery,05/10/2024,2024,October,Qtr 4,Saturday,31.785
d627f474,Toys,442.51,0,442.51,Credit Card,01/11/2024,2024,November,Qtr 4,Friday,0
6b1202f1,Toys,315.06,25,236.3,Net Banking,19/01/2024,2024,January,Qtr 1,Friday,78.765
d1574c62,Beauty,343.3,30,240.31,Net Banking,30/03/2024,2024,March,Qtr 1,Saturday,102.99
0a3a6c62,Electronics,283.44,15,240.92,UPI,16/06/2024,2024,June,Qtr 2,Sunday,42.516
952255c3,Home & Kitchen,370.42,30,259.29,UPI,13/07/2024,2024,July,Qtr 3,Saturday,111.126
194fe55b,Beauty,196.54,0,196.54,Debit Card,21/10/2024,2024,October,Qtr 4,Monday,0
519d967d,Beauty,135.73,15,115.37,Debit Card,27/08/2024,2024,August,Qtr 3,Tuesday,20.3595
f1f41f6b,Clothing,129.34,15,109.94,Cash on Delivery,30/08/2024,2024,August,Qtr 3,Friday,19.401
1b4d6975,Books,35.85,10,32.27,Credit Card,15/08/2024,2024,August,Qtr 3,Thursday,3.585
c7be3edf,Beauty,247.91,20,198.33,Cash on Delivery,12/01/2024,2024,January,Qtr 1,Friday,49.582
71b9e86e,Home & Kitchen,343.77,30,240.64,Net Banking,01/04/2024,2024,April,Qtr 2,Monday,103.131
dd2c6eea,Home & Kitchen,219.9,0,219.9,Debit Card,09/01/2024,2024,January,Qtr 1,Tuesday,0
ef63128f,Sports,111.63,30,78.14,Cash on Delivery,26/04/2024,2024,April,Qtr 2,Friday,33.489
1e8db66c,Electronics,12.81,0,12.81,UPI,28/02/2024,2024,February,Qtr 1,Wednesday,0
a95a20a0,Toys,42.07,15,35.76,Net Banking,27/09/2024,2024,September,Qtr 3,Friday,6.3105
5a406d56,Books,12.31,10,11.08,Credit Card,09/09/2024,2024,September,Qtr 3,Monday,1.231
c22bfd43,Toys,117.78,10,106,Net Banking,18/05/2024,2024,May,Qtr 2,Saturday,11.778
0f083239,Sports,139.02,30,97.31,Cash on Delivery,18/01/2024,2024,January,Qtr 1,Thursday,41.706
79fe00c9,Clothing,470.95,20,376.76,Credit Card,02/01/2024,2024,January,Qtr 1,Tuesday,94.19
3f26e7ae,Clothing,219.54,15,186.61,UPI,22/04/2024,2024,April,Qtr 2,Monday,32.931
6b52b5c2,Toys,121.26,0,121.26,Cash on Delivery,30/05/2024,2024,May,Qtr 2,Thursday,0
b4731c18,Electronics,247.73,20,198.18,Cash on Delivery,14/10/2024,2024,October,Qtr 4,Monday,49.546
28b4e804,Books,96.82,5,91.98,Credit Card,24/05/2024,2024,May,Qtr 2,Friday,4.841
6db9b785,Toys,62.47,15,53.1,Cash on Delivery,15/08/2024,2024,August,Qtr 3,Thursday,9.3705
3980a7d0,Clothing,367.66,20,294.13,Cash on Delivery,10/02/2024,2024,February,Qtr 1,Saturday,73.532
a97b9cc2,Home & Kitchen,349.25,10,314.32,UPI,02/08/2024,2024,August,Qtr 3,Friday,34.925
b11b4773,Clothing,130.8,25,98.1,Debit Card,01/03/2024,2024,March,Qtr 1,Friday,32.7
d32ae048,Clothing,186.72,50,93.36,Credit Card,31/07/2024,2024,July,Qtr 3,Wednesday,93.36
48868729,Home & Kitchen,364.33,30,255.03,UPI,12/09/2024,2024,September,Qtr 3,Thursday,109.299
b1c9cd33,Toys,442.58,5,420.45,Net Banking,25/06/2024,2024,June,Qtr 2,Tuesday,22.129
1.1E+244,Home & Kitchen,114.99,5,109.24,Credit Card,08/04/2024,2024,April,Qtr 2,Monday,5.7495
1f77f62c,Home & Kitchen,239.96,50,119.98,Debit Card,11/07/2024,2024,July,Qtr 3,Thursday,119.98
0ad19220,Home & Kitchen,105.15,5,99.89,Net Banking,03/09/2024,2024,September,Qtr 3,Tuesday,5.2575
1aad3236,Clothing,169.17,25,126.88,UPI,16/10/2024,2024,October,Qtr 4,Wednesday,42.2925
fa33e600,Toys,102.19,15,86.86,Cash on Delivery,02/05/2024,2024,May,Qtr 2,Thursday,15.3285
4ea11ef1,Clothing,448.45,0,448.45,Debit Card,17/10/2024,2024,October,Qtr 4,Thursday,0
54b284dd,Home & Kitchen,253.96,10,228.56,Cash on Delivery,23/04/2024,2024,April,Qtr 2,Tuesday,25.396
caba820c,Books,11.78,50,5.89,UPI,06/11/2024,2024,November,Qtr 4,Wednesday,5.89
4086f63d,Clothing,369.37,0,369.37,Credit Card,24/10/2024,2024,October,Qtr 4,Thursday,0
7d57d3b7,Clothing,428.52,50,214.26,Credit Card,15/07/2024,2024,July,Qtr 3,Monday,214.26
d285d9d3,Books,381.47,30,267.03,Net Banking,10/10/2024,2024,October,Qtr 4,Thursday,114.441
804674ae,Electronics,414.58,20,331.66,UPI,18/02/2024,2024,February,Qtr 1,Sunday,82.916
6142601c,Clothing,49.72,10,44.75,Net Banking,18/03/2024,2024,March,Qtr 1,Monday,4.972
2af6136c,Toys,51.29,30,35.9,Net Banking,27/05/2024,2024,May,Qtr 2,Monday,15.387
460c3e00,Sports,309.46,0,309.46,Debit Card,11/01/2024,2024,January,Qtr 1,Thursday,0
608c2f04,Beauty,313.73,30,219.61,UPI,20/02/2024,2024,February,Qtr 1,Tuesday,94.119
ef8a9fed,Books,272.64,20,218.11,Cash on Delivery,17/11/2024,2024,November,Qtr 4,Sunday,54.528
8.7E+250,Home & Kitchen,267.6,20,214.08,Net Banking,19/02/2024,2024,February,Qtr 1,Monday,53.52
9d8bead6,Beauty,498.34,5,473.42,Net Banking,17/11/2024,2024,November,Qtr 4,Sunday,24.917
68709475,Toys,161.07,10,144.96,UPI,29/03/2024,2024,March,Qtr 1,Friday,16.107
c222c42b,Books,282.59,25,211.94,Net Banking,21/03/2024,2024,March,Qtr 1,Thursday,70.6475
57435261,Home & Kitchen,270.51,25,202.88,Cash on Delivery,04/11/2024,2024,November,Qtr 4,Monday,67.6275
fa900887,Beauty,486.77,30,340.74,Cash on Delivery,10/06/2024,2024,June,Qtr 2,Monday,146.031
4658f0ae,Books,70.29,25,52.72,Net Banking,06/04/2024,2024,April,Qtr 2,Saturday,17.5725
d9b27cae,Sports,286.09,25,214.57,Credit Card,23/09/2024,2024,September,Qtr 3,Monday,71.5225
23b03fac,Beauty,15.28,20,12.22,UPI,13/11/2024,2024,November,Qtr 4,Wednesday,3.056
b97ada3e,Toys,493.29,25,369.97,Debit Card,17/11/2024,2024,November,Qtr 4,Sunday,123.3225
4d481030,Home & Kitchen,499.03,50,249.51,Net Banking,24/04/2024,2024,April,Qtr 2,Wednesday,249.515
fca884d2,Toys,55.74,20,44.59,UPI,24/01/2024,2024,January,Qtr 1,Wednesday,11.148
d5762773,Electronics,39.08,0,39.08,Debit Card,13/06/2024,2024,June,Qtr 2,Thursday,0
4d2c701a,Books,184.5,0,184.5,Debit Card,18/10/2024,2024,October,Qtr 4,Friday,0
9d75a469,Sports,23.78,25,17.84,Debit Card,05/05/2024,2024,May,Qtr 2,Sunday,5.945
b848073a,Toys,305.11,5,289.85,Debit Card,28/08/2024,2024,August,Qtr 3,Wednesday,15.2555
83ca1c02,Beauty,70.75,30,49.52,UPI,10/03/2024,2024,March,Qtr 1,Sunday,21.225
3bb68633,Toys,47.82,50,23.91,Debit Card,25/02/2024,2024,February,Qtr 1,Sunday,23.91
6c24cb73,Electronics,315.17,0,315.17,Credit Card,22/02/2024,2024,February,Qtr 1,Thursday,0
888f0c0c,Home & Kitchen,391.15,30,273.8,Credit Card,21/08/2024,2024,August,Qtr 3,Wednesday,117.345
e38b857a,Home & Kitchen,208.82,0,208.82,Cash on Delivery,13/04/2024,2024,April,Qtr 2,Saturday,0
f88d9ff6,Clothing,167.14,10,150.43,Cash on Delivery,12/11/2024,2024,November,Qtr 4,Tuesday,16.714
044aec61,Toys,103.58,30,72.51,Credit Card,30/03/2024,2024,March,Qtr 1,Saturday,31.074
8f328c6a,Clothing,330.62,30,231.43,Net Banking,19/02/2024,2024,February,Qtr 1,Monday,99.186
088e7c77,Toys,332.62,20,266.1,UPI,07/10/2024,2024,October,Qtr 4,Monday,66.524
bc9e7036,Electronics,378.56,10,340.7,UPI,11/10/2024,2024,October,Qtr 4,Friday,37.856
9c15f01a,Toys,316.26,0,316.26,Debit Card,04/04/2024,2024,April,Qtr 2,Thursday,0
ec2e8c2b,Home & Kitchen,342.44,20,273.95,Net Banking,23/10/2024,2024,October,Qtr 4,Wednesday,68.488
7a0ac843,Beauty,397.84,30,278.49,Net Banking,13/10/2024,2024,October,Qtr 4,Sunday,119.352
d90a3d96,Electronics,108.21,10,97.39,Credit Card,10/10/2024,2024,October,Qtr 4,Thursday,10.821
e03f2fdc,Home & Kitchen,18.66,0,18.66,UPI,18/04/2024,2024,April,Qtr 2,Thursday,0
21946755,Beauty,409.47,30,286.63,Debit Card,22/09/2024,2024,September,Qtr 3,Sunday,122.841
82df795e,Home & Kitchen,173.97,30,121.78,Net Banking,11/11/2024,2024,November,Qtr 4,Monday,52.191
5dee981a,Beauty,168.6,15,143.31,Credit Card,08/05/2024,2024,May,Qtr 2,Wednesday,25.29
3e68b451,Home & Kitchen,339.21,10,305.29,Credit Card,14/07/2024,2024,July,Qtr 3,Sunday,33.921
e03911fb,Electronics,285.03,25,213.77,Debit Card,29/07/2024,2024,July,Qtr 3,Monday,71.2575
aacab2f6,Toys,248.35,0,248.35,Debit Card,25/06/2024,2024,June,Qtr 2,Tuesday,0
041ccaac,Home & Kitchen,457.3,0,457.3,Net Banking,16/05/2024,2024,May,Qtr 2,Thursday,0
c8c57043,Beauty,473.99,30,331.79,Credit Card,26/05/2024,2024,May,Qtr 2,Sunday,142.197
bbcfa0fc,Home & Kitchen,374.73,15,318.52,Cash on Delivery,21/06/2024,2024,June,Qtr 2,Friday,56.2095
4e5efb67,Books,98.06,0,98.06,Debit Card,29/07/2024,2024,July,Qtr 3,Monday,0
04b3b0ae,Sports,96.7,15,82.19,Net Banking,13/01/2024,2024,January,Qtr 1,Saturday,14.505
c18db35e,Sports,242.2,30,169.54,Credit Card,10/10/2024,2024,October,Qtr 4,Thursday,72.66
e021ffd9,Home & Kitchen,68.81,25,51.61,Cash on Delivery,20/02/2024,2024,February,Qtr 1,Tuesday,17.2025
5f605a18,Home & Kitchen,279.24,50,139.62,Credit Card,13/03/2024,2024,March,Qtr 1,Wednesday,139.62
5f7fa070,Electronics,157.2,10,141.48,Credit Card,29/05/2024,2024,May,Qtr 2,Wednesday,15.72
d995d10a,Sports,100.84,20,80.67,Cash on Delivery,10/03/2024,2024,March,Qtr 1,Sunday,20.168
dd88caa9,Sports,475.29,25,356.47,Cash on Delivery,07/03/2024,2024,March,Qtr 1,Thursday,118.8225
931db1ae,Home & Kitchen,354.3,25,265.73,Credit Card,16/01/2024,2024,January,Qtr 1,Tuesday,88.575
d609c578,Electronics,411.94,0,411.94,Cash on Delivery,22/05/2024,2024,May,Qtr 2,Wednesday,0
5f28d20d,Home & Kitchen,394.76,25,296.07,Net Banking,28/03/2024,2024,March,Qtr 1,Thursday,98.69
9ab109a6,Beauty,145.13,25,108.85,Credit Card,13/06/2024,2024,June,Qtr 2,Thursday,36.2825
72d22971,Home & Kitchen,357.28,10,321.55,Cash on Delivery,22/01/2024,2024,January,Qtr 1,Monday,35.728
0bfeb002,Electronics,471.26,15,400.57,UPI,16/09/2024,2024,September,Qtr 3,Monday,70.689
eb8345db,Home & Kitchen,266.52,20,213.22,UPI,06/05/2024,2024,May,Qtr 2,Monday,53.304
cb22dc9d,Clothing,424.42,5,403.2,Debit Card,21/11/2024,2024,November,Qtr 4,Thursday,21.221
8e766f32,Toys,340.82,0,340.82,Debit Card,23/05/2024,2024,May,Qtr 2,Thursday,0
2db259c4,Clothing,14.61,5,13.88,UPI,16/04/2024,2024,April,Qtr 2,Tuesday,0.7305
33af27e1,Beauty,361.82,20,289.46,Cash on Delivery,08/11/2024,2024,November,Qtr 4,Friday,72.364
6f731519,Books,408.43,50,204.22,Debit Card,04/05/2024,2024,May,Qtr 2,Saturday,204.215
9e0d98a7,Clothing,298.3,25,223.73,Credit Card,20/10/2024,2024,October,Qtr 4,Sunday,74.575
3a3e2372,Sports,107.22,0,107.22,Debit Card,08/06/2024,2024,June,Qtr 2,Saturday,0
87347c2e,Books,62.65,50,31.32,UPI,10/05/2024,2024,May,Qtr 2,Friday,31.325
2e19e8b7,Clothing,388.74,15,330.43,Cash on Delivery,17/10/2024,2024,October,Qtr 4,Thursday,58.311
5ed3f96c,Electronics,170.72,5,162.18,Net Banking,19/05/2024,2024,May,Qtr 2,Sunday,8.536
43dd49d4,Electronics,427.8,20,342.24,Credit Card,11/08/2024,2024,August,Qtr 3,Sunday,85.56
5e6c1d1c,Sports,172.15,0,172.15,Cash on Delivery,07/09/2024,2024,September,Qtr 3,Saturday,0
1b4ce378,Clothing,123.37,25,92.53,Credit Card,26/06/2024,2024,June,Qtr 2,Wednesday,30.8425
5a5e5be2,Beauty,395.77,20,316.62,Debit Card,20/02/2024,2024,February,Qtr 1,Tuesday,79.154
ee51a889,Electronics,326.73,15,277.72,Net Banking,18/09/2024,2024,September,Qtr 3,Wednesday,49.0095
3b6187d3,Beauty,196.18,30,137.33,Credit Card,11/07/2024,2024,July,Qtr 3,Thursday,58.854
2d95c0e0,Home & Kitchen,355.37,10,319.83,UPI,08/01/2024,2024,January,Qtr 1,Monday,35.537
e6296714,Beauty,72.64,20,58.11,UPI,21/03/2024,2024,March,Qtr 1,Thursday,14.528
84e5815f,Clothing,94.64,30,66.25,Credit Card,31/03/2024,2024,March,Qtr 1,Sunday,28.392
f3cc28a1,Sports,363.85,5,345.66,Debit Card,24/10/2024,2024,October,Qtr 4,Thursday,18.1925
74a79c20,Beauty,182.2,30,127.54,Credit Card,22/05/2024,2024,May,Qtr 2,Wednesday,54.66
4e2147a2,Beauty,114.15,20,91.32,Credit Card,29/01/2024,2024,January,Qtr 1,Monday,22.83
fdbb057a,Clothing,135.7,15,115.34,UPI,04/10/2024,2024,October,Qtr 4,Friday,20.355
4884a43e,Beauty,421.02,25,315.76,Debit Card,10/05/2024,2024,May,Qtr 2,Friday,105.255
a3636616,Electronics,476.41,10,428.77,Net Banking,06/05/2024,2024,May,Qtr 2,Monday,47.641
d8332547,Electronics,92.19,10,82.97,Cash on Delivery,03/01/2024,2024,January,Qtr 1,Wednesday,9.219
5ad47c7e,Clothing,258.6,15,219.81,Net Banking,09/02/2024,2024,February,Qtr 1,Friday,38.79
9983f3fd,Clothing,154.47,5,146.75,Debit Card,17/01/2024,2024,January,Qtr 1,Wednesday,7.7235
89368ede,Toys,57.82,10,52.04,Net Banking,28/01/2024,2024,January,Qtr 1,Sunday,5.782
7fb18eb2,Beauty,493.56,30,345.49,UPI,03/01/2024,2024,January,Qtr 1,Wednesday,148.068
a8fc7be9,Toys,92.41,50,46.2,Net Banking,17/10/2024,2024,October,Qtr 4,Thursday,46.205
bdd7eca6,Sports,433.77,20,347.02,Net Banking,03/09/2024,2024,September,Qtr 3,Tuesday,86.754
2e35be56,Sports,368.86,50,184.43,Cash on Delivery,25/07/2024,2024,July,Qtr 3,Thursday,184.43
a3de9f0e,Clothing,227.2,20,181.76,Credit Card,04/10/2024,2024,October,Qtr 4,Friday,45.44
31b3a467,Toys,167.04,20,133.63,Net Banking,24/08/2024,2024,August,Qtr 3,Saturday,33.408
73e3bfdd,Beauty,129.27,15,109.88,Debit Card,12/08/2024,2024,August,Qtr 3,Monday,19.3905
29aa9b2f,Clothing,434.22,25,325.67,Debit Card,18/02/2024,2024,February,Qtr 1,Sunday,108.555
ba0825d1,Beauty,397.35,10,357.62,Debit Card,25/04/2024,2024,April,Qtr 2,Thursday,39.735
6885f20e,Sports,116.85,30,81.79,Cash on Delivery,02/10/2024,2024,October,Qtr 4,Wednesday,35.055
a4ae5a91,Sports,356.66,5,338.83,Credit Card,21/08/2024,2024,August,Qtr 3,Wednesday,17.833
ab62ed9e,Beauty,202.5,50,101.25,UPI,07/01/2024,2024,January,Qtr 1,Sunday,101.25
c018f6d8,Beauty,373.86,30,261.7,Credit Card,28/05/2024,2024,May,Qtr 2,Tuesday,112.158
4515f435,Clothing,247.81,0,247.81,UPI,07/07/2024,2024,July,Qtr 3,Sunday,0
d45acca2,Home & Kitchen,298.05,5,283.15,Credit Card,15/04/2024,2024,April,Qtr 2,Monday,14.9025
5aa5b49a,Beauty,364.54,5,346.31,Net Banking,24/08/2024,2024,August,Qtr 3,Saturday,18.227
5f938952,Sports,48.49,10,43.64,Credit Card,12/07/2024,2024,July,Qtr 3,Friday,4.849
aa265452,Home & Kitchen,270.36,15,229.81,Credit Card,29/09/2024,2024,September,Qtr 3,Sunday,40.554
a12bcc72,Home & Kitchen,279.37,0,279.37,UPI,25/08/2024,2024,August,Qtr 3,Sunday,0
f444bdd4,Sports,235.71,20,188.57,Net Banking,28/05/2024,2024,May,Qtr 2,Tuesday,47.142
d1192abc,Sports,358.33,5,340.41,Net Banking,27/01/2024,2024,January,Qtr 1,Saturday,17.9165
ac07a758,Beauty,62.99,30,44.09,UPI,03/11/2024,2024,November,Qtr 4,Sunday,18.897
a5f68cb7,Sports,108.95,0,108.95,Net Banking,16/11/2024,2024,November,Qtr 4,Saturday,0
dc0c9f8d,Clothing,321.56,25,241.17,Cash on Delivery,25/04/2024,2024,April,Qtr 2,Thursday,80.39
e3c0569a,Sports,271.59,25,203.69,Debit Card,05/11/2024,2024,November,Qtr 4,Tuesday,67.8975
7cdc9e1a,Books,498.73,25,374.05,UPI,01/08/2024,2024,August,Qtr 3,Thursday,124.6825
dbcb14fc,Beauty,135.77,25,101.83,Credit Card,12/07/2024,2024,July,Qtr 3,Friday,33.9425
dd08c8a2,Home & Kitchen,341.68,10,307.51,Net Banking,01/03/2024,2024,March,Qtr 1,Friday,34.168
ac61f504,Beauty,187.86,20,150.29,Debit Card,11/09/2024,2024,September,Qtr 3,Wednesday,37.572
2dbdb640,Toys,273.85,0,273.85,Cash on Delivery,29/07/2024,2024,July,Qtr 3,Monday,0
fc5376e9,Sports,359.75,30,251.82,Debit Card,09/02/2024,2024,February,Qtr 1,Friday,107.925
e8aaaa1f,Sports,497.98,50,248.99,Cash on Delivery,04/01/2024,2024,January,Qtr 1,Thursday,248.99
43f041a9,Clothing,191.08,20,152.86,UPI,24/06/2024,2024,June,Qtr 2,Monday,38.216
af40803c,Electronics,425.53,30,297.87,Credit Card,05/02/2024,2024,February,Qtr 1,Monday,127.659
cc22e521,Sports,116.19,20,92.95,Cash on Delivery,24/04/2024,2024,April,Qtr 2,Wednesday,23.238
93b27ac2,Sports,365.32,5,347.05,UPI,06/09/2024,2024,September,Qtr 3,Friday,18.266
6d749b0d,Books,12.56,20,10.05,UPI,05/03/2024,2024,March,Qtr 1,Tuesday,2.512
db854f27,Toys,133.11,10,119.8,Debit Card,11/06/2024,2024,June,Qtr 2,Tuesday,13.311
e5ce3b3c,Beauty,415.94,10,374.35,Cash on Delivery,22/01/2024,2024,January,Qtr 1,Monday,41.594
5afb864f,Books,57.71,15,49.05,Credit Card,22/04/2024,2024,April,Qtr 2,Monday,8.6565
c246cba9,Toys,51.09,10,45.98,Cash on Delivery,27/04/2024,2024,April,Qtr 2,Saturday,5.109
8daa1ef8,Books,480.65,30,336.45,UPI,29/10/2024,2024,October,Qtr 4,Tuesday,144.195
b423a542,Home & Kitchen,495.95,5,471.15,Debit Card,10/07/2024,2024,July,Qtr 3,Wednesday,24.7975
c3a12e7a,Home & Kitchen,55.64,15,47.29,Credit Card,07/06/2024,2024,June,Qtr 2,Friday,8.346
9114180a,Beauty,244.52,5,232.29,Credit Card,24/04/2024,2024,April,Qtr 2,Wednesday,12.226
3ccd93cb,Clothing,485.72,10,437.15,Debit Card,02/06/2024,2024,June,Qtr 2,Sunday,48.572
e9541774,Clothing,152.19,15,129.36,Credit Card,31/03/2024,2024,March,Qtr 1,Sunday,22.8285
0e01ba85,Beauty,481.03,50,240.51,Credit Card,03/11/2024,2024,November,Qtr 4,Sunday,240.515
dfb1c808,Beauty,74.24,10,66.82,Credit Card,25/09/2024,2024,September,Qtr 3,Wednesday,7.424
3d9773a1,Home & Kitchen,108.12,50,54.06,Cash on Delivery,02/08/2024,2024,August,Qtr 3,Friday,54.06
f3372a06,Home & Kitchen,418.85,0,418.85,UPI,11/02/2024,2024,February,Qtr 1,Sunday,0
4356aab2,Sports,323.61,5,307.43,Net Banking,16/04/2024,2024,April,Qtr 2,Tuesday,16.1805
03fd5c2d,Sports,473.15,10,425.83,Debit Card,21/01/2024,2024,January,Qtr 1,Sunday,47.315
94f5f92a,Electronics,439.29,20,351.43,UPI,05/06/2024,2024,June,Qtr 2,Wednesday,87.858
becaf4c3,Electronics,415.71,5,394.92,Cash on Delivery,19/02/2024,2024,February,Qtr 1,Monday,20.7855
db686a27,Toys,197.33,20,157.86,Debit Card,18/02/2024,2024,February,Qtr 1,Sunday,39.466
d0787b1a,Sports,488.2,5,463.79,UPI,06/02/2024,2024,February,Qtr 1,Tuesday,24.41
0d8c2f9b,Beauty,238.75,20,191,Credit Card,23/10/2024,2024,October,Qtr 4,Wednesday,47.75
9ddc1221,Books,37.22,30,26.05,Credit Card,19/04/2024,2024,April,Qtr 2,Friday,11.166
b2412a5a,Clothing,478.77,20,383.02,Net Banking,19/11/2024,2024,November,Qtr 4,Tuesday,95.754
9807ab52,Clothing,441.14,15,374.97,UPI,02/05/2024,2024,May,Qtr 2,Thursday,66.171
5679d9a7,Toys,209.12,30,146.38,UPI,02/05/2024,2024,May,Qtr 2,Thursday,62.736
aa3a7b58,Toys,71.71,10,64.54,UPI,01/09/2024,2024,September,Qtr 3,Sunday,7.171
e26fb2b1,Sports,213.18,15,181.2,Cash on Delivery,20/05/2024,2024,May,Qtr 2,Monday,31.977
c48e044f,Beauty,417.6,20,334.08,UPI,19/05/2024,2024,May,Qtr 2,Sunday,83.52
4e3dd393,Books,347.93,15,295.74,Debit Card,29/01/2024,2024,January,Qtr 1,Monday,52.1895
aaab97bb,Toys,431.65,25,323.74,Credit Card,20/05/2024,2024,May,Qtr 2,Monday,107.9125
932de343,Sports,212.6,0,212.6,UPI,16/03/2024,2024,March,Qtr 1,Saturday,0
df564d61,Home & Kitchen,485.75,20,388.6,UPI,08/09/2024,2024,September,Qtr 3,Sunday,97.15
d6b7aa1d,Electronics,230.19,25,172.64,Debit Card,10/04/2024,2024,April,Qtr 2,Wednesday,57.5475
65cfd186,Books,90.16,5,85.65,UPI,30/06/2024,2024,June,Qtr 2,Sunday,4.508
9.34E+83,Toys,361.98,10,325.78,UPI,18/07/2024,2024,July,Qtr 3,Thursday,36.198
ad920469,Clothing,404.79,5,384.55,Cash on Delivery,31/10/2024,2024,October,Qtr 4,Thursday,20.2395
5840fb85,Books,256.82,15,218.3,Debit Card,06/05/2024,2024,May,Qtr 2,Monday,38.523
0ce757f0,Sports,442.96,5,420.81,Debit Card,13/02/2024,2024,February,Qtr 1,Tuesday,22.148
3c7fc849,Home & Kitchen,32.72,30,22.9,Debit Card,25/09/2024,2024,September,Qtr 3,Wednesday,9.816
56e37721,Home & Kitchen,90.24,0,90.24,Credit Card,07/05/2024,2024,May,Qtr 2,Tuesday,0
a81c78ef,Sports,117.91,0,117.91,Debit Card,19/08/2024,2024,August,Qtr 3,Monday,0
d72ba85d,Beauty,389.12,25,291.84,Net Banking,23/02/2024,2024,February,Qtr 1,Friday,97.28
41675c87,Beauty,450.24,0,450.24,Credit Card,28/04/2024,2024,April,Qtr 2,Sunday,0
5e539ac8,Books,329.33,15,279.93,Debit Card,02/11/2024,2024,November,Qtr 4,Saturday,49.3995
523cceca,Electronics,344.85,5,327.61,Debit Card,05/05/2024,2024,May,Qtr 2,Sunday,17.2425
b110fa93,Home & Kitchen,343.88,5,326.69,Cash on Delivery,12/04/2024,2024,April,Qtr 2,Friday,17.194
81ce1f35,Books,423.67,50,211.84,UPI,09/02/2024,2024,February,Qtr 1,Friday,211.835
04bcfff8,Beauty,16.99,0,16.99,Debit Card,03/11/2024,2024,November,Qtr 4,Sunday,0
ff9c4ba6,Books,483.73,20,386.98,Cash on Delivery,02/10/2024,2024,October,Qtr 4,Wednesday,96.746
7050349e,Sports,245.8,10,221.22,Debit Card,21/09/2024,2024,September,Qtr 3,Saturday,24.58
c53448d0,Beauty,55.84,0,55.84,Cash on Delivery,29/03/2024,2024,March,Qtr 1,Friday,0
b9693289,Home & Kitchen,390.3,20,312.24,Credit Card,08/03/2024,2024,March,Qtr 1,Friday,78.06
03563bc9,Books,147.52,25,110.64,Credit Card,07/07/2024,2024,July,Qtr 3,Sunday,36.88
7152cc07,Clothing,493.32,10,443.99,Credit Card,26/04/2024,2024,April,Qtr 2,Friday,49.332
87cd766d,Books,110.72,25,83.04,Cash on Delivery,31/08/2024,2024,August,Qtr 3,Saturday,27.68
0e64bfe5,Books,164.11,5,155.9,Net Banking,11/09/2024,2024,September,Qtr 3,Wednesday,8.2055
7e725db9,Clothing,282.41,5,268.29,Net Banking,20/01/2024,2024,January,Qtr 1,Saturday,14.1205
eb01d335,Clothing,139.5,25,104.62,Credit Card,12/01/2024,2024,January,Qtr 1,Friday,34.875
3a564d70,Home & Kitchen,413.16,15,351.19,Cash on Delivery,20/11/2024,2024,November,Qtr 4,Wednesday,61.974
36f7dbc7,Books,37.42,5,35.55,Net Banking,08/01/2024,2024,January,Qtr 1,Monday,1.871
72ec970d,Beauty,464.57,10,418.11,Cash on Delivery,20/06/2024,2024,June,Qtr 2,Thursday,46.457
b8325c50,Electronics,57.23,5,54.37,Debit Card,30/06/2024,2024,June,Qtr 2,Sunday,2.8615
d73be10e,Electronics,254.76,0,254.76,Debit Card,06/06/2024,2024,June,Qtr 2,Thursday,0
e36f2bb0,Clothing,59.22,10,53.3,Credit Card,27/04/2024,2024,April,Qtr 2,Saturday,5.922
877a2ffb,Toys,219.74,20,175.79,Cash on Delivery,27/10/2024,2024,October,Qtr 4,Sunday,43.948
6b65ac71,Toys,452.36,5,429.74,Net Banking,23/03/2024,2024,March,Qtr 1,Saturday,22.618
3df3017f,Beauty,269.81,5,256.32,Debit Card,06/04/2024,2024,April,Qtr 2,Saturday,13.4905
de21a529,Electronics,325.14,20,260.11,Cash on Delivery,24/07/2024,2024,July,Qtr 3,Wednesday,65.028
4d1703a4,Toys,439.39,50,219.69,Credit Card,08/01/2024,2024,January,Qtr 1,Monday,219.695
ed900f52,Beauty,429.22,25,321.92,Debit Card,09/01/2024,2024,January,Qtr 1,Tuesday,107.305
ecbf0669,Clothing,220.71,10,198.64,Net Banking,29/03/2024,2024,March,Qtr 1,Friday,22.071
d87a2060,Toys,12.15,5,11.54,Debit Card,02/01/2024,2024,January,Qtr 1,Tuesday,0.6075
47f1f74b,Home & Kitchen,348.91,15,296.57,Credit Card,27/09/2024,2024,September,Qtr 3,Friday,52.3365
c5772653,Books,176.27,10,158.64,Debit Card,16/04/2024,2024,April,Qtr 2,Tuesday,17.627
edc1d507,Beauty,115.08,15,97.82,Credit Card,31/01/2024,2024,January,Qtr 1,Wednesday,17.262
ebded5a7,Toys,442.08,50,221.04,Credit Card,14/03/2024,2024,March,Qtr 1,Thursday,221.04
a1279ac2,Sports,289.28,20,231.42,Credit Card,21/04/2024,2024,April,Qtr 2,Sunday,57.856
363fe23b,Books,321.34,5,305.27,Debit Card,06/10/2024,2024,October,Qtr 4,Sunday,16.067
d1f2a5ba,Toys,73.18,50,36.59,Debit Card,05/08/2024,2024,August,Qtr 3,Monday,36.59
34c8ee63,Beauty,14.65,15,12.45,Net Banking,21/09/2024,2024,September,Qtr 3,Saturday,2.1975
8633d8a2,Clothing,166.33,50,83.17,Cash on Delivery,15/04/2024,2024,April,Qtr 2,Monday,83.165
54b00d9c,Home & Kitchen,368.81,5,350.37,Net Banking,22/09/2024,2024,September,Qtr 3,Sunday,18.4405
0418a2c1,Sports,140.52,30,98.36,Cash on Delivery,31/03/2024,2024,March,Qtr 1,Sunday,42.156
cb6dff71,Beauty,468.38,25,351.28,Debit Card,02/08/2024,2024,August,Qtr 3,Friday,117.095
3fff6cb5,Beauty,424.75,20,339.8,Net Banking,04/02/2024,2024,February,Qtr 1,Sunday,84.95
cb0b0a9f,Home & Kitchen,367.63,15,312.49,Debit Card,18/05/2024,2024,May,Qtr 2,Saturday,55.1445
9153c543,Home & Kitchen,269.57,10,242.61,Debit Card,19/05/2024,2024,May,Qtr 2,Sunday,26.957
b17a50cf,Books,168.68,25,126.51,Cash on Delivery,28/07/2024,2024,July,Qtr 3,Sunday,42.17
e8c697cd,Beauty,291.45,15,247.73,Credit Card,12/09/2024,2024,September,Qtr 3,Thursday,43.7175
10ed87b2,Toys,256.77,10,231.09,Cash on Delivery,08/05/2024,2024,May,Qtr 2,Wednesday,25.677
70e58e3b,Home & Kitchen,477.27,30,334.09,UPI,22/10/2024,2024,October,Qtr 4,Tuesday,143.181
770d352f,Beauty,344.29,20,275.43,UPI,04/06/2024,2024,June,Qtr 2,Tuesday,68.858
d689fa61,Books,347.22,15,295.14,Net Banking,18/01/2024,2024,January,Qtr 1,Thursday,52.083
a6d9af95,Sports,100.75,30,70.52,Net Banking,24/08/2024,2024,August,Qtr 3,Saturday,30.225
ee1350fc,Home & Kitchen,464.61,0,464.61,Net Banking,02/10/2024,2024,October,Qtr 4,Wednesday,0
77de2b1d,Clothing,30.49,20,24.39,Cash on Delivery,07/03/2024,2024,March,Qtr 1,Thursday,6.098
d06eda6c,Sports,331.13,20,264.9,Net Banking,24/01/2024,2024,January,Qtr 1,Wednesday,66.226
eb93c677,Clothing,214.77,20,171.82,UPI,21/06/2024,2024,June,Qtr 2,Friday,42.954
6b58c722,Home & Kitchen,55.69,50,27.84,Net Banking,11/06/2024,2024,June,Qtr 2,Tuesday,27.845
d4315620,Beauty,240.01,30,168.01,UPI,04/05/2024,2024,May,Qtr 2,Saturday,72.003
7691b7c9,Electronics,151.5,10,136.35,Credit Card,17/06/2024,2024,June,Qtr 2,Monday,15.15
1e119afc,Sports,82.55,20,66.04,Credit Card,15/09/2024,2024,September,Qtr 3,Sunday,16.51
592685a3,Books,161.32,0,161.32,Credit Card,14/04/2024,2024,April,Qtr 2,Sunday,0
6e2d666a,Clothing,255.65,10,230.09,Cash on Delivery,27/04/2024,2024,April,Qtr 2,Saturday,25.565
97d651f2,Clothing,14.37,0,14.37,Debit Card,29/09/2024,2024,September,Qtr 3,Sunday,0
e05135b9,Clothing,145.14,15,123.37,Cash on Delivery,01/09/2024,2024,September,Qtr 3,Sunday,21.771
25a1921e,Toys,447.34,30,313.14,Debit Card,12/08/2024,2024,August,Qtr 3,Monday,134.202
835ca3bf,Electronics,41.41,20,33.13,Cash on Delivery,18/06/2024,2024,June,Qtr 2,Tuesday,8.282
833c791a,Electronics,469.59,5,446.11,Net Banking,02/03/2024,2024,March,Qtr 1,Saturday,23.4795
a105f661,Sports,138.81,50,69.41,Credit Card,06/11/2024,2024,November,Qtr 4,Wednesday,69.405
bcc6717f,Books,152.35,50,76.17,UPI,10/08/2024,2024,August,Qtr 3,Saturday,76.175
52afc672,Books,391.14,15,332.47,Debit Card,30/03/2024,2024,March,Qtr 1,Saturday,58.671
24f2c911,Beauty,264.31,5,251.09,UPI,03/06/2024,2024,June,Qtr 2,Monday,13.2155
1b0c9fd0,Books,94.05,25,70.54,Debit Card,20/05/2024,2024,May,Qtr 2,Monday,23.5125
6b7e7043,Toys,132.08,20,105.66,Cash on Delivery,16/07/2024,2024,July,Qtr 3,Tuesday,26.416
82866e0c,Electronics,410.94,0,410.94,Net Banking,11/07/2024,2024,July,Qtr 3,Thursday,0
a4f4d94f,Beauty,299.69,5,284.71,Cash on Delivery,18/07/2024,2024,July,Qtr 3,Thursday,14.9845
9179113d,Books,260.56,5,247.53,Net Banking,14/07/2024,2024,July,Qtr 3,Sunday,13.028
c8d1da59,Clothing,92.61,50,46.3,UPI,19/03/2024,2024,March,Qtr 1,Tuesday,46.305
90062c17,Clothing,373,5,354.35,Cash on Delivery,19/09/2024,2024,September,Qtr 3,Thursday,18.65
725b0c84,Clothing,424.68,15,360.98,Cash on Delivery,05/03/2024,2024,March,Qtr 1,Tuesday,63.702
cafca141,Books,105,10,94.5,Debit Card,18/04/2024,2024,April,Qtr 2,Thursday,10.5
2ad90cf7,Home & Kitchen,26.92,20,21.54,UPI,20/09/2024,2024,September,Qtr 3,Friday,5.384
2dbcadea,Toys,26.81,50,13.4,Net Banking,27/03/2024,2024,March,Qtr 1,Wednesday,13.405
e37338ed,Sports,333.98,30,233.79,Net Banking,20/05/2024,2024,May,Qtr 2,Monday,100.194
fb17e261,Electronics,381.69,30,267.18,Cash on Delivery,31/08/2024,2024,August,Qtr 3,Saturday,114.507
e953a168,Home & Kitchen,212.65,50,106.33,UPI,02/08/2024,2024,August,Qtr 3,Friday,106.325
6f22d0f4,Books,375.68,10,338.11,UPI,10/08/2024,2024,August,Qtr 3,Saturday,37.568
1d360f7f,Electronics,38.74,10,34.87,Credit Card,19/04/2024,2024,April,Qtr 2,Friday,3.874
18a5f861,Home & Kitchen,185.13,5,175.87,Cash on Delivery,30/06/2024,2024,June,Qtr 2,Sunday,9.2565
1a6daf28,Beauty,156.51,15,133.03,Credit Card,07/01/2024,2024,January,Qtr 1,Sunday,23.4765
d6a3d49e,Home & Kitchen,106.27,15,90.33,Net Banking,27/10/2024,2024,October,Qtr 4,Sunday,15.9405
fde7243f,Home & Kitchen,137.59,15,116.95,Debit Card,02/11/2024,2024,November,Qtr 4,Saturday,20.6385
96221d7c,Toys,38.62,50,19.31,Credit Card,30/04/2024,2024,April,Qtr 2,Tuesday,19.31
f9632dc2,Sports,316.12,25,237.09,Debit Card,28/04/2024,2024,April,Qtr 2,Sunday,79.03
70152275,Clothing,118.28,15,100.54,Debit Card,04/04/2024,2024,April,Qtr 2,Thursday,17.742
4e5b9aa9,Beauty,120.16,10,108.14,Net Banking,27/09/2024,2024,September,Qtr 3,Friday,12.016
4c326c0f,Sports,286.23,0,286.23,Net Banking,27/10/2024,2024,October,Qtr 4,Sunday,0
5bad336b,Home & Kitchen,334.87,15,284.64,Debit Card,25/04/2024,2024,April,Qtr 2,Thursday,50.2305
c87cdd9d,Books,79.07,30,55.35,Net Banking,17/03/2024,2024,March,Qtr 1,Sunday,23.721
967cbc43,Beauty,248.07,15,210.86,Net Banking,13/11/2024,2024,November,Qtr 4,Wednesday,37.2105
67373c9d,Books,158.66,5,150.73,Debit Card,23/07/2024,2024,July,Qtr 3,Tuesday,7.933
3a9963e9,Sports,233.88,10,210.49,Credit Card,28/04/2024,2024,April,Qtr 2,Sunday,23.388
2d841a95,Books,324.33,0,324.33,UPI,14/10/2024,2024,October,Qtr 4,Monday,0
647d7e1f,Sports,416.78,50,208.39,Debit Card,02/09/2024,2024,September,Qtr 3,Monday,208.39
6728981a,Clothing,163.98,20,131.18,Debit Card,13/10/2024,2024,October,Qtr 4,Sunday,32.796
9c17a640,Beauty,462.11,30,323.48,Cash on Delivery,13/01/2024,2024,January,Qtr 1,Saturday,138.633
53df76f4,Home & Kitchen,441.45,10,397.31,Net Banking,12/09/2024,2024,September,Qtr 3,Thursday,44.145
de6605d5,Electronics,50.81,10,45.73,UPI,13/07/2024,2024,July,Qtr 3,Saturday,5.081
74c7c480,Toys,341.92,20,273.54,Debit Card,22/06/2024,2024,June,Qtr 2,Saturday,68.384
85c628f0,Toys,182.16,0,182.16,Credit Card,12/11/2024,2024,November,Qtr 4,Tuesday,0
c5a1e762,Books,436.44,10,392.8,UPI,21/09/2024,2024,September,Qtr 3,Saturday,43.644
3eda4c58,Beauty,179.26,50,89.63,Cash on Delivery,19/10/2024,2024,October,Qtr 4,Saturday,89.63
89ff2ff1,Beauty,471.43,0,471.43,UPI,06/05/2024,2024,May,Qtr 2,Monday,0
918a4789,Electronics,431.46,10,388.31,Debit Card,02/03/2024,2024,March,Qtr 1,Saturday,43.146
a2f07ba8,Home & Kitchen,230.47,0,230.47,Cash on Delivery,08/04/2024,2024,April,Qtr 2,Monday,0
3a478a5e,Sports,421.62,15,358.38,Credit Card,14/01/2024,2024,January,Qtr 1,Sunday,63.243
faafe05b,Sports,308.95,30,216.26,Cash on Delivery,20/07/2024,2024,July,Qtr 3,Saturday,92.685
15b5e873,Books,187.72,20,150.18,Credit Card,12/02/2024,2024,February,Qtr 1,Monday,37.544
c09f2d77,Clothing,273.34,15,232.34,Debit Card,06/06/2024,2024,June,Qtr 2,Thursday,41.001
2213103b,Clothing,469.76,20,375.81,UPI,20/11/2024,2024,November,Qtr 4,Wednesday,93.952
08d32336,Electronics,46.25,15,39.31,Net Banking,17/03/2024,2024,March,Qtr 1,Sunday,6.9375
edfc7dec,Clothing,115.88,25,86.91,Credit Card,07/11/2024,2024,November,Qtr 4,Thursday,28.97
c203821f,Electronics,144.04,0,144.04,Debit Card,10/02/2024,2024,February,Qtr 1,Saturday,0
997b3f50,Books,461.93,25,346.45,Credit Card,18/02/2024,2024,February,Qtr 1,Sunday,115.4825
16589213,Electronics,68.08,10,61.27,Net Banking,14/09/2024,2024,September,Qtr 3,Saturday,6.808
ed69d7a0,Home & Kitchen,156.47,15,133,Credit Card,13/05/2024,2024,May,Qtr 2,Monday,23.4705
fb789539,Toys,489.95,20,391.96,Debit Card,21/08/2024,2024,August,Qtr 3,Wednesday,97.99
70a67b9e,Books,403.62,50,201.81,UPI,19/08/2024,2024,August,Qtr 3,Monday,201.81
9b269748,Beauty,175.16,5,166.4,Cash on Delivery,30/03/2024,2024,March,Qtr 1,Saturday,8.758
4f842250,Toys,481.16,15,408.99,Debit Card,21/01/2024,2024,January,Qtr 1,Sunday,72.174
97e2632e,Beauty,182.13,25,136.6,Cash on Delivery,09/11/2024,2024,November,Qtr 4,Saturday,45.5325
4318409,Books,289.48,20,231.58,UPI,30/01/2024,2024,January,Qtr 1,Tuesday,57.896
3822b8b3,Clothing,154.02,30,107.81,Debit Card,12/04/2024,2024,April,Qtr 2,Friday,46.206
4d16cbf8,Books,298.47,0,298.47,Debit Card,04/01/2024,2024,January,Qtr 1,Thursday,0
486ac471,Beauty,119.15,30,83.41,Cash on Delivery,29/07/2024,2024,July,Qtr 3,Monday,35.745
655c0afc,Sports,328.87,5,312.43,UPI,17/02/2024,2024,February,Qtr 1,Saturday,16.4435
bb5cf4a3,Sports,346.81,15,294.79,Cash on Delivery,11/04/2024,2024,April,Qtr 2,Thursday,52.0215
52186fe6,Books,210.37,30,147.26,Debit Card,11/05/2024,2024,May,Qtr 2,Saturday,63.111
349248b9,Beauty,352.66,5,335.03,Credit Card,25/03/2024,2024,March,Qtr 1,Monday,17.633
e616fbf7,Beauty,127.78,0,127.78,UPI,01/06/2024,2024,June,Qtr 2,Saturday,0
a129dd13,Clothing,61.37,5,58.3,Credit Card,07/04/2024,2024,April,Qtr 2,Sunday,3.0685
430033d1,Books,76.8,5,72.96,Debit Card,13/06/2024,2024,June,Qtr 2,Thursday,3.84
1739fa0d,Books,158.42,25,118.81,UPI,10/01/2024,2024,January,Qtr 1,Wednesday,39.605
f4d46444,Home & Kitchen,349.16,15,296.79,Credit Card,11/03/2024,2024,March,Qtr 1,Monday,52.374
45e86006,Sports,319.98,10,287.98,Credit Card,12/10/2024,2024,October,Qtr 4,Saturday,31.998
e9be0cb1,Sports,276.08,25,207.06,Net Banking,28/02/2024,2024,February,Qtr 1,Wednesday,69.02
0125f947,Clothing,324.41,50,162.21,UPI,27/02/2024,2024,February,Qtr 1,Tuesday,162.205
23e711df,Beauty,421.16,30,294.81,Net Banking,28/01/2024,2024,January,Qtr 1,Sunday,126.348
6377eace,Beauty,106.66,25,80,Cash on Delivery,02/11/2024,2024,November,Qtr 4,Saturday,26.665
d0c6808a,Beauty,174.43,30,122.1,Credit Card,14/06/2024,2024,June,Qtr 2,Friday,52.329
4290000000,Home & Kitchen,250,25,187.5,Cash on Delivery,11/06/2024,2024,June,Qtr 2,Tuesday,62.5
387543ee,Beauty,480.82,5,456.78,UPI,17/07/2024,2024,July,Qtr 3,Wednesday,24.041
611f07b5,Home & Kitchen,187.84,20,150.27,Net Banking,12/07/2024,2024,July,Qtr 3,Friday,37.568
bebd92ff,Books,315.54,10,283.99,Debit Card,26/10/2024,2024,October,Qtr 4,Saturday,31.554
f6c2e5a1,Sports,186.17,50,93.08,UPI,25/05/2024,2024,May,Qtr 2,Saturday,93.085
85531bb2,Clothing,204.03,20,163.22,Net Banking,15/01/2024,2024,January,Qtr 1,Monday,40.806
acf7144e,Sports,229.52,20,183.62,Debit Card,24/08/2024,2024,August,Qtr 3,Saturday,45.904
f3e36ce3,Books,130.16,50,65.08,Credit Card,27/05/2024,2024,May,Qtr 2,Monday,65.08
d2522951,Clothing,470.92,50,235.46,UPI,09/09/2024,2024,September,Qtr 3,Monday,235.46
8c9ad053,Home & Kitchen,367.49,20,293.99,Cash on Delivery,25/08/2024,2024,August,Qtr 3,Sunday,73.498
e49bbd21,Sports,41.11,25,30.83,Debit Card,18/02/2024,2024,February,Qtr 1,Sunday,10.2775
f7ed4253,Toys,276.12,20,220.9,Net Banking,09/03/2024,2024,March,Qtr 1,Saturday,55.224
80761d7b,Toys,268.14,0,268.14,Debit Card,21/07/2024,2024,July,Qtr 3,Sunday,0
221a9af4,Home & Kitchen,108.07,50,54.03,Net Banking,21/07/2024,2024,July,Qtr 3,Sunday,54.035
d492b6d9,Home & Kitchen,124.29,50,62.15,Debit Card,14/06/2024,2024,June,Qtr 2,Friday,62.145
86488cc7,Clothing,53.55,30,37.48,Debit Card,02/10/2024,2024,October,Qtr 4,Wednesday,16.065
95f62610,Home & Kitchen,149.82,15,127.35,Cash on Delivery,18/10/2024,2024,October,Qtr 4,Friday,22.473
750418a6,Electronics,122.81,20,98.25,Net Banking,09/04/2024,2024,April,Qtr 2,Tuesday,24.562
9f79dd77,Clothing,147.44,25,110.58,Net Banking,02/07/2024,2024,July,Qtr 3,Tuesday,36.86
ba9710b5,Beauty,71.51,5,67.93,Debit Card,15/11/2024,2024,November,Qtr 4,Friday,3.5755
0ec44907,Clothing,162.81,30,113.97,Credit Card,10/11/2024,2024,November,Qtr 4,Sunday,48.843
5132665b,Home & Kitchen,182.35,0,182.35,Debit Card,12/08/2024,2024,August,Qtr 3,Monday,0
ae025f67,Clothing,334.65,50,167.32,Credit Card,26/04/2024,2024,April,Qtr 2,Friday,167.325
9b715e89,Clothing,15.45,0,15.45,UPI,04/08/2024,2024,August,Qtr 3,Sunday,0
e1c29bb9,Beauty,134.04,50,67.02,Cash on Delivery,29/02/2024,2024,February,Qtr 1,Thursday,67.02
001ae40d,Sports,432.41,20,345.93,Debit Card,24/05/2024,2024,May,Qtr 2,Friday,86.482
f30aa764,Home & Kitchen,100.72,30,70.5,Credit Card,19/02/2024,2024,February,Qtr 1,Monday,30.216
eed1708f,Toys,70.94,25,53.2,UPI,29/03/2024,2024,March,Qtr 1,Friday,17.735
24adcd0d,Home & Kitchen,62.19,50,31.09,Cash on Delivery,27/01/2024,2024,January,Qtr 1,Saturday,31.095
7509b3c7,Books,330.53,10,297.48,Cash on Delivery,20/10/2024,2024,October,Qtr 4,Sunday,33.053
33ec4e9b,Sports,463.2,10,416.88,Credit Card,21/03/2024,2024,March,Qtr 1,Thursday,46.32
b6f51cc8,Sports,11.94,20,9.55,Debit Card,13/08/2024,2024,August,Qtr 3,Tuesday,2.388
55238433,Sports,193.48,5,183.81,UPI,14/09/2024,2024,September,Qtr 3,Saturday,9.674
f85e08f6,Home & Kitchen,19.09,5,18.14,Net Banking,07/08/2024,2024,August,Qtr 3,Wednesday,0.9545
957d92dd,Electronics,194.92,25,146.19,Net Banking,21/02/2024,2024,February,Qtr 1,Wednesday,48.73
45e5b448,Electronics,336.27,0,336.27,Cash on Delivery,07/10/2024,2024,October,Qtr 4,Monday,0
3d834a66,Home & Kitchen,469.29,5,445.83,Cash on Delivery,29/07/2024,2024,July,Qtr 3,Monday,23.4645
6845f31e,Sports,15.8,30,11.06,Cash on Delivery,31/05/2024,2024,May,Qtr 2,Friday,4.74
f7d8a36d,Books,30.81,25,23.11,UPI,13/11/2024,2024,November,Qtr 4,Wednesday,7.7025
6b3a0e77,Beauty,137.04,0,137.04,UPI,04/11/2024,2024,November,Qtr 4,Monday,0
09b07954,Sports,316.1,5,300.3,Cash on Delivery,05/01/2024,2024,January,Qtr 1,Friday,15.805
cfda6436,Sports,306.26,50,153.13,Credit Card,09/11/2024,2024,November,Qtr 4,Saturday,153.13
9bc061b4,Sports,134.53,15,114.35,Net Banking,14/08/2024,2024,August,Qtr 3,Wednesday,20.1795
453e4fd0,Home & Kitchen,426.71,50,213.35,Debit Card,18/06/2024,2024,June,Qtr 2,Tuesday,213.355
389887c2,Books,56.51,5,53.68,Debit Card,29/05/2024,2024,May,Qtr 2,Wednesday,2.8255
9e8c74ac,Beauty,278.86,5,264.92,Credit Card,12/07/2024,2024,July,Qtr 3,Friday,13.943
a6324daf,Toys,471.77,15,401,Credit Card,19/01/2024,2024,January,Qtr 1,Friday,70.7655
a587259f,Beauty,292.74,0,292.74,Debit Card,13/10/2024,2024,October,Qtr 4,Sunday,0
124627c9,Clothing,368.17,50,184.09,Debit Card,05/04/2024,2024,April,Qtr 2,Friday,184.085
dc743e0d,Clothing,313.85,0,313.85,Credit Card,07/11/2024,2024,November,Qtr 4,Thursday,0
f422fc68,Toys,107.27,10,96.54,Cash on Delivery,03/06/2024,2024,June,Qtr 2,Monday,10.727
a33d1a46,Clothing,394.07,5,374.37,UPI,06/08/2024,2024,August,Qtr 3,Tuesday,19.7035
69e7e61b,Beauty,414.68,5,393.95,Cash on Delivery,08/05/2024,2024,May,Qtr 2,Wednesday,20.734
238fba4a,Beauty,124.21,0,124.21,UPI,29/05/2024,2024,May,Qtr 2,Wednesday,0
07da90ff,Books,205.1,50,102.55,Net Banking,18/11/2024,2024,November,Qtr 4,Monday,102.55
afaf6aa9,Sports,249.81,10,224.83,Net Banking,03/02/2024,2024,February,Qtr 1,Saturday,24.981
23e6b564,Home & Kitchen,54.3,0,54.3,UPI,16/09/2024,2024,September,Qtr 3,Monday,0
fec142e5,Electronics,255.6,10,230.04,Net Banking,16/08/2024,2024,August,Qtr 3,Friday,25.56
158b7b45,Books,491.18,5,466.62,Debit Card,04/11/2024,2024,November,Qtr 4,Monday,24.559
99d5de94,Toys,463.69,50,231.84,Debit Card,18/10/2024,2024,October,Qtr 4,Friday,231.845
955f7594,Beauty,96.86,10,87.17,Net Banking,23/06/2024,2024,June,Qtr 2,Sunday,9.686
c0c7dcc8,Beauty,180.91,10,162.82,Credit Card,07/04/2024,2024,April,Qtr 2,Sunday,18.091
a2cfce14,Clothing,170.46,10,153.41,Cash on Delivery,21/03/2024,2024,March,Qtr 1,Thursday,17.046
da7bc76a,Clothing,492.41,0,492.41,Credit Card,02/01/2024,2024,January,Qtr 1,Tuesday,0
abc4d497,Clothing,191.05,50,95.53,UPI,28/03/2024,2024,March,Qtr 1,Thursday,95.525
76a0bc6e,Books,224.84,15,191.11,Credit Card,06/08/2024,2024,August,Qtr 3,Tuesday,33.726
18ce10b0,Toys,130.19,5,123.68,Cash on Delivery,29/07/2024,2024,July,Qtr 3,Monday,6.5095
1332dbc8,Toys,132.67,20,106.14,Debit Card,10/01/2024,2024,January,Qtr 1,Wednesday,26.534
9e576059,Toys,296.84,25,222.63,Net Banking,27/07/2024,2024,July,Qtr 3,Saturday,74.21
b4ae2cbf,Home & Kitchen,254.11,25,190.58,Credit Card,31/01/2024,2024,January,Qtr 1,Wednesday,63.5275
22830113,Beauty,273.03,10,245.73,Cash on Delivery,29/01/2024,2024,January,Qtr 1,Monday,27.303
70ece472,Electronics,433.48,50,216.74,UPI,11/08/2024,2024,August,Qtr 3,Sunday,216.74
148aa401,Clothing,119.22,20,95.38,Net Banking,05/04/2024,2024,April,Qtr 2,Friday,23.844
5437e569,Sports,83.14,0,83.14,UPI,12/01/2024,2024,January,Qtr 1,Friday,0
892659a7,Home & Kitchen,469.67,50,234.84,Cash on Delivery,05/02/2024,2024,February,Qtr 1,Monday,234.835
56c5b09e,Books,89.73,0,89.73,Credit Card,14/02/2024,2024,February,Qtr 1,Wednesday,0
fdd35ce2,Toys,154.93,30,108.45,Cash on Delivery,18/07/2024,2024,July,Qtr 3,Thursday,46.479
841dfed4,Books,422.91,25,317.18,UPI,12/08/2024,2024,August,Qtr 3,Monday,105.7275
a6868963,Sports,191.22,15,162.54,UPI,26/05/2024,2024,May,Qtr 2,Sunday,28.683
62577c4e,Toys,282.3,50,141.15,UPI,13/07/2024,2024,July,Qtr 3,Saturday,141.15
6dc093d8,Beauty,473.47,5,449.8,Net Banking,14/04/2024,2024,April,Qtr 2,Sunday,23.6735
7d08e51f,Sports,401.02,50,200.51,Credit Card,12/11/2024,2024,November,Qtr 4,Tuesday,200.51
b11ef3ae,Books,212.45,20,169.96,Credit Card,12/06/2024,2024,June,Qtr 2,Wednesday,42.49
e4ed1209,Books,107.85,0,107.85,Credit Card,28/06/2024,2024,June,Qtr 2,Friday,0
ac481530,Sports,299.44,25,224.58,Debit Card,30/08/2024,2024,August,Qtr 3,Friday,74.86
ff45dc2b,Clothing,180.07,25,135.05,Net Banking,27/03/2024,2024,March,Qtr 1,Wednesday,45.0175
066dce62,Beauty,26.18,20,20.94,UPI,17/07/2024,2024,July,Qtr 3,Wednesday,5.236
67c5fdf4,Books,41.5,5,39.42,Cash on Delivery,14/06/2024,2024,June,Qtr 2,Friday,2.075
4945f220,Books,487.32,10,438.59,Net Banking,08/07/2024,2024,July,Qtr 3,Monday,48.732
144ac601,Home & Kitchen,171.89,10,154.7,Cash on Delivery,14/10/2024,2024,October,Qtr 4,Monday,17.189
a5973501,Electronics,310.88,30,217.62,Credit Card,27/08/2024,2024,August,Qtr 3,Tuesday,93.264
594531a2,Clothing,462.61,0,462.61,Cash on Delivery,25/04/2024,2024,April,Qtr 2,Thursday,0
aa273462,Clothing,278.52,50,139.26,Debit Card,04/04/2024,2024,April,Qtr 2,Thursday,139.26
0e3e47af,Books,162.92,20,130.34,Debit Card,26/01/2024,2024,January,Qtr 1,Friday,32.584
1c87705a,Home & Kitchen,172.7,30,120.89,UPI,11/08/2024,2024,August,Qtr 3,Sunday,51.81
0aa5caf4,Books,46.11,0,46.11,UPI,17/04/2024,2024,April,Qtr 2,Wednesday,0
04d6d800,Home & Kitchen,471.76,10,424.58,Cash on Delivery,31/10/2024,2024,October,Qtr 4,Thursday,47.176
a1fef607,Home & Kitchen,263.49,20,210.79,UPI,31/10/2024,2024,October,Qtr 4,Thursday,52.698
bb5d2619,Home & Kitchen,30.52,20,24.42,Net Banking,23/10/2024,2024,October,Qtr 4,Wednesday,6.104
ebce6cad,Toys,143.49,50,71.75,Debit Card,16/11/2024,2024,November,Qtr 4,Saturday,71.745
f4d7018c,Beauty,21.3,5,20.23,Net Banking,05/04/2024,2024,April,Qtr 2,Friday,1.065
a18d5bb4,Electronics,271.54,15,230.81,Debit Card,09/02/2024,2024,February,Qtr 1,Friday,40.731
529c1482,Books,292.99,20,234.39,Debit Card,06/01/2024,2024,January,Qtr 1,Saturday,58.598
41b1a40a,Books,119.18,10,107.26,Cash on Delivery,19/11/2024,2024,November,Qtr 4,Tuesday,11.918
5d5b3af7,Books,393.18,50,196.59,Net Banking,04/06/2024,2024,June,Qtr 2,Tuesday,196.59
cf860583,Electronics,110.59,25,82.94,Debit Card,03/05/2024,2024,May,Qtr 2,Friday,27.6475
06c01585,Electronics,488.92,30,342.24,Credit Card,16/11/2024,2024,November,Qtr 4,Saturday,146.676
e3bbe9a3,Books,428.84,0,428.84,Net Banking,18/07/2024,2024,July,Qtr 3,Thursday,0
93a62d8a,Toys,231.78,15,197.01,Credit Card,18/02/2024,2024,February,Qtr 1,Sunday,34.767
fa1105cb,Books,118.57,30,83,Debit Card,03/10/2024,2024,October,Qtr 4,Thursday,35.571
ee01470d,Clothing,393.1,15,334.13,Debit Card,20/04/2024,2024,April,Qtr 2,Saturday,58.965
11541d26,Sports,384.99,15,327.24,Net Banking,14/05/2024,2024,May,Qtr 2,Tuesday,57.7485
6635bec7,Clothing,171.84,30,120.29,UPI,28/08/2024,2024,August,Qtr 3,Wednesday,51.552
355f934f,Home & Kitchen,264.13,5,250.92,Cash on Delivery,19/07/2024,2024,July,Qtr 3,Friday,13.2065
2498a9ec,Beauty,109.89,50,54.95,Credit Card,14/01/2024,2024,January,Qtr 1,Sunday,54.945
ddb4486a,Beauty,447.8,20,358.24,Cash on Delivery,30/10/2024,2024,October,Qtr 4,Wednesday,89.56
93d032e8,Home & Kitchen,204.93,50,102.47,Debit Card,24/04/2024,2024,April,Qtr 2,Wednesday,102.465
891b68a1,Books,393.43,50,196.72,Net Banking,12/05/2024,2024,May,Qtr 2,Sunday,196.715
3908e634,Clothing,425.7,20,340.56,Debit Card,13/03/2024,2024,March,Qtr 1,Wednesday,85.14
49efd7a0,Electronics,128.88,10,115.99,Debit Card,02/08/2024,2024,August,Qtr 3,Friday,12.888
6cd8aca2,Clothing,407.36,0,407.36,UPI,10/07/2024,2024,July,Qtr 3,Wednesday,0
2dd4607e,Toys,415.44,5,394.67,UPI,04/06/2024,2024,June,Qtr 2,Tuesday,20.772
ea3feaf3,Electronics,333.31,25,249.98,Cash on Delivery,30/05/2024,2024,May,Qtr 2,Thursday,83.3275
e92363ff,Sports,17.86,20,14.29,UPI,08/02/2024,2024,February,Qtr 1,Thursday,3.572
267cacf2,Home & Kitchen,14.23,10,12.81,Net Banking,18/10/2024,2024,October,Qtr 4,Friday,1.423
0599c907,Sports,336.97,0,336.97,Cash on Delivery,07/04/2024,2024,April,Qtr 2,Sunday,0
73aef733,Beauty,214.24,0,214.24,UPI,20/02/2024,2024,February,Qtr 1,Tuesday,0
65c000fc,Toys,330.88,15,281.25,Credit Card,24/07/2024,2024,July,Qtr 3,Wednesday,49.632
f65fa62f,Beauty,373.59,50,186.79,UPI,24/02/2024,2024,February,Qtr 1,Saturday,186.795
9a297ab5,Electronics,117.15,5,111.29,Debit Card,20/10/2024,2024,October,Qtr 4,Sunday,5.8575
b78454f6,Toys,267.5,25,200.62,UPI,23/10/2024,2024,October,Qtr 4,Wednesday,66.875
0d3b08e0,Books,444.15,5,421.94,Net Banking,11/01/2024,2024,January,Qtr 1,Thursday,22.2075
0bae38c2,Sports,135.6,0,135.6,Cash on Delivery,24/08/2024,2024,August,Qtr 3,Saturday,0
50a7e7f0,Home & Kitchen,70.14,30,49.1,Credit Card,04/06/2024,2024,June,Qtr 2,Tuesday,21.042
47154b02,Clothing,155.81,50,77.91,UPI,14/08/2024,2024,August,Qtr 3,Wednesday,77.905
44b22350,Books,313.29,15,266.3,Debit Card,16/04/2024,2024,April,Qtr 2,Tuesday,46.9935
79e6668b,Toys,478.62,10,430.76,Credit Card,09/01/2024,2024,January,Qtr 1,Tuesday,47.862
59417bfd,Home & Kitchen,175.5,25,131.62,Credit Card,04/11/2024,2024,November,Qtr 4,Monday,43.875
0f2949c3,Toys,90.76,25,68.07,UPI,07/01/2024,2024,January,Qtr 1,Sunday,22.69
b3353bb8,Electronics,323.21,25,242.41,Net Banking,29/01/2024,2024,January,Qtr 1,Monday,80.8025
762d6bf4,Sports,145.89,15,124.01,Credit Card,29/03/2024,2024,March,Qtr 1,Friday,21.8835
be5f7f30,Toys,56.77,10,51.09,Debit Card,01/04/2024,2024,April,Qtr 2,Monday,5.677
7c19312f,Clothing,168.31,10,151.48,Net Banking,22/09/2024,2024,September,Qtr 3,Sunday,16.831
3ce1ce0e,Clothing,421.59,0,421.59,Credit Card,19/07/2024,2024,July,Qtr 3,Friday,0
54a54d00,Home & Kitchen,144.19,20,115.35,Debit Card,22/05/2024,2024,May,Qtr 2,Wednesday,28.838
e7b928bc,Beauty,479.32,25,359.49,UPI,13/05/2024,2024,May,Qtr 2,Monday,119.83
c2c6ce62,Clothing,330.71,25,248.03,Cash on Delivery,06/11/2024,2024,November,Qtr 4,Wednesday,82.6775
c0452a94,Beauty,217.35,0,217.35,Debit Card,02/09/2024,2024,September,Qtr 3,Monday,0
5d999231,Books,193.15,50,96.58,Credit Card,13/01/2024,2024,January,Qtr 1,Saturday,96.575
7d7a97d5,Toys,352.6,0,352.6,Cash on Delivery,23/04/2024,2024,April,Qtr 2,Tuesday,0
5a96e989,Sports,376.39,10,338.75,Credit Card,07/02/2024,2024,February,Qtr 1,Wednesday,37.639
737023ad,Toys,498.58,25,373.94,Debit Card,06/05/2024,2024,May,Qtr 2,Monday,124.645
2d1dbbf3,Electronics,469.47,30,328.63,Cash on Delivery,07/06/2024,2024,June,Qtr 2,Friday,140.841
dee35fc3,Home & Kitchen,55.95,10,50.36,Credit Card,12/08/2024,2024,August,Qtr 3,Monday,5.595
cd986aff,Sports,334.08,15,283.97,Net Banking,14/08/2024,2024,August,Qtr 3,Wednesday,50.112
a6e6f97d,Books,144.67,0,144.67,Cash on Delivery,31/01/2024,2024,January,Qtr 1,Wednesday,0
7c55fcf1,Toys,181.21,5,172.15,UPI,30/08/2024,2024,August,Qtr 3,Friday,9.0605
586c3197,Sports,273.16,25,204.87,Debit Card,17/02/2024,2024,February,Qtr 1,Saturday,68.29
b1e0160e,Sports,361.24,50,180.62,Credit Card,09/07/2024,2024,July,Qtr 3,Tuesday,180.62
c9d0d662,Sports,353.7,10,318.33,UPI,22/09/2024,2024,September,Qtr 3,Sunday,35.37
18b2a6ae,Toys,373.65,0,373.65,UPI,14/03/2024,2024,March,Qtr 1,Thursday,0
85bd0114,Clothing,361.48,30,253.04,Credit Card,14/09/2024,2024,September,Qtr 3,Saturday,108.444
3569a81f,Home & Kitchen,296.22,0,296.22,UPI,07/01/2024,2024,January,Qtr 1,Sunday,0
d8e94022,Toys,48.52,25,36.39,Cash on Delivery,14/07/2024,2024,July,Qtr 3,Sunday,12.13
4ba91354,Home & Kitchen,262.23,20,209.78,Net Banking,14/11/2024,2024,November,Qtr 4,Thursday,52.446
47f7f0af,Clothing,243.84,50,121.92,Debit Card,10/06/2024,2024,June,Qtr 2,Monday,121.92
7432f04c,Clothing,41.68,0,41.68,Net Banking,23/07/2024,2024,July,Qtr 3,Tuesday,0
53449dab,Toys,480.84,10,432.76,Debit Card,18/02/2024,2024,February,Qtr 1,Sunday,48.084
0e7c9f35,Home & Kitchen,488.06,30,341.64,Credit Card,09/09/2024,2024,September,Qtr 3,Monday,146.418
e4b9a3e4,Beauty,91.27,0,91.27,Credit Card,08/01/2024,2024,January,Qtr 1,Monday,0
374ece51,Electronics,18.15,0,18.15,Net Banking,21/06/2024,2024,June,Qtr 2,Friday,0
dce2214a,Toys,33.14,50,16.57,Net Banking,15/08/2024,2024,August,Qtr 3,Thursday,16.57
5bbe6af5,Home & Kitchen,392.77,10,353.49,Credit Card,01/02/2024,2024,February,Qtr 1,Thursday,39.277
731ccca0,Electronics,279.96,15,237.97,Net Banking,08/02/2024,2024,February,Qtr 1,Thursday,41.994
14c9d3be,Clothing,408.64,25,306.48,Cash on Delivery,18/03/2024,2024,March,Qtr 1,Monday,102.16
68722b9b,Home & Kitchen,491.7,0,491.7,Credit Card,19/08/2024,2024,August,Qtr 3,Monday,0
328d03d8,Clothing,260.12,0,260.12,Credit Card,11/07/2024,2024,July,Qtr 3,Thursday,0
aaf45c40,Books,455.77,25,341.83,Credit Card,27/09/2024,2024,September,Qtr 3,Friday,113.9425
4a81e87c,Electronics,55.31,30,38.72,UPI,15/11/2024,2024,November,Qtr 4,Friday,16.593
d3824307,Sports,261,10,234.9,UPI,17/03/2024,2024,March,Qtr 1,Sunday,26.1
c49a098e,Toys,255.6,25,191.7,Net Banking,22/04/2024,2024,April,Qtr 2,Monday,63.9
215a7f76,Clothing,173.69,20,138.95,Debit Card,13/02/2024,2024,February,Qtr 1,Tuesday,34.738
52cb0816,Electronics,394.9,30,276.43,Credit Card,23/01/2024,2024,January,Qtr 1,Tuesday,118.47
8ece3add,Beauty,29.46,30,20.62,Debit Card,26/03/2024,2024,March,Qtr 1,Tuesday,8.838
dfa87884,Electronics,273.52,25,205.14,Credit Card,09/07/2024,2024,July,Qtr 3,Tuesday,68.38
df6c7670,Books,56.11,20,44.89,UPI,09/04/2024,2024,April,Qtr 2,Tuesday,11.222
ce4f5068,Electronics,42.89,30,30.02,Cash on Delivery,13/03/2024,2024,March,Qtr 1,Wednesday,12.867
9a717b4e,Electronics,92.47,15,78.6,UPI,24/05/2024,2024,May,Qtr 2,Friday,13.8705
e2d9e617,Books,64.22,15,54.59,Cash on Delivery,10/01/2024,2024,January,Qtr 1,Wednesday,9.633
a6a91079,Books,119.63,15,101.69,UPI,17/02/2024,2024,February,Qtr 1,Saturday,17.9445
0a6712c8,Clothing,357.91,10,322.12,Credit Card,16/03/2024,2024,March,Qtr 1,Saturday,35.791
859000000000,Beauty,81.78,10,73.6,Net Banking,13/10/2024,2024,October,Qtr 4,Sunday,8.178
83d70d13,Home & Kitchen,18.63,50,9.31,Credit Card,12/09/2024,2024,September,Qtr 3,Thursday,9.315
8d99e314,Electronics,249.98,5,237.48,Cash on Delivery,28/02/2024,2024,February,Qtr 1,Wednesday,12.499
cd42d714,Sports,131.33,50,65.67,Debit Card,20/10/2024,2024,October,Qtr 4,Sunday,65.665
1d0d42ed,Toys,430.99,5,409.44,Cash on Delivery,06/01/2024,2024,January,Qtr 1,Saturday,21.5495
e8e2315a,Electronics,382.07,0,382.07,Credit Card,19/03/2024,2024,March,Qtr 1,Tuesday,0
fc8a5cc8,Clothing,177.67,10,159.9,Credit Card,01/07/2024,2024,July,Qtr 3,Monday,17.767
ea60235a,Clothing,385.62,25,289.22,Net Banking,03/04/2024,2024,April,Qtr 2,Wednesday,96.405
4bd289dd,Clothing,94.33,10,84.9,Net Banking,23/03/2024,2024,March,Qtr 1,Saturday,9.433
2928d620,Beauty,403.54,15,343.01,Debit Card,25/02/2024,2024,February,Qtr 1,Sunday,60.531
35f185be,Home & Kitchen,301.37,0,301.37,Credit Card,06/08/2024,2024,August,Qtr 3,Tuesday,0
63458493,Electronics,102.67,50,51.34,Net Banking,01/03/2024,2024,March,Qtr 1,Friday,51.335
7019cdea,Home & Kitchen,457.4,50,228.7,UPI,09/07/2024,2024,July,Qtr 3,Tuesday,228.7
58ced1cb,Beauty,203.25,30,142.27,Cash on Delivery,29/01/2024,2024,January,Qtr 1,Monday,60.975
ce979d6e,Toys,221.76,0,221.76,Cash on Delivery,19/02/2024,2024,February,Qtr 1,Monday,0
e45dfd34,Home & Kitchen,105.25,30,73.67,Debit Card,24/04/2024,2024,April,Qtr 2,Wednesday,31.575
b080fc6d,Home & Kitchen,125.71,5,119.42,Net Banking,07/08/2024,2024,August,Qtr 3,Wednesday,6.2855
45251ee1,Clothing,493.99,50,247,Cash on Delivery,12/05/2024,2024,May,Qtr 2,Sunday,246.995
4413e887,Sports,158.67,0,158.67,Cash on Delivery,26/01/2024,2024,January,Qtr 1,Friday,0
16c8c193,Books,139.01,15,118.16,UPI,05/10/2024,2024,October,Qtr 4,Saturday,20.8515
4e664463,Electronics,186.37,20,149.1,Cash on Delivery,24/03/2024,2024,March,Qtr 1,Sunday,37.274
e95af48a,Electronics,398.89,50,199.44,Cash on Delivery,21/01/2024,2024,January,Qtr 1,Sunday,199.445
480c40b5,Clothing,15.38,50,7.69,Debit Card,21/03/2024,2024,March,Qtr 1,Thursday,7.69
1d08f709,Books,353.97,0,353.97,Debit Card,21/01/2024,2024,January,Qtr 1,Sunday,0
aa95dfa0,Home & Kitchen,190.88,10,171.79,UPI,14/01/2024,2024,January,Qtr 1,Sunday,19.088
8f9d6293,Beauty,470.18,50,235.09,Debit Card,24/06/2024,2024,June,Qtr 2,Monday,235.09
6aa4872f,Books,184.21,5,175,Credit Card,29/08/2024,2024,August,Qtr 3,Thursday,9.2105
d3f9e528,Sports,31.22,50,15.61,UPI,07/02/2024,2024,February,Qtr 1,Wednesday,15.61
b24dec19,Books,376.89,30,263.82,Cash on Delivery,11/03/2024,2024,March,Qtr 1,Monday,113.067
527b7e45,Home & Kitchen,213.59,0,213.59,Credit Card,15/01/2024,2024,January,Qtr 1,Monday,0
90d0871f,Electronics,147.85,25,110.89,Credit Card,19/07/2024,2024,July,Qtr 3,Friday,36.9625
4d00dadf,Beauty,281.71,0,281.71,Net Banking,19/05/2024,2024,May,Qtr 2,Sunday,0
633b01bf,Sports,57.65,30,40.35,Cash on Delivery,01/06/2024,2024,June,Qtr 2,Saturday,17.295
2.14E+173,Books,458.91,5,435.96,Debit Card,01/02/2024,2024,February,Qtr 1,Thursday,22.9455
0049cde2,Electronics,173.36,15,147.36,UPI,22/02/2024,2024,February,Qtr 1,Thursday,26.004
3cd036f6,Sports,250.91,30,175.64,Net Banking,03/08/2024,2024,August,Qtr 3,Saturday,75.273
dadef6c9,Clothing,410.07,20,328.06,Cash on Delivery,30/01/2024,2024,January,Qtr 1,Tuesday,82.014
9044045e,Books,318.02,50,159.01,Credit Card,05/01/2024,2024,January,Qtr 1,Friday,159.01
ba004604,Electronics,291.23,5,276.67,Debit Card,15/11/2024,2024,November,Qtr 4,Friday,14.5615
e2887ed0,Sports,254.27,5,241.56,Debit Card,19/08/2024,2024,August,Qtr 3,Monday,12.7135
66ef6895,Home & Kitchen,235.02,15,199.77,Credit Card,19/08/2024,2024,August,Qtr 3,Monday,35.253
1c959928,Books,266.65,15,226.65,Credit Card,28/02/2024,2024,February,Qtr 1,Wednesday,39.9975
93074b88,Books,228.28,5,216.87,Debit Card,07/09/2024,2024,September,Qtr 3,Saturday,11.414
1ae291af,Electronics,286.86,25,215.15,Net Banking,28/06/2024,2024,June,Qtr 2,Friday,71.715
1f830c14,Electronics,235.82,50,117.91,Cash on Delivery,08/11/2024,2024,November,Qtr 4,Friday,117.91
e9b7da04,Books,418.07,15,355.36,Debit Card,24/09/2024,2024,September,Qtr 3,Tuesday,62.7105
c89e560f,Toys,137.79,0,137.79,Cash on Delivery,23/05/2024,2024,May,Qtr 2,Thursday,0
a04400d0,Toys,397.37,10,357.63,Credit Card,03/02/2024,2024,February,Qtr 1,Saturday,39.737
183b54fb,Sports,306.61,50,153.31,Debit Card,10/10/2024,2024,October,Qtr 4,Thursday,153.305
0ea1f885,Sports,476.73,20,381.38,Credit Card,14/04/2024,2024,April,Qtr 2,Sunday,95.346
5ce6d140,Toys,233.8,10,210.42,Net Banking,03/01/2024,2024,January,Qtr 1,Wednesday,23.38
65500000,Beauty,372.91,25,279.68,Cash on Delivery,26/06/2024,2024,June,Qtr 2,Wednesday,93.2275
e041ced0,Electronics,203.99,20,163.19,Net Banking,25/02/2024,2024,February,Qtr 1,Sunday,40.798
4a680801,Toys,135.87,25,101.9,Debit Card,13/05/2024,2024,May,Qtr 2,Monday,33.9675
0102cb1f,Beauty,210.69,10,189.62,Credit Card,20/10/2024,2024,October,Qtr 4,Sunday,21.069
4b8a3ce1,Home & Kitchen,55.36,20,44.29,UPI,05/10/2024,2024,October,Qtr 4,Saturday,11.072
9195a0ff,Books,392.88,25,294.66,Net Banking,30/10/2024,2024,October,Qtr 4,Wednesday,98.22
b77f7694,Clothing,297.6,50,148.8,Debit Card,04/01/2024,2024,January,Qtr 1,Thursday,148.8
1cf3407d,Toys,149.91,25,112.43,Credit Card,21/10/2024,2024,October,Qtr 4,Monday,37.4775
781b02f1,Sports,484.14,25,363.11,Net Banking,21/11/2024,2024,November,Qtr 4,Thursday,121.035
d4f497b2,Home & Kitchen,453.99,5,431.29,Debit Card,03/02/2024,2024,February,Qtr 1,Saturday,22.6995
8f95228a,Sports,324.68,25,243.51,Debit Card,03/02/2024,2024,February,Qtr 1,Saturday,81.17
6365cc96,Electronics,37.39,50,18.7,UPI,01/07/2024,2024,July,Qtr 3,Monday,18.695
f1fd4710,Home & Kitchen,410.07,50,205.03,Cash on Delivery,18/05/2024,2024,May,Qtr 2,Saturday,205.035
6798abf1,Clothing,323.65,30,226.55,Debit Card,11/07/2024,2024,July,Qtr 3,Thursday,97.095
23e22794,Electronics,165.56,30,115.89,Debit Card,24/07/2024,2024,July,Qtr 3,Wednesday,49.668
f7f92b48,Electronics,221.03,0,221.03,UPI,27/08/2024,2024,August,Qtr 3,Tuesday,0
6b417ce5,Home & Kitchen,51.27,30,35.89,UPI,31/08/2024,2024,August,Qtr 3,Saturday,15.381
40e362c2,Sports,51.31,50,25.66,Net Banking,11/08/2024,2024,August,Qtr 3,Sunday,25.655
c9d51371,Home & Kitchen,235.35,15,200.05,UPI,12/10/2024,2024,October,Qtr 4,Saturday,35.3025
a0c0b305,Books,462.66,20,370.13,Cash on Delivery,16/06/2024,2024,June,Qtr 2,Sunday,92.532
14fe692a,Clothing,67.02,5,63.67,UPI,24/01/2024,2024,January,Qtr 1,Wednesday,3.351
0439fca1,Clothing,457.96,5,435.06,Cash on Delivery,04/10/2024,2024,October,Qtr 4,Friday,22.898
f145c04d,Clothing,215.06,0,215.06,Net Banking,09/10/2024,2024,October,Qtr 4,Wednesday,0
14008bb0,Electronics,49.79,15,42.32,Net Banking,21/01/2024,2024,January,Qtr 1,Sunday,7.4685
09b8e30c,Toys,71.25,0,71.25,UPI,14/03/2024,2024,March,Qtr 1,Thursday,0
b94ce497,Sports,47.04,5,44.69,Debit Card,16/10/2024,2024,October,Qtr 4,Wednesday,2.352
5c82e80d,Electronics,250.1,25,187.57,Credit Card,15/07/2024,2024,July,Qtr 3,Monday,62.525
26bc1cc6,Home & Kitchen,333.61,10,300.25,Debit Card,25/03/2024,2024,March,Qtr 1,Monday,33.361
1e2104bf,Home & Kitchen,41.85,20,33.48,Cash on Delivery,27/09/2024,2024,September,Qtr 3,Friday,8.37
c1b668e8,Home & Kitchen,94.11,25,70.58,Net Banking,24/08/2024,2024,August,Qtr 3,Saturday,23.5275
e540ae75,Books,486.05,50,243.03,Credit Card,14/09/2024,2024,September,Qtr 3,Saturday,243.025
b1f48add,Beauty,293.03,5,278.38,UPI,18/04/2024,2024,April,Qtr 2,Thursday,14.6515
3f331c72,Toys,274.85,5,261.11,Debit Card,06/06/2024,2024,June,Qtr 2,Thursday,13.7425
431691b6,Books,187.3,50,93.65,Net Banking,21/07/2024,2024,July,Qtr 3,Sunday,93.65
40b0c467,Electronics,297.32,0,297.32,UPI,31/10/2024,2024,October,Qtr 4,Thursday,0
bea18811,Books,55.9,20,44.72,Cash on Delivery,01/11/2024,2024,November,Qtr 4,Friday,11.18
411a29ef,Books,404.85,25,303.64,Credit Card,02/05/2024,2024,May,Qtr 2,Thursday,101.2125
e21a486c,Sports,39.82,5,37.83,Net Banking,10/04/2024,2024,April,Qtr 2,Wednesday,1.991
b501d28d,Books,259.65,0,259.65,UPI,22/06/2024,2024,June,Qtr 2,Saturday,0
8e8b727c,Clothing,29.8,10,26.82,Debit Card,05/03/2024,2024,March,Qtr 1,Tuesday,2.98
eb5366bb,Electronics,352.73,25,264.55,Credit Card,29/01/2024,2024,January,Qtr 1,Monday,88.1825
8837d8da,Clothing,265.73,10,239.16,Cash on Delivery,31/08/2024,2024,August,Qtr 3,Saturday,26.573
08a6752d,Toys,25.94,5,24.64,UPI,19/06/2024,2024,June,Qtr 2,Wednesday,1.297
17206a14,Home & Kitchen,315.53,0,315.53,UPI,07/10/2024,2024,October,Qtr 4,Monday,0
11ba2467,Beauty,96.8,50,48.4,Net Banking,06/06/2024,2024,June,Qtr 2,Thursday,48.4
cf03c6d8,Home & Kitchen,229.13,50,114.56,UPI,17/05/2024,2024,May,Qtr 2,Friday,114.565
58e6ca04,Sports,119.97,50,59.98,Debit Card,12/07/2024,2024,July,Qtr 3,Friday,59.985
d2933255,Clothing,250.45,10,225.41,Net Banking,20/10/2024,2024,October,Qtr 4,Sunday,25.045
f41adbe9,Toys,168.44,0,168.44,Debit Card,26/10/2024,2024,October,Qtr 4,Saturday,0
caeb735f,Toys,103.8,0,103.8,Debit Card,29/07/2024,2024,July,Qtr 3,Monday,0
e4ab10c7,Toys,52.94,15,45,Net Banking,11/10/2024,2024,October,Qtr 4,Friday,7.941
a69ea338,Books,368.07,5,349.67,Credit Card,27/01/2024,2024,January,Qtr 1,Saturday,18.4035
f7c63887,Beauty,135.49,25,101.62,UPI,13/08/2024,2024,August,Qtr 3,Tuesday,33.8725
dc0dbfa8,Clothing,404.46,25,303.34,UPI,17/09/2024,2024,September,Qtr 3,Tuesday,101.115
4098b81b,Electronics,477.36,25,358.02,Net Banking,20/11/2024,2024,November,Qtr 4,Wednesday,119.34
03bbb018,Sports,187.4,0,187.4,Credit Card,22/05/2024,2024,May,Qtr 2,Wednesday,0
61780cc4,Books,415.48,15,353.16,Cash on Delivery,30/07/2024,2024,July,Qtr 3,Tuesday,62.322
440ae23c,Home & Kitchen,138.62,10,124.76,Net Banking,25/08/2024,2024,August,Qtr 3,Sunday,13.862
ba58bbc8,Sports,10.33,0,10.33,Cash on Delivery,12/04/2024,2024,April,Qtr 2,Friday,0
1cf64412,Electronics,423.28,0,423.28,UPI,25/02/2024,2024,February,Qtr 1,Sunday,0
8add7d6b,Beauty,372.63,0,372.63,Cash on Delivery,27/07/2024,2024,July,Qtr 3,Saturday,0
e4c9e2e8,Clothing,441.72,0,441.72,UPI,28/03/2024,2024,March,Qtr 1,Thursday,0
cc5a39bd,Books,399.38,50,199.69,Credit Card,24/10/2024,2024,October,Qtr 4,Thursday,199.69
172bd712,Clothing,428.53,15,364.25,Net Banking,02/04/2024,2024,April,Qtr 2,Tuesday,64.2795
f3fbacfa,Clothing,308.6,10,277.74,Cash on Delivery,24/03/2024,2024,March,Qtr 1,Sunday,30.86
069d9e68,Toys,452,15,384.2,Cash on Delivery,23/05/2024,2024,May,Qtr 2,Thursday,67.8
2d37b12b,Home & Kitchen,233.42,0,233.42,Credit Card,11/07/2024,2024,July,Qtr 3,Thursday,0
3f77ce33,Clothing,24.55,10,22.1,UPI,06/02/2024,2024,February,Qtr 1,Tuesday,2.455
fc0f137f,Electronics,196.1,15,166.69,Credit Card,03/07/2024,2024,July,Qtr 3,Wednesday,29.415
7a50730b,Toys,227.48,0,227.48,Debit Card,08/04/2024,2024,April,Qtr 2,Monday,0
4941470e,Electronics,318.83,20,255.06,Net Banking,12/04/2024,2024,April,Qtr 2,Friday,63.766
addb5998,Toys,186.5,50,93.25,Credit Card,05/03/2024,2024,March,Qtr 1,Tuesday,93.25
6d496aca,Books,141.28,20,113.02,Cash on Delivery,21/04/2024,2024,April,Qtr 2,Sunday,28.256
145a48bb,Clothing,121.13,0,121.13,Net Banking,22/05/2024,2024,May,Qtr 2,Wednesday,0
d960a0a3,Sports,87.7,0,87.7,Credit Card,07/07/2024,2024,July,Qtr 3,Sunday,0
91537fcc,Books,247.3,25,185.48,Cash on Delivery,21/07/2024,2024,July,Qtr 3,Sunday,61.825
2a015472,Home & Kitchen,10.82,25,8.12,Cash on Delivery,14/04/2024,2024,April,Qtr 2,Sunday,2.705
6211b620,Electronics,200.86,10,180.77,Net Banking,18/01/2024,2024,January,Qtr 1,Thursday,20.086
178000,Clothing,32.66,15,27.76,Cash on Delivery,22/07/2024,2024,July,Qtr 3,Monday,4.899
4c628b08,Books,498.59,10,448.73,UPI,10/04/2024,2024,April,Qtr 2,Wednesday,49.859
cdf7235f,Clothing,276.84,30,193.79,UPI,06/04/2024,2024,April,Qtr 2,Saturday,83.052
75d5a2bb,Beauty,62.2,5,59.09,Cash on Delivery,16/08/2024,2024,August,Qtr 3,Friday,3.11
2fcdb2c6,Electronics,75.65,15,64.3,Credit Card,30/04/2024,2024,April,Qtr 2,Tuesday,11.3475
f68e5e35,Home & Kitchen,442.91,0,442.91,Net Banking,21/10/2024,2024,October,Qtr 4,Monday,0
d12bbb22,Electronics,205.35,0,205.35,UPI,05/10/2024,2024,October,Qtr 4,Saturday,0
4c3ee940,Electronics,370.3,30,259.21,Cash on Delivery,21/08/2024,2024,August,Qtr 3,Wednesday,111.09
054dbda0,Toys,251.66,15,213.91,Debit Card,29/09/2024,2024,September,Qtr 3,Sunday,37.749
d91f5633,Home & Kitchen,467.8,0,467.8,Debit Card,20/04/2024,2024,April,Qtr 2,Saturday,0
e4cf6aad,Sports,428.97,10,386.07,UPI,30/10/2024,2024,October,Qtr 4,Wednesday,42.897
d8e741ba,Sports,479.89,15,407.91,Credit Card,25/06/2024,2024,June,Qtr 2,Tuesday,71.9835
064a90e8,Electronics,451.74,20,361.39,Debit Card,29/08/2024,2024,August,Qtr 3,Thursday,90.348
e0682864,Sports,189.54,25,142.16,Debit Card,03/08/2024,2024,August,Qtr 3,Saturday,47.385
7c00fe48,Beauty,61.47,20,49.18,UPI,25/10/2024,2024,October,Qtr 4,Friday,12.294
ed00aa00,Home & Kitchen,406.13,50,203.06,UPI,21/01/2024,2024,January,Qtr 1,Sunday,203.065
df2ac223,Beauty,233.79,20,187.03,Debit Card,30/09/2024,2024,September,Qtr 3,Monday,46.758
7dba6d8a,Books,117.37,0,117.37,Net Banking,08/03/2024,2024,March,Qtr 1,Friday,0
eb342dbe,Clothing,146.37,25,109.78,Cash on Delivery,01/02/2024,2024,February,Qtr 1,Thursday,36.5925
1aa72558,Clothing,262.71,10,236.44,Net Banking,20/05/2024,2024,May,Qtr 2,Monday,26.271
cd9edb10,Electronics,374.98,30,262.49,Credit Card,29/01/2024,2024,January,Qtr 1,Monday,112.494
54496df2,Toys,206.92,25,155.19,Debit Card,14/08/2024,2024,August,Qtr 3,Wednesday,51.73
1d431cd4,Beauty,126.06,0,126.06,UPI,11/10/2024,2024,October,Qtr 4,Friday,0
3a6c34b5,Toys,216.8,30,151.76,Cash on Delivery,04/08/2024,2024,August,Qtr 3,Sunday,65.04
37be8f06,Books,48.15,10,43.34,Net Banking,18/04/2024,2024,April,Qtr 2,Thursday,4.815
bb77f1c9,Beauty,339.34,0,339.34,UPI,28/03/2024,2024,March,Qtr 1,Thursday,0
7ccb26b8,Sports,130.51,30,91.36,Cash on Delivery,23/06/2024,2024,June,Qtr 2,Sunday,39.153
abb31c38,Books,58.82,5,55.88,Net Banking,03/03/2024,2024,March,Qtr 1,Sunday,2.941
fe77fa94,Toys,440.49,5,418.47,Cash on Delivery,18/06/2024,2024,June,Qtr 2,Tuesday,22.0245
f74f4cb1,Clothing,216.4,0,216.4,UPI,07/05/2024,2024,May,Qtr 2,Tuesday,0
3991123d,Clothing,44.95,5,42.7,UPI,14/08/2024,2024,August,Qtr 3,Wednesday,2.2475
8cf4c24b,Electronics,284.9,0,284.9,UPI,28/07/2024,2024,July,Qtr 3,Sunday,0
67bc2d14,Beauty,407.75,25,305.81,Net Banking,30/03/2024,2024,March,Qtr 1,Saturday,101.9375
c2d31eea,Home & Kitchen,28.94,10,26.05,Debit Card,21/07/2024,2024,July,Qtr 3,Sunday,2.894
90491250,Beauty,279.34,5,265.37,UPI,05/09/2024,2024,September,Qtr 3,Thursday,13.967
097f2ccb,Sports,403.49,10,363.14,Credit Card,02/01/2024,2024,January,Qtr 1,Tuesday,40.349
d912b7eb,Electronics,266.16,5,252.85,Cash on Delivery,13/08/2024,2024,August,Qtr 3,Tuesday,13.308
cc2c2a64,Toys,59.11,25,44.33,UPI,26/05/2024,2024,May,Qtr 2,Sunday,14.7775
4e781226,Clothing,492.24,30,344.57,Credit Card,04/09/2024,2024,September,Qtr 3,Wednesday,147.672
2921198f,Toys,181.73,15,154.47,Net Banking,04/06/2024,2024,June,Qtr 2,Tuesday,27.2595
27bb9508,Electronics,362.98,0,362.98,UPI,16/07/2024,2024,July,Qtr 3,Tuesday,0
5f7e6988,Home & Kitchen,164.7,10,148.23,Credit Card,10/03/2024,2024,March,Qtr 1,Sunday,16.47
2799503e,Toys,469.41,5,445.94,Cash on Delivery,19/10/2024,2024,October,Qtr 4,Saturday,23.4705
8383353b,Home & Kitchen,357.41,25,268.06,Credit Card,08/03/2024,2024,March,Qtr 1,Friday,89.3525
a9483365,Home & Kitchen,446.21,30,312.35,UPI,30/05/2024,2024,May,Qtr 2,Thursday,133.863
d266a374,Clothing,170.8,20,136.64,Cash on Delivery,23/08/2024,2024,August,Qtr 3,Friday,34.16
a6d6328d,Sports,122.58,20,98.06,Cash on Delivery,11/04/2024,2024,April,Qtr 2,Thursday,24.516
65f5b50d,Home & Kitchen,493.51,10,444.16,Cash on Delivery,24/09/2024,2024,September,Qtr 3,Tuesday,49.351
a0e96a4e,Home & Kitchen,278.5,50,139.25,UPI,01/09/2024,2024,September,Qtr 3,Sunday,139.25
1be4767d,Home & Kitchen,176.59,50,88.3,Net Banking,24/07/2024,2024,July,Qtr 3,Wednesday,88.295
24f89561,Beauty,72.08,15,61.27,UPI,15/07/2024,2024,July,Qtr 3,Monday,10.812
f00862a4,Beauty,497.92,25,373.44,Debit Card,07/01/2024,2024,January,Qtr 1,Sunday,124.48
43ed571c,Beauty,333.66,5,316.98,Net Banking,19/08/2024,2024,August,Qtr 3,Monday,16.683
d35184fe,Beauty,416.11,0,416.11,Credit Card,17/04/2024,2024,April,Qtr 2,Wednesday,0
894270ec,Clothing,494.49,30,346.14,Debit Card,29/01/2024,2024,January,Qtr 1,Monday,148.347
fdd0b0b7,Clothing,22.12,50,11.06,Debit Card,15/03/2024,2024,March,Qtr 1,Friday,11.06
994a1cfa,Toys,178.5,25,133.88,Cash on Delivery,15/11/2024,2024,November,Qtr 4,Friday,44.625
ae5bc048,Books,219.2,30,153.44,Debit Card,27/04/2024,2024,April,Qtr 2,Saturday,65.76
a6c4e58f,Electronics,310.01,10,279.01,Debit Card,25/07/2024,2024,July,Qtr 3,Thursday,31.001
678d234e,Toys,175.18,10,157.66,Debit Card,19/06/2024,2024,June,Qtr 2,Wednesday,17.518
014b0b14,Beauty,464.54,10,418.09,Cash on Delivery,28/03/2024,2024,March,Qtr 1,Thursday,46.454
b3ea2594,Sports,345.03,25,258.77,Credit Card,24/05/2024,2024,May,Qtr 2,Friday,86.2575
af04c017,Electronics,269.89,5,256.4,Credit Card,03/08/2024,2024,August,Qtr 3,Saturday,13.4945
dfb53be4,Electronics,443.26,10,398.93,Credit Card,16/01/2024,2024,January,Qtr 1,Tuesday,44.326
af0d5699,Electronics,421.99,0,421.99,Net Banking,16/09/2024,2024,September,Qtr 3,Monday,0
5d45dd12,Books,270.41,5,256.89,UPI,21/07/2024,2024,July,Qtr 3,Sunday,13.5205
59dd175f,Clothing,245.22,50,122.61,Net Banking,17/03/2024,2024,March,Qtr 1,Sunday,122.61
5c528d02,Sports,258.5,20,206.8,Net Banking,26/04/2024,2024,April,Qtr 2,Friday,51.7
07bba05f,Books,409.67,20,327.74,UPI,09/10/2024,2024,October,Qtr 4,Wednesday,81.934
63fb3f26,Books,135.25,25,101.44,Credit Card,22/09/2024,2024,September,Qtr 3,Sunday,33.8125
72ae5a86,Toys,323.14,25,242.35,UPI,11/02/2024,2024,February,Qtr 1,Sunday,80.785
be6c3104,Home & Kitchen,56.46,30,39.52,Debit Card,22/05/2024,2024,May,Qtr 2,Wednesday,16.938
ec701be3,Clothing,338.11,0,338.11,Cash on Delivery,29/09/2024,2024,September,Qtr 3,Sunday,0
bbb3b5c2,Clothing,496.13,15,421.71,Debit Card,11/06/2024,2024,June,Qtr 2,Tuesday,74.4195
9663a01a,Books,476.97,10,429.27,Credit Card,14/05/2024,2024,May,Qtr 2,Tuesday,47.697
9a4f1e61,Clothing,195.46,20,156.37,UPI,20/06/2024,2024,June,Qtr 2,Thursday,39.092
f6cad0c5,Toys,200.87,0,200.87,Credit Card,07/06/2024,2024,June,Qtr 2,Friday,0
2d3fc0c1,Sports,12.7,50,6.35,Net Banking,08/02/2024,2024,February,Qtr 1,Thursday,6.35
1bcc7d66,Books,46.81,20,37.45,Cash on Delivery,29/02/2024,2024,February,Qtr 1,Thursday,9.362
9214a7aa,Home & Kitchen,447.61,10,402.85,Credit Card,09/06/2024,2024,June,Qtr 2,Sunday,44.761
c2ecd5b9,Books,236.71,25,177.53,UPI,15/02/2024,2024,February,Qtr 1,Thursday,59.1775
4ea030a8,Clothing,30.85,15,26.22,Debit Card,15/11/2024,2024,November,Qtr 4,Friday,4.6275
5ddf14d8,Home & Kitchen,254.08,15,215.97,Credit Card,05/10/2024,2024,October,Qtr 4,Saturday,38.112
c266e272,Clothing,234.28,25,175.71,Cash on Delivery,20/04/2024,2024,April,Qtr 2,Saturday,58.57
bde0021d,Toys,286.83,20,229.46,Net Banking,18/07/2024,2024,July,Qtr 3,Thursday,57.366
a80c009d,Beauty,266.23,30,186.36,UPI,15/04/2024,2024,April,Qtr 2,Monday,79.869
24c878ae,Books,97.64,10,87.88,Net Banking,05/11/2024,2024,November,Qtr 4,Tuesday,9.764
7fc67a24,Clothing,113.41,0,113.41,UPI,02/06/2024,2024,June,Qtr 2,Sunday,0
400dbaf4,Sports,495.55,5,470.77,UPI,17/03/2024,2024,March,Qtr 1,Sunday,24.7775
7a0f6041,Home & Kitchen,222.65,15,189.25,Debit Card,16/04/2024,2024,April,Qtr 2,Tuesday,33.3975
f27e1207,Sports,393.04,5,373.39,Credit Card,24/08/2024,2024,August,Qtr 3,Saturday,19.652
eae2f779,Beauty,196.56,30,137.59,UPI,22/06/2024,2024,June,Qtr 2,Saturday,58.968
ff91160c,Sports,290.25,0,290.25,UPI,02/05/2024,2024,May,Qtr 2,Thursday,0
dce9df30,Sports,379.93,30,265.95,Debit Card,26/10/2024,2024,October,Qtr 4,Saturday,113.979
c92d8776,Electronics,171.18,25,128.38,Credit Card,03/11/2024,2024,November,Qtr 4,Sunday,42.795
75e0ba29,Home & Kitchen,149.3,5,141.84,UPI,16/10/2024,2024,October,Qtr 4,Wednesday,7.465
21d9914c,Clothing,222.07,25,166.55,Cash on Delivery,25/05/2024,2024,May,Qtr 2,Saturday,55.5175
31efc044,Beauty,52.29,0,52.29,UPI,23/09/2024,2024,September,Qtr 3,Monday,0
36ca8907,Books,58.85,50,29.43,Debit Card,12/10/2024,2024,October,Qtr 4,Saturday,29.425
1ee3dec3,Home & Kitchen,273.13,20,218.5,Debit Card,25/08/2024,2024,August,Qtr 3,Sunday,54.626
53c0836e,Books,127.6,30,89.32,Cash on Delivery,10/05/2024,2024,May,Qtr 2,Friday,38.28
3da3aba7,Clothing,82.43,20,65.94,Cash on Delivery,26/10/2024,2024,October,Qtr 4,Saturday,16.486
09642f7b,Books,269.76,20,215.81,Credit Card,23/05/2024,2024,May,Qtr 2,Thursday,53.952
666b1b8b,Sports,337.7,10,303.93,UPI,30/03/2024,2024,March,Qtr 1,Saturday,33.77
551167cb,Home & Kitchen,353.08,0,353.08,Debit Card,05/01/2024,2024,January,Qtr 1,Friday,0
06d390ac,Sports,436.99,20,349.59,Debit Card,18/04/2024,2024,April,Qtr 2,Thursday,87.398
a0944d1e,Books,384.23,15,326.6,Debit Card,21/11/2024,2024,November,Qtr 4,Thursday,57.6345
19eb99df,Clothing,243.88,20,195.1,Credit Card,06/01/2024,2024,January,Qtr 1,Saturday,48.776
ce065ab2,Home & Kitchen,261.8,50,130.9,Net Banking,13/05/2024,2024,May,Qtr 2,Monday,130.9
ff264d6a,Books,471.02,20,376.82,Net Banking,11/02/2024,2024,February,Qtr 1,Sunday,94.204
c2447899,Electronics,437.56,25,328.17,Debit Card,28/08/2024,2024,August,Qtr 3,Wednesday,109.39
2ca25b33,Toys,433.53,10,390.18,Cash on Delivery,01/10/2024,2024,October,Qtr 4,Tuesday,43.353
a1e6b647,Home & Kitchen,414.73,20,331.78,Net Banking,02/09/2024,2024,September,Qtr 3,Monday,82.946
ed2e3289,Home & Kitchen,121.2,20,96.96,Credit Card,03/02/2024,2024,February,Qtr 1,Saturday,24.24
c97b3e2d,Home & Kitchen,479.54,0,479.54,UPI,09/01/2024,2024,January,Qtr 1,Tuesday,0
008ac58b,Home & Kitchen,296.45,5,281.63,Debit Card,10/10/2024,2024,October,Qtr 4,Thursday,14.8225
53e1818f,Beauty,286.43,15,243.47,Cash on Delivery,09/02/2024,2024,February,Qtr 1,Friday,42.9645
c0d0e868,Home & Kitchen,143.24,5,136.08,Credit Card,10/09/2024,2024,September,Qtr 3,Tuesday,7.162
d4515858,Toys,313.68,0,313.68,Debit Card,26/01/2024,2024,January,Qtr 1,Friday,0
5f0bbdfb,Home & Kitchen,224.68,30,157.28,Net Banking,28/01/2024,2024,January,Qtr 1,Sunday,67.404
dd7cd6f2,Toys,232.86,20,186.29,Cash on Delivery,04/08/2024,2024,August,Qtr 3,Sunday,46.572
3bdcafad,Toys,63.37,20,50.7,UPI,23/04/2024,2024,April,Qtr 2,Tuesday,12.674
847a300e,Clothing,103.44,30,72.41,Debit Card,21/09/2024,2024,September,Qtr 3,Saturday,31.032
681e2800,Clothing,488.6,25,366.45,Cash on Delivery,13/04/2024,2024,April,Qtr 2,Saturday,122.15
4d77d1d3,Home & Kitchen,371.23,5,352.67,Debit Card,01/05/2024,2024,May,Qtr 2,Wednesday,18.5615
18ceee25,Toys,386.7,20,309.36,UPI,07/09/2024,2024,September,Qtr 3,Saturday,77.34
22cc7cea,Electronics,370.53,0,370.53,UPI,08/07/2024,2024,July,Qtr 3,Monday,0
3175823b,Electronics,135.13,5,128.37,UPI,14/01/2024,2024,January,Qtr 1,Sunday,6.7565
e21f5fd1,Electronics,448.19,5,425.78,Credit Card,19/07/2024,2024,July,Qtr 3,Friday,22.4095
3cfe3f1d,Home & Kitchen,140,5,133,UPI,08/03/2024,2024,March,Qtr 1,Friday,7
cd4393ab,Home & Kitchen,430.03,30,301.02,UPI,25/08/2024,2024,August,Qtr 3,Sunday,129.009
36056157,Clothing,478.79,5,454.85,Credit Card,27/08/2024,2024,August,Qtr 3,Tuesday,23.9395
2ece1205,Toys,261.25,30,182.88,Net Banking,14/10/2024,2024,October,Qtr 4,Monday,78.375
066a0e2f,Books,444.77,25,333.58,Cash on Delivery,03/11/2024,2024,November,Qtr 4,Sunday,111.1925
2f1fa8ae,Clothing,102.54,30,71.78,Debit Card,04/08/2024,2024,August,Qtr 3,Sunday,30.762
b3c4394e,Books,52.51,25,39.38,Credit Card,06/08/2024,2024,August,Qtr 3,Tuesday,13.1275
cd3d2fd4,Clothing,425.83,10,383.25,Net Banking,19/03/2024,2024,March,Qtr 1,Tuesday,42.583
18a7315f,Electronics,455.26,15,386.97,Net Banking,18/01/2024,2024,January,Qtr 1,Thursday,68.289
0d6a5b96,Electronics,199.44,15,169.52,Credit Card,22/06/2024,2024,June,Qtr 2,Saturday,29.916
c0363e36,Beauty,96.61,5,91.78,UPI,07/09/2024,2024,September,Qtr 3,Saturday,4.8305
4ce205d9,Home & Kitchen,265.18,5,251.92,UPI,30/07/2024,2024,July,Qtr 3,Tuesday,13.259
63080f53,Clothing,241.58,30,169.11,UPI,10/04/2024,2024,April,Qtr 2,Wednesday,72.474
99f588a5,Clothing,20.79,50,10.39,Net Banking,06/02/2024,2024,February,Qtr 1,Tuesday,10.395
12a6e549,Clothing,52.46,0,52.46,UPI,10/10/2024,2024,October,Qtr 4,Thursday,0
1304dddb,Toys,264.94,15,225.2,Cash on Delivery,01/06/2024,2024,June,Qtr 2,Saturday,39.741
5d42a5ff,Sports,190.85,15,162.22,Net Banking,01/01/2024,2024,January,Qtr 1,Monday,28.6275
5bf29639,Toys,307.03,30,214.92,Net Banking,25/07/2024,2024,July,Qtr 3,Thursday,92.109
72567069,Beauty,271.29,0,271.29,Credit Card,15/07/2024,2024,July,Qtr 3,Monday,0
e6cbe081,Clothing,394.16,0,394.16,UPI,02/04/2024,2024,April,Qtr 2,Tuesday,0
ba25a4d4,Books,152.41,50,76.2,UPI,08/11/2024,2024,November,Qtr 4,Friday,76.205
9e379d53,Clothing,197.51,20,158.01,Debit Card,08/11/2024,2024,November,Qtr 4,Friday,39.502
c2252a4a,Sports,412.15,20,329.72,Debit Card,07/02/2024,2024,February,Qtr 1,Wednesday,82.43
e71a6cd8,Electronics,389.86,10,350.87,Net Banking,11/07/2024,2024,July,Qtr 3,Thursday,38.986
4619caa9,Clothing,235.54,30,164.88,Net Banking,10/02/2024,2024,February,Qtr 1,Saturday,70.662
316e72b1,Beauty,227.56,5,216.18,Net Banking,02/10/2024,2024,October,Qtr 4,Wednesday,11.378
0f11e6c8,Electronics,484.75,10,436.28,Net Banking,02/10/2024,2024,October,Qtr 4,Wednesday,48.475
903af8b1,Beauty,82.9,20,66.32,Credit Card,10/11/2024,2024,November,Qtr 4,Sunday,16.58
e6a28a9a,Sports,17.03,25,12.77,Debit Card,14/03/2024,2024,March,Qtr 1,Thursday,4.2575
ab421cc2,Sports,290.57,25,217.93,Net Banking,21/04/2024,2024,April,Qtr 2,Sunday,72.6425
ea94aad2,Clothing,147.97,5,140.57,Debit Card,09/09/2024,2024,September,Qtr 3,Monday,7.3985
f9383d86,Home & Kitchen,350.82,30,245.57,Debit Card,16/11/2024,2024,November,Qtr 4,Saturday,105.246
ecaeb17c,Toys,315.16,10,283.64,Credit Card,17/10/2024,2024,October,Qtr 4,Thursday,31.516
17579278,Clothing,332.54,30,232.78,Credit Card,17/01/2024,2024,January,Qtr 1,Wednesday,99.762
61dabebb,Beauty,249.14,15,211.77,Debit Card,08/05/2024,2024,May,Qtr 2,Wednesday,37.371
46788479,Beauty,438.9,30,307.23,Cash on Delivery,02/01/2024,2024,January,Qtr 1,Tuesday,131.67
69ced3cb,Beauty,260.01,15,221.01,UPI,27/10/2024,2024,October,Qtr 4,Sunday,39.0015
966cb7b1,Beauty,427.72,30,299.4,UPI,03/07/2024,2024,July,Qtr 3,Wednesday,128.316
a002abc7,Electronics,243.29,25,182.47,Net Banking,17/10/2024,2024,October,Qtr 4,Thursday,60.8225
3467a8f9,Electronics,360.82,5,342.78,UPI,17/06/2024,2024,June,Qtr 2,Monday,18.041
77dc4e1e,Home & Kitchen,426.84,15,362.81,Net Banking,11/01/2024,2024,January,Qtr 1,Thursday,64.026
9ec98fc0,Beauty,25.36,25,19.02,Debit Card,09/04/2024,2024,April,Qtr 2,Tuesday,6.34
c66571e9,Clothing,219.93,25,164.95,Credit Card,20/09/2024,2024,September,Qtr 3,Friday,54.9825
1cb03de1,Electronics,104.5,20,83.6,Net Banking,09/07/2024,2024,July,Qtr 3,Tuesday,20.9
f17e39c3,Home & Kitchen,28.34,25,21.25,UPI,19/09/2024,2024,September,Qtr 3,Thursday,7.085
4c2e1ade,Beauty,301.06,5,286.01,Net Banking,11/09/2024,2024,September,Qtr 3,Wednesday,15.053
5790d253,Books,74.9,5,71.16,UPI,30/09/2024,2024,September,Qtr 3,Monday,3.745
8f9251fe,Books,350.21,20,280.17,Debit Card,19/07/2024,2024,July,Qtr 3,Friday,70.042
0e594526,Toys,43.23,30,30.26,Credit Card,03/07/2024,2024,July,Qtr 3,Wednesday,12.969
41b3b567,Toys,386.36,20,309.09,Cash on Delivery,01/02/2024,2024,February,Qtr 1,Thursday,77.272
ddd43296,Clothing,172.92,50,86.46,Debit Card,03/05/2024,2024,May,Qtr 2,Friday,86.46
9c1af3a0,Books,25.98,15,22.08,Net Banking,17/09/2024,2024,September,Qtr 3,Tuesday,3.897
af02dfd4,Clothing,435.14,15,369.87,Debit Card,27/10/2024,2024,October,Qtr 4,Sunday,65.271
e7c1bef5,Books,134.42,25,100.81,Debit Card,04/06/2024,2024,June,Qtr 2,Tuesday,33.605
3885e4b0,Sports,296.55,5,281.72,Credit Card,08/07/2024,2024,July,Qtr 3,Monday,14.8275
92b25a6f,Home & Kitchen,105.52,0,105.52,Net Banking,25/05/2024,2024,May,Qtr 2,Saturday,0
826d3bd2,Toys,338.82,50,169.41,Net Banking,19/05/2024,2024,May,Qtr 2,Sunday,169.41
4408ba1e,Electronics,165.23,15,140.45,Debit Card,04/02/2024,2024,February,Qtr 1,Sunday,24.7845
0d83d591,Electronics,384.9,20,307.92,UPI,07/08/2024,2024,August,Qtr 3,Wednesday,76.98
4e493c65,Home & Kitchen,423.56,5,402.38,Net Banking,08/06/2024,2024,June,Qtr 2,Saturday,21.178
52345814,Beauty,139.84,0,139.84,UPI,26/02/2024,2024,February,Qtr 1,Monday,0
de7e833d,Books,492.78,5,468.14,Debit Card,26/08/2024,2024,August,Qtr 3,Monday,24.639
2ffde046,Home & Kitchen,220.92,5,209.87,UPI,28/03/2024,2024,March,Qtr 1,Thursday,11.046
10ff6293,Home & Kitchen,365.04,30,255.53,UPI,01/02/2024,2024,February,Qtr 1,Thursday,109.512
6281837d,Sports,385.34,20,308.27,UPI,14/03/2024,2024,March,Qtr 1,Thursday,77.068
4f804eec,Books,458.94,0,458.94,UPI,28/10/2024,2024,October,Qtr 4,Monday,0
a4918e3a,Books,287.43,50,143.72,Net Banking,14/05/2024,2024,May,Qtr 2,Tuesday,143.715
c29dbb36,Home & Kitchen,383.01,0,383.01,Debit Card,12/01/2024,2024,January,Qtr 1,Friday,0
85817290,Beauty,62.51,30,43.76,Net Banking,06/10/2024,2024,October,Qtr 4,Sunday,18.753
794b1ea3,Beauty,210.68,30,147.48,UPI,06/04/2024,2024,April,Qtr 2,Saturday,63.204
189129b3,Electronics,59.48,50,29.74,Credit Card,10/07/2024,2024,July,Qtr 3,Wednesday,29.74
e6a4031d,Sports,415.39,15,353.08,Cash on Delivery,12/06/2024,2024,June,Qtr 2,Wednesday,62.3085
575a90ff,Toys,323.5,5,307.32,Cash on Delivery,24/05/2024,2024,May,Qtr 2,Friday,16.175
79a5ec12,Home & Kitchen,268.81,0,268.81,UPI,19/08/2024,2024,August,Qtr 3,Monday,0
494e205f,Electronics,247.41,5,235.04,Credit Card,17/10/2024,2024,October,Qtr 4,Thursday,12.3705
ffcf6748,Sports,142.35,5,135.23,Net Banking,17/04/2024,2024,April,Qtr 2,Wednesday,7.1175
824cc911,Toys,228.46,5,217.04,Debit Card,19/03/2024,2024,March,Qtr 1,Tuesday,11.423
bb2530af,Electronics,390.22,10,351.2,Credit Card,19/03/2024,2024,March,Qtr 1,Tuesday,39.022
60473d61,Electronics,98.89,15,84.06,Debit Card,22/04/2024,2024,April,Qtr 2,Monday,14.8335
f9c6383e,Sports,475.72,10,428.15,Cash on Delivery,03/06/2024,2024,June,Qtr 2,Monday,47.572
3dba894a,Clothing,312.28,15,265.44,Net Banking,01/03/2024,2024,March,Qtr 1,Friday,46.842
e1b8ee3b,Clothing,365.44,20,292.35,Debit Card,22/04/2024,2024,April,Qtr 2,Monday,73.088
7970e3a5,Books,209.3,5,198.84,Credit Card,18/01/2024,2024,January,Qtr 1,Thursday,10.465
b298d2f9,Toys,484.65,50,242.32,Credit Card,02/10/2024,2024,October,Qtr 4,Wednesday,242.325
6142fb57,Clothing,217.91,10,196.12,Credit Card,25/03/2024,2024,March,Qtr 1,Monday,21.791
ccdc4be0,Home & Kitchen,427.63,25,320.72,Debit Card,08/11/2024,2024,November,Qtr 4,Friday,106.9075
82732895,Books,390.58,5,371.05,Debit Card,23/03/2024,2024,March,Qtr 1,Saturday,19.529
bd3518f0,Clothing,90.01,30,63.01,UPI,15/07/2024,2024,July,Qtr 3,Monday,27.003
0e7ece51,Home & Kitchen,388.41,25,291.31,Cash on Delivery,22/07/2024,2024,July,Qtr 3,Monday,97.1025
c44b9ac7,Books,496.31,25,372.23,Cash on Delivery,18/07/2024,2024,July,Qtr 3,Thursday,124.0775
9047f8f2,Home & Kitchen,170.91,10,153.82,Debit Card,27/02/2024,2024,February,Qtr 1,Tuesday,17.091
f26ee426,Books,497.95,10,448.15,Debit Card,18/08/2024,2024,August,Qtr 3,Sunday,49.795
4ec1bc01,Beauty,208.23,50,104.11,Debit Card,22/03/2024,2024,March,Qtr 1,Friday,104.115
e5df4881,Electronics,37.82,5,35.93,Debit Card,10/07/2024,2024,July,Qtr 3,Wednesday,1.891
8e934ff3,Beauty,365.18,15,310.4,UPI,04/06/2024,2024,June,Qtr 2,Tuesday,54.777
6b9506f3,Clothing,323.74,10,291.37,Debit Card,19/03/2024,2024,March,Qtr 1,Tuesday,32.374
040f37d3,Books,61.68,10,55.51,Cash on Delivery,25/02/2024,2024,February,Qtr 1,Sunday,6.168
d13e8e69,Beauty,177.76,10,159.98,Cash on Delivery,18/07/2024,2024,July,Qtr 3,Thursday,17.776
9751079d,Electronics,132.78,0,132.78,Cash on Delivery,21/01/2024,2024,January,Qtr 1,Sunday,0
0b8bde5a,Electronics,328.44,0,328.44,Debit Card,16/08/2024,2024,August,Qtr 3,Friday,0
1885865d,Electronics,207.86,10,187.07,Credit Card,02/04/2024,2024,April,Qtr 2,Tuesday,20.786
29ca507d,Beauty,494.21,10,444.79,UPI,14/10/2024,2024,October,Qtr 4,Monday,49.421
f95064b0,Beauty,356.61,20,285.29,Credit Card,14/05/2024,2024,May,Qtr 2,Tuesday,71.322
b1b67655,Beauty,308.57,10,277.71,Debit Card,26/02/2024,2024,February,Qtr 1,Monday,30.857
f8e9efff,Clothing,457.38,20,365.9,Cash on Delivery,17/11/2024,2024,November,Qtr 4,Sunday,91.476
b306a090,Beauty,376.51,15,320.03,UPI,11/02/2024,2024,February,Qtr 1,Sunday,56.4765
3f30ad0d,Electronics,174.27,0,174.27,Debit Card,18/08/2024,2024,August,Qtr 3,Sunday,0
03b2bf85,Sports,89.61,20,71.69,Credit Card,11/04/2024,2024,April,Qtr 2,Thursday,17.922
f25423e1,Home & Kitchen,457.48,30,320.24,Cash on Delivery,26/08/2024,2024,August,Qtr 3,Monday,137.244
7b48c570,Sports,468.83,30,328.18,Debit Card,02/01/2024,2024,January,Qtr 1,Tuesday,140.649
bde07b7e,Electronics,52.31,30,36.62,Net Banking,25/02/2024,2024,February,Qtr 1,Sunday,15.693
188c6595,Sports,22.6,0,22.6,Cash on Delivery,13/11/2024,2024,November,Qtr 4,Wednesday,0
9b6d0db5,Beauty,117.78,25,88.34,Debit Card,29/03/2024,2024,March,Qtr 1,Friday,29.445
94001b21,Books,107.72,15,91.56,Debit Card,09/06/2024,2024,June,Qtr 2,Sunday,16.158
5ecc6de9,Sports,362.7,50,181.35,Debit Card,03/10/2024,2024,October,Qtr 4,Thursday,181.35
2c42e5cd,Home & Kitchen,210.86,10,189.77,Credit Card,10/05/2024,2024,May,Qtr 2,Friday,21.086
d2b333f0,Books,341.41,10,307.27,Net Banking,15/07/2024,2024,July,Qtr 3,Monday,34.141
0eeae089,Beauty,205.75,50,102.88,Cash on Delivery,19/01/2024,2024,January,Qtr 1,Friday,102.875
7159f3c4,Sports,292.11,30,204.48,UPI,01/02/2024,2024,February,Qtr 1,Thursday,87.633
a1ac7f49,Toys,323.34,30,226.34,Net Banking,04/04/2024,2024,April,Qtr 2,Thursday,97.002
092a5a44,Books,168.56,0,168.56,Net Banking,15/07/2024,2024,July,Qtr 3,Monday,0
80238ffc,Electronics,477.51,30,334.26,UPI,02/02/2024,2024,February,Qtr 1,Friday,143.253
90733f8f,Beauty,455.09,20,364.07,Cash on Delivery,09/05/2024,2024,May,Qtr 2,Thursday,91.018
b5538ebf,Books,80.01,15,68.01,Credit Card,02/01/2024,2024,January,Qtr 1,Tuesday,12.0015
1966801,Electronics,387.62,50,193.81,Credit Card,12/09/2024,2024,September,Qtr 3,Thursday,193.81
5081323a,Beauty,243.65,0,243.65,Cash on Delivery,26/10/2024,2024,October,Qtr 4,Saturday,0
5098abbf,Clothing,437.91,5,416.01,Credit Card,05/04/2024,2024,April,Qtr 2,Friday,21.8955
64775252,Sports,406.83,15,345.81,Net Banking,24/07/2024,2024,July,Qtr 3,Wednesday,61.0245
683c3f3b,Home & Kitchen,259.15,0,259.15,Credit Card,10/05/2024,2024,May,Qtr 2,Friday,0
7cd4d2c6,Toys,232.96,50,116.48,Credit Card,28/10/2024,2024,October,Qtr 4,Monday,116.48
e1fa3fe4,Toys,42.38,15,36.02,UPI,05/07/2024,2024,July,Qtr 3,Friday,6.357
c8be2ec5,Clothing,328.41,20,262.73,Cash on Delivery,30/09/2024,2024,September,Qtr 3,Monday,65.682
8b3bf27b,Home & Kitchen,246.18,30,172.33,Net Banking,05/09/2024,2024,September,Qtr 3,Thursday,73.854
893a6c4a,Beauty,455.96,5,433.16,UPI,25/09/2024,2024,September,Qtr 3,Wednesday,22.798
9f0cd093,Sports,331.06,20,264.85,Net Banking,29/03/2024,2024,March,Qtr 1,Friday,66.212
47fc4fce,Toys,399.06,5,379.11,Debit Card,10/03/2024,2024,March,Qtr 1,Sunday,19.953
f5109550,Toys,364.43,50,182.22,Cash on Delivery,09/11/2024,2024,November,Qtr 4,Saturday,182.215
e4985f97,Toys,275.78,30,193.05,Net Banking,17/08/2024,2024,August,Qtr 3,Saturday,82.734
57c89f75,Books,386.62,15,328.63,Net Banking,03/11/2024,2024,November,Qtr 4,Sunday,57.993
29b418a7,Sports,468.72,30,328.1,UPI,12/08/2024,2024,August,Qtr 3,Monday,140.616
0511d865,Home & Kitchen,78.92,25,59.19,Credit Card,21/01/2024,2024,January,Qtr 1,Sunday,19.73
493c00b1,Home & Kitchen,430.85,20,344.68,UPI,09/04/2024,2024,April,Qtr 2,Tuesday,86.17
40f21ce7,Toys,331.73,15,281.97,Debit Card,21/08/2024,2024,August,Qtr 3,Wednesday,49.7595
d3df5089,Sports,183.74,20,146.99,Net Banking,16/01/2024,2024,January,Qtr 1,Tuesday,36.748
7e60caed,Clothing,396.57,20,317.26,Debit Card,26/08/2024,2024,August,Qtr 3,Monday,79.314
bf9dc5bd,Toys,377.73,0,377.73,Cash on Delivery,05/11/2024,2024,November,Qtr 4,Tuesday,0
7b86c8f9,Books,211.97,15,180.17,Debit Card,29/08/2024,2024,August,Qtr 3,Thursday,31.7955
31ee86d0,Clothing,210.56,20,168.45,Credit Card,11/10/2024,2024,October,Qtr 4,Friday,42.112
276261b1,Beauty,76.11,50,38.05,Debit Card,22/03/2024,2024,March,Qtr 1,Friday,38.055
ce14a2e7,Books,152.92,20,122.34,Cash on Delivery,04/02/2024,2024,February,Qtr 1,Sunday,30.584
b512b747,Home & Kitchen,373.51,5,354.83,Net Banking,11/03/2024,2024,March,Qtr 1,Monday,18.6755
3ab536f9,Clothing,379.29,5,360.33,Net Banking,07/03/2024,2024,March,Qtr 1,Thursday,18.9645
d8661551,Sports,185.28,30,129.7,Credit Card,26/01/2024,2024,January,Qtr 1,Friday,55.584
be52378d,Clothing,116.77,5,110.93,Credit Card,09/08/2024,2024,August,Qtr 3,Friday,5.8385
df3c4407,Clothing,392.84,25,294.63,Net Banking,12/06/2024,2024,June,Qtr 2,Wednesday,98.21
1e0f3878,Beauty,310.58,20,248.46,Net Banking,11/03/2024,2024,March,Qtr 1,Monday,62.116
2f779c7b,Clothing,166.25,0,166.25,UPI,01/02/2024,2024,February,Qtr 1,Thursday,0
521da082,Clothing,158.02,5,150.12,Cash on Delivery,03/01/2024,2024,January,Qtr 1,Wednesday,7.901
f88ba5dc,Sports,396.49,0,396.49,Credit Card,07/04/2024,2024,April,Qtr 2,Sunday,0
0750df4a,Electronics,182.87,0,182.87,Cash on Delivery,26/05/2024,2024,May,Qtr 2,Sunday,0
fdb03abd,Clothing,449.47,30,314.63,Debit Card,24/03/2024,2024,March,Qtr 1,Sunday,134.841
824c4471,Home & Kitchen,336.95,30,235.86,Debit Card,01/11/2024,2024,November,Qtr 4,Friday,101.085
91619757,Sports,377,0,377,UPI,24/02/2024,2024,February,Qtr 1,Saturday,0
e6090c66,Clothing,310.93,15,264.29,Net Banking,19/03/2024,2024,March,Qtr 1,Tuesday,46.6395
deaef9d5,Books,31.08,50,15.54,Credit Card,11/10/2024,2024,October,Qtr 4,Friday,15.54
83e71ba6,Sports,399.88,5,379.89,Credit Card,02/09/2024,2024,September,Qtr 3,Monday,19.994
9210ee78,Beauty,60.84,10,54.76,Credit Card,06/04/2024,2024,April,Qtr 2,Saturday,6.084
a9d0d978,Toys,242.35,50,121.17,Net Banking,05/10/2024,2024,October,Qtr 4,Saturday,121.175
076f21ca,Beauty,42.85,0,42.85,Credit Card,06/01/2024,2024,January,Qtr 1,Saturday,0
7e34298b,Books,281.84,25,211.38,Credit Card,15/10/2024,2024,October,Qtr 4,Tuesday,70.46
adb5583f,Electronics,340.11,25,255.08,UPI,03/06/2024,2024,June,Qtr 2,Monday,85.0275
17136587,Books,447.4,20,357.92,Credit Card,19/09/2024,2024,September,Qtr 3,Thursday,89.48
176bbab8,Home & Kitchen,396.78,50,198.39,Debit Card,15/09/2024,2024,September,Qtr 3,Sunday,198.39
8297a01f,Home & Kitchen,226.61,0,226.61,Net Banking,28/06/2024,2024,June,Qtr 2,Friday,0
b803aace,Electronics,87.03,5,82.68,Net Banking,17/07/2024,2024,July,Qtr 3,Wednesday,4.3515
1b10748b,Electronics,11.16,5,10.6,UPI,16/08/2024,2024,August,Qtr 3,Friday,0.558
7f8dc9a4,Sports,52.31,50,26.16,Debit Card,20/06/2024,2024,June,Qtr 2,Thursday,26.155
4ec47a3b,Sports,106.47,30,74.53,UPI,14/01/2024,2024,January,Qtr 1,Sunday,31.941
3c7b4f3a,Home & Kitchen,67.95,50,33.98,Debit Card,22/06/2024,2024,June,Qtr 2,Saturday,33.975
c1f52ae7,Sports,83.78,15,71.21,Credit Card,28/03/2024,2024,March,Qtr 1,Thursday,12.567
b8adfe0b,Electronics,14.58,10,13.12,Debit Card,17/10/2024,2024,October,Qtr 4,Thursday,1.458
15e54ccd,Sports,176.41,20,141.13,Debit Card,10/09/2024,2024,September,Qtr 3,Tuesday,35.282
7b78efe2,Clothing,299.87,5,284.88,Credit Card,28/01/2024,2024,January,Qtr 1,Sunday,14.9935
668862c5,Electronics,244.89,0,244.89,UPI,27/02/2024,2024,February,Qtr 1,Tuesday,0
413a34dc,Clothing,366.52,20,293.22,UPI,05/06/2024,2024,June,Qtr 2,Wednesday,73.304
78aff56b,Electronics,195.26,5,185.5,Credit Card,16/11/2024,2024,November,Qtr 4,Saturday,9.763
bbb101a4,Beauty,320.98,5,304.93,UPI,28/10/2024,2024,October,Qtr 4,Monday,16.049
6a3d6535,Toys,380.07,10,342.06,UPI,19/04/2024,2024,April,Qtr 2,Friday,38.007
11105ad4,Electronics,438.61,30,307.03,UPI,19/02/2024,2024,February,Qtr 1,Monday,131.583
c3d823f3,Electronics,210.35,30,147.24,Net Banking,21/01/2024,2024,January,Qtr 1,Sunday,63.105
04638a95,Clothing,184.6,20,147.68,Debit Card,06/08/2024,2024,August,Qtr 3,Tuesday,36.92
2f09e4cc,Toys,174.34,25,130.75,Cash on Delivery,06/03/2024,2024,March,Qtr 1,Wednesday,43.585
f062dd23,Home & Kitchen,255.72,5,242.93,Debit Card,01/03/2024,2024,March,Qtr 1,Friday,12.786
e8b9a378,Beauty,25.16,50,12.58,Cash on Delivery,19/04/2024,2024,April,Qtr 2,Friday,12.58
45fc0bf7,Clothing,11.59,30,8.11,Net Banking,06/06/2024,2024,June,Qtr 2,Thursday,3.477
444ac86f,Beauty,446.06,15,379.15,Net Banking,30/04/2024,2024,April,Qtr 2,Tuesday,66.909
6e9930aa,Electronics,413.4,30,289.38,Debit Card,20/06/2024,2024,June,Qtr 2,Thursday,124.02
3ddc5a35,Sports,468.35,15,398.1,UPI,22/02/2024,2024,February,Qtr 1,Thursday,70.2525
92468cf9,Toys,379.45,0,379.45,UPI,21/10/2024,2024,October,Qtr 4,Monday,0
d1d182ee,Sports,59.58,50,29.79,Debit Card,31/08/2024,2024,August,Qtr 3,Saturday,29.79
29d6e060,Books,16.47,5,15.65,Debit Card,27/01/2024,2024,January,Qtr 1,Saturday,0.8235
87c73bfd,Beauty,166.1,5,157.79,UPI,10/03/2024,2024,March,Qtr 1,Sunday,8.305
5e4766ea,Toys,108.79,10,97.91,Debit Card,14/01/2024,2024,January,Qtr 1,Sunday,10.879
080f21f4,Beauty,92.56,10,83.3,Debit Card,08/05/2024,2024,May,Qtr 2,Wednesday,9.256
cb34921b,Toys,94.31,15,80.16,UPI,05/03/2024,2024,March,Qtr 1,Tuesday,14.1465
1584b5d6,Home & Kitchen,32.71,50,16.36,UPI,10/03/2024,2024,March,Qtr 1,Sunday,16.355
22898985,Books,324.65,25,243.49,Cash on Delivery,28/03/2024,2024,March,Qtr 1,Thursday,81.1625
bc2ca5e1,Beauty,413.11,25,309.83,Cash on Delivery,05/10/2024,2024,October,Qtr 4,Saturday,103.2775
ed711917,Beauty,449.76,15,382.3,Net Banking,03/07/2024,2024,July,Qtr 3,Wednesday,67.464
e4fddc69,Toys,340.1,10,306.09,Cash on Delivery,09/02/2024,2024,February,Qtr 1,Friday,34.01
3699f97e,Toys,437.3,0,437.3,Debit Card,18/08/2024,2024,August,Qtr 3,Sunday,0
3e5e2082,Clothing,21.26,15,18.07,Net Banking,14/11/2024,2024,November,Qtr 4,Thursday,3.189
a9e2c4f5,Home & Kitchen,123.34,30,86.34,Debit Card,15/09/2024,2024,September,Qtr 3,Sunday,37.002
30bffc4c,Electronics,181.26,50,90.63,Cash on Delivery,05/09/2024,2024,September,Qtr 3,Thursday,90.63
6574073f,Home & Kitchen,16.56,25,12.42,Credit Card,05/04/2024,2024,April,Qtr 2,Friday,4.14
f676f386,Beauty,381.94,15,324.65,Credit Card,22/01/2024,2024,January,Qtr 1,Monday,57.291
2a770607,Sports,193.51,20,154.81,Credit Card,16/03/2024,2024,March,Qtr 1,Saturday,38.702
134aa3c5,Books,247.08,20,197.66,Debit Card,04/03/2024,2024,March,Qtr 1,Monday,49.416
50d575f9,Home & Kitchen,64.68,15,54.98,UPI,12/02/2024,2024,February,Qtr 1,Monday,9.702
d1616d3c,Home & Kitchen,202.49,25,151.87,Net Banking,06/08/2024,2024,August,Qtr 3,Tuesday,50.6225
6f4d3f42,Books,323.03,10,290.73,UPI,18/11/2024,2024,November,Qtr 4,Monday,32.303
dcde3dc0,Beauty,437.1,20,349.68,Net Banking,14/11/2024,2024,November,Qtr 4,Thursday,87.42
87c0607b,Clothing,474.3,10,426.87,Net Banking,12/07/2024,2024,July,Qtr 3,Friday,47.43
e04ffe82,Home & Kitchen,47.44,10,42.7,Net Banking,29/02/2024,2024,February,Qtr 1,Thursday,4.744
81b461c6,Beauty,126.15,50,63.08,Cash on Delivery,08/08/2024,2024,August,Qtr 3,Thursday,63.075
e4259534,Home & Kitchen,496.03,15,421.63,Net Banking,31/08/2024,2024,August,Qtr 3,Saturday,74.4045
ef496fef,Beauty,339.83,25,254.87,UPI,03/11/2024,2024,November,Qtr 4,Sunday,84.9575
fe89cb74,Electronics,69.19,15,58.81,Debit Card,15/07/2024,2024,July,Qtr 3,Monday,10.3785
72996eda,Books,228.68,5,217.25,Net Banking,22/01/2024,2024,January,Qtr 1,Monday,11.434
2d07ff15,Home & Kitchen,498.59,30,349.01,Cash on Delivery,20/10/2024,2024,October,Qtr 4,Sunday,149.577
449367d1,Books,452.41,30,316.69,Credit Card,10/10/2024,2024,October,Qtr 4,Thursday,135.723
c34329e8,Books,493.43,20,394.74,Cash on Delivery,02/09/2024,2024,September,Qtr 3,Monday,98.686
7002fcea,Home & Kitchen,90.06,10,81.05,Net Banking,19/06/2024,2024,June,Qtr 2,Wednesday,9.006
3949fcb4,Books,84.47,5,80.25,Cash on Delivery,26/07/2024,2024,July,Qtr 3,Friday,4.2235
d76e19c6,Clothing,473.74,15,402.68,Credit Card,05/04/2024,2024,April,Qtr 2,Friday,71.061
7aac4193,Clothing,328.65,0,328.65,UPI,10/02/2024,2024,February,Qtr 1,Saturday,0
c79b50d1,Clothing,416.42,50,208.21,Debit Card,26/04/2024,2024,April,Qtr 2,Friday,208.21
9e8a1ef9,Beauty,359.09,15,305.23,Net Banking,21/07/2024,2024,July,Qtr 3,Sunday,53.8635
4715f106,Toys,388.74,15,330.43,Net Banking,21/02/2024,2024,February,Qtr 1,Wednesday,58.311
32a490f4,Home & Kitchen,147.84,20,118.27,Credit Card,18/11/2024,2024,November,Qtr 4,Monday,29.568
b247da3d,Sports,255.19,0,255.19,Debit Card,15/07/2024,2024,July,Qtr 3,Monday,0
438674fe,Books,64.99,15,55.24,Debit Card,05/04/2024,2024,April,Qtr 2,Friday,9.7485
384b7acb,Home & Kitchen,49.6,20,39.68,Cash on Delivery,09/01/2024,2024,January,Qtr 1,Tuesday,9.92
77e477c0,Home & Kitchen,118.69,0,118.69,UPI,17/05/2024,2024,May,Qtr 2,Friday,0
f1ae0592,Books,406.69,0,406.69,Credit Card,08/02/2024,2024,February,Qtr 1,Thursday,0
21bf6170,Beauty,438.95,20,351.16,UPI,25/05/2024,2024,May,Qtr 2,Saturday,87.79
45a1a4c3,Sports,342.35,10,308.12,UPI,10/05/2024,2024,May,Qtr 2,Friday,34.235
b4d63e07,Home & Kitchen,292.38,30,204.67,Credit Card,07/07/2024,2024,July,Qtr 3,Sunday,87.714
dd8e5c2a,Sports,183.4,5,174.23,Cash on Delivery,20/02/2024,2024,February,Qtr 1,Tuesday,9.17
80c9de66,Electronics,80.88,10,72.79,Credit Card,01/10/2024,2024,October,Qtr 4,Tuesday,8.088
74903035,Clothing,76.16,25,57.12,Cash on Delivery,20/03/2024,2024,March,Qtr 1,Wednesday,19.04
047526b7,Books,357.6,20,286.08,Credit Card,19/11/2024,2024,November,Qtr 4,Tuesday,71.52
b611a9a9,Beauty,169.83,50,84.92,Credit Card,11/03/2024,2024,March,Qtr 1,Monday,84.915
8d680e8e,Clothing,337.11,50,168.56,Debit Card,07/03/2024,2024,March,Qtr 1,Thursday,168.555
5473dd0f,Clothing,50.79,25,38.09,Cash on Delivery,21/02/2024,2024,February,Qtr 1,Wednesday,12.6975
2c522119,Home & Kitchen,426.03,15,362.13,Net Banking,01/10/2024,2024,October,Qtr 4,Tuesday,63.9045
905dca0a,Electronics,128.82,15,109.5,Net Banking,07/10/2024,2024,October,Qtr 4,Monday,19.323
b005ff45,Toys,42.72,25,32.04,Cash on Delivery,13/02/2024,2024,February,Qtr 1,Tuesday,10.68
c93c18ba,Electronics,280.75,0,280.75,UPI,02/01/2024,2024,January,Qtr 1,Tuesday,0
71323adf,Clothing,486.2,30,340.34,Net Banking,03/05/2024,2024,May,Qtr 2,Friday,145.86
4199c751,Electronics,54.39,25,40.79,Credit Card,05/05/2024,2024,May,Qtr 2,Sunday,13.5975
4e3ab5bd,Books,147.43,15,125.32,Net Banking,26/03/2024,2024,March,Qtr 1,Tuesday,22.1145
53cc320d,Electronics,452.02,10,406.82,Credit Card,11/06/2024,2024,June,Qtr 2,Tuesday,45.202
2c837e21,Toys,219.2,30,153.44,Net Banking,04/06/2024,2024,June,Qtr 2,Tuesday,65.76
5b28ef12,Beauty,34.79,20,27.83,Debit Card,04/03/2024,2024,March,Qtr 1,Monday,6.958
d04a109b,Electronics,326.32,15,277.37,Net Banking,31/01/2024,2024,January,Qtr 1,Wednesday,48.948
6579b70c,Sports,83.5,20,66.8,Credit Card,03/01/2024,2024,January,Qtr 1,Wednesday,16.7
cf41f109,Toys,46.78,15,39.76,Cash on Delivery,05/11/2024,2024,November,Qtr 4,Tuesday,7.017
e9390573,Clothing,468.53,25,351.4,Debit Card,08/11/2024,2024,November,Qtr 4,Friday,117.1325
0a3b0205,Electronics,11.6,0,11.6,Net Banking,26/03/2024,2024,March,Qtr 1,Tuesday,0
d6ee8e2b,Toys,133.72,25,100.29,Debit Card,09/05/2024,2024,May,Qtr 2,Thursday,33.43
5a055948,Books,275.25,20,220.2,Cash on Delivery,08/07/2024,2024,July,Qtr 3,Monday,55.05
8e2aee0a,Beauty,45.01,10,40.51,Cash on Delivery,14/08/2024,2024,August,Qtr 3,Wednesday,4.501
fe8b4c60,Home & Kitchen,171.02,5,162.47,Credit Card,11/04/2024,2024,April,Qtr 2,Thursday,8.551
190628ce,Books,264.77,10,238.29,Credit Card,05/03/2024,2024,March,Qtr 1,Tuesday,26.477
89cb8bb3,Clothing,162.98,5,154.83,Net Banking,21/02/2024,2024,February,Qtr 1,Wednesday,8.149
c18f7689,Electronics,290.44,5,275.92,UPI,30/05/2024,2024,May,Qtr 2,Thursday,14.522
5f6aef16,Toys,203.83,10,183.45,Net Banking,26/10/2024,2024,October,Qtr 4,Saturday,20.383
f43f409f,Electronics,53.34,15,45.34,Cash on Delivery,29/03/2024,2024,March,Qtr 1,Friday,8.001
437194ae,Sports,49.46,0,49.46,Cash on Delivery,29/05/2024,2024,May,Qtr 2,Wednesday,0
084b0e23,Beauty,95.18,25,71.39,Debit Card,03/06/2024,2024,June,Qtr 2,Monday,23.795
23b9515e,Home & Kitchen,112.53,30,78.77,Net Banking,09/08/2024,2024,August,Qtr 3,Friday,33.759
7b568388,Sports,264.46,20,211.57,Debit Card,19/03/2024,2024,March,Qtr 1,Tuesday,52.892
4f12428e,Toys,100.59,20,80.47,UPI,06/10/2024,2024,October,Qtr 4,Sunday,20.118
4d48ec1e,Books,183.51,15,155.98,UPI,18/07/2024,2024,July,Qtr 3,Thursday,27.5265
511a8887,Books,473.92,15,402.83,Cash on Delivery,25/04/2024,2024,April,Qtr 2,Thursday,71.088
9a0fd409,Beauty,317.02,0,317.02,Credit Card,22/02/2024,2024,February,Qtr 1,Thursday,0
be546b16,Home & Kitchen,24.5,15,20.82,UPI,18/01/2024,2024,January,Qtr 1,Thursday,3.675
638fb96b,Home & Kitchen,228.39,20,182.71,Credit Card,26/04/2024,2024,April,Qtr 2,Friday,45.678
9a28b00f,Sports,258.26,20,206.61,Debit Card,29/09/2024,2024,September,Qtr 3,Sunday,51.652
47f9d151,Home & Kitchen,116.68,50,58.34,UPI,20/05/2024,2024,May,Qtr 2,Monday,58.34
c6e6b5cd,Sports,221.56,50,110.78,Credit Card,03/09/2024,2024,September,Qtr 3,Tuesday,110.78
8350077d,Toys,387.94,5,368.54,Cash on Delivery,25/04/2024,2024,April,Qtr 2,Thursday,19.397
ef040b5e,Clothing,375.03,25,281.27,Debit Card,21/03/2024,2024,March,Qtr 1,Thursday,93.7575
d13afa90,Toys,339.89,10,305.9,UPI,22/10/2024,2024,October,Qtr 4,Tuesday,33.989
f2a41f18,Electronics,260.45,25,195.34,UPI,04/08/2024,2024,August,Qtr 3,Sunday,65.1125
c7022532,Clothing,419.52,25,314.64,Cash on Delivery,07/04/2024,2024,April,Qtr 2,Sunday,104.88
885b4e30,Sports,61.67,15,52.42,Net Banking,04/02/2024,2024,February,Qtr 1,Sunday,9.2505
22814487,Clothing,408.9,30,286.23,Debit Card,25/02/2024,2024,February,Qtr 1,Sunday,122.67
cd59e65c,Sports,42.01,5,39.91,Credit Card,17/06/2024,2024,June,Qtr 2,Monday,2.1005
fbba70e8,Home & Kitchen,149.93,30,104.95,Credit Card,01/03/2024,2024,March,Qtr 1,Friday,44.979
859f5163,Electronics,351.98,50,175.99,Debit Card,14/01/2024,2024,January,Qtr 1,Sunday,175.99
32b7d579,Books,177.4,25,133.05,Debit Card,29/01/2024,2024,January,Qtr 1,Monday,44.35
f54c8b25,Clothing,407.94,0,407.94,Credit Card,30/04/2024,2024,April,Qtr 2,Tuesday,0
4ad92ea0,Electronics,228.99,5,217.54,Net Banking,10/03/2024,2024,March,Qtr 1,Sunday,11.4495
ce70660d,Home & Kitchen,133.82,15,113.75,Net Banking,09/11/2024,2024,November,Qtr 4,Saturday,20.073
2b87059b,Books,383.46,15,325.94,Net Banking,28/10/2024,2024,October,Qtr 4,Monday,57.519
eb44303b,Toys,326.03,10,293.43,Cash on Delivery,06/07/2024,2024,July,Qtr 3,Saturday,32.603
702daf11,Home & Kitchen,258.67,25,194,Debit Card,04/04/2024,2024,April,Qtr 2,Thursday,64.6675
c9247b05,Clothing,450.07,15,382.56,Cash on Delivery,16/09/2024,2024,September,Qtr 3,Monday,67.5105
c2897794,Toys,480.15,10,432.13,UPI,21/04/2024,2024,April,Qtr 2,Sunday,48.015
3abcdf53,Electronics,375.81,30,263.07,Debit Card,06/08/2024,2024,August,Qtr 3,Tuesday,112.743
417cac60,Home & Kitchen,31.08,15,26.42,UPI,23/07/2024,2024,July,Qtr 3,Tuesday,4.662
a33d7b0d,Clothing,221.02,15,187.87,Debit Card,20/08/2024,2024,August,Qtr 3,Tuesday,33.153
c4c69b17,Electronics,288.22,0,288.22,Debit Card,06/11/2024,2024,November,Qtr 4,Wednesday,0
8a289896,Clothing,349.42,30,244.59,Credit Card,03/10/2024,2024,October,Qtr 4,Thursday,104.826
08a65189,Home & Kitchen,420.6,25,315.45,Credit Card,05/11/2024,2024,November,Qtr 4,Tuesday,105.15
14aa33f8,Home & Kitchen,164.51,10,148.06,Debit Card,08/08/2024,2024,August,Qtr 3,Thursday,16.451
e5964ecd,Home & Kitchen,286.5,10,257.85,Debit Card,03/04/2024,2024,April,Qtr 2,Wednesday,28.65
7c9639e5,Electronics,249.64,10,224.68,UPI,16/10/2024,2024,October,Qtr 4,Wednesday,24.964
79b3668d,Home & Kitchen,268.41,20,214.73,Cash on Delivery,28/07/2024,2024,July,Qtr 3,Sunday,53.682
602ca4e7,Beauty,491.98,5,467.38,Cash on Delivery,16/01/2024,2024,January,Qtr 1,Tuesday,24.599
e0253d12,Electronics,112.67,50,56.34,Debit Card,19/11/2024,2024,November,Qtr 4,Tuesday,56.335
7d177a8a,Electronics,439.73,10,395.76,Debit Card,26/01/2024,2024,January,Qtr 1,Friday,43.973
8ed54a67,Toys,13.73,5,13.04,Debit Card,19/10/2024,2024,October,Qtr 4,Saturday,0.6865
d97962d1,Toys,221.29,20,177.03,Net Banking,23/07/2024,2024,July,Qtr 3,Tuesday,44.258
87d45064,Home & Kitchen,226.85,30,158.79,UPI,05/02/2024,2024,February,Qtr 1,Monday,68.055
185a8f78,Electronics,146.09,0,146.09,Credit Card,22/10/2024,2024,October,Qtr 4,Tuesday,0
af0b876c,Home & Kitchen,361.42,25,271.06,Cash on Delivery,29/09/2024,2024,September,Qtr 3,Sunday,90.355
cfbb2cc2,Home & Kitchen,52,15,44.2,Net Banking,22/01/2024,2024,January,Qtr 1,Monday,7.8
a71b8ee0,Sports,196.87,50,98.44,Cash on Delivery,18/04/2024,2024,April,Qtr 2,Thursday,98.435
a718e1c4,Sports,479.26,10,431.33,Cash on Delivery,10/04/2024,2024,April,Qtr 2,Wednesday,47.926
2b8be919,Toys,45.08,15,38.32,Net Banking,26/09/2024,2024,September,Qtr 3,Thursday,6.762
8e7b2d75,Toys,343,0,343,Net Banking,12/07/2024,2024,July,Qtr 3,Friday,0
1d10d5a7,Toys,114.7,10,103.23,Net Banking,28/02/2024,2024,February,Qtr 1,Wednesday,11.47
27e8fb1c,Books,455.69,25,341.77,Debit Card,20/07/2024,2024,July,Qtr 3,Saturday,113.9225
4ce70e71,Home & Kitchen,177.05,30,123.94,UPI,25/08/2024,2024,August,Qtr 3,Sunday,53.115
fb866ac4,Home & Kitchen,41.08,30,28.76,Debit Card,16/09/2024,2024,September,Qtr 3,Monday,12.324
890e2821,Beauty,22.37,5,21.25,Cash on Delivery,20/05/2024,2024,May,Qtr 2,Monday,1.1185
1c33e307,Toys,328.06,0,328.06,Credit Card,13/03/2024,2024,March,Qtr 1,Wednesday,0
6773f774,Home & Kitchen,105.58,30,73.91,Credit Card,25/04/2024,2024,April,Qtr 2,Thursday,31.674
b5a6fd5f,Toys,261.76,10,235.58,Cash on Delivery,02/05/2024,2024,May,Qtr 2,Thursday,26.176
a44ab318,Clothing,198.5,30,138.95,UPI,12/01/2024,2024,January,Qtr 1,Friday,59.55
1f9e6a6c,Books,402.1,50,201.05,Net Banking,11/10/2024,2024,October,Qtr 4,Friday,201.05
ed1abea9,Sports,178.61,0,178.61,Debit Card,03/10/2024,2024,October,Qtr 4,Thursday,0
b7c3b707,Home & Kitchen,286.85,5,272.51,Cash on Delivery,24/09/2024,2024,September,Qtr 3,Tuesday,14.3425
7e1ddc54,Clothing,479.79,50,239.9,Cash on Delivery,18/05/2024,2024,May,Qtr 2,Saturday,239.895
6720d951,Clothing,213.66,20,170.93,Net Banking,08/04/2024,2024,April,Qtr 2,Monday,42.732
d71ca896,Beauty,51.2,10,46.08,UPI,23/02/2024,2024,February,Qtr 1,Friday,5.12
e69f4d59,Toys,276.2,5,262.39,Net Banking,11/04/2024,2024,April,Qtr 2,Thursday,13.81
d5d1da0d,Home & Kitchen,15.48,20,12.38,UPI,18/07/2024,2024,July,Qtr 3,Thursday,3.096
0bfdb241,Books,278.71,50,139.35,Net Banking,20/01/2024,2024,January,Qtr 1,Saturday,139.355
cc2ae85d,Sports,289.79,10,260.81,Debit Card,30/07/2024,2024,July,Qtr 3,Tuesday,28.979
2f0e0bd3,Beauty,236.31,20,189.05,Net Banking,31/03/2024,2024,March,Qtr 1,Sunday,47.262
c5e1f66b,Sports,95.58,25,71.69,Credit Card,01/06/2024,2024,June,Qtr 2,Saturday,23.895
2ae065a3,Toys,420.68,30,294.48,UPI,20/06/2024,2024,June,Qtr 2,Thursday,126.204
ad7a00fe,Books,442.05,10,397.85,Net Banking,24/10/2024,2024,October,Qtr 4,Thursday,44.205
de0683d6,Electronics,402.29,20,321.83,Net Banking,21/03/2024,2024,March,Qtr 1,Thursday,80.458
19c7efc6,Sports,393.54,15,334.51,Cash on Delivery,14/06/2024,2024,June,Qtr 2,Friday,59.031
ce0380de,Electronics,86,30,60.2,Net Banking,10/08/2024,2024,August,Qtr 3,Saturday,25.8
5c591a5c,Electronics,417.54,0,417.54,Credit Card,11/10/2024,2024,October,Qtr 4,Friday,0
4e8a8ff2,Sports,273.42,0,273.42,Credit Card,21/05/2024,2024,May,Qtr 2,Tuesday,0
d1ee12da,Beauty,147.84,20,118.27,Cash on Delivery,05/08/2024,2024,August,Qtr 3,Monday,29.568
a6da9898,Beauty,365.95,10,329.36,Credit Card,15/02/2024,2024,February,Qtr 1,Thursday,36.595
fbf88af9,Beauty,430.43,50,215.22,Debit Card,23/09/2024,2024,September,Qtr 3,Monday,215.215
e90aeb07,Beauty,229.58,50,114.79,Debit Card,17/05/2024,2024,May,Qtr 2,Friday,114.79
c427ea12,Toys,83.42,20,66.74,Credit Card,28/09/2024,2024,September,Qtr 3,Saturday,16.684
21ee3aaf,Beauty,456.22,5,433.41,Cash on Delivery,29/02/2024,2024,February,Qtr 1,Thursday,22.811
4298c35a,Electronics,219.64,5,208.66,Cash on Delivery,25/03/2024,2024,March,Qtr 1,Monday,10.982
57408fc1,Books,312.88,50,156.44,Debit Card,03/03/2024,2024,March,Qtr 1,Sunday,156.44
bcbef8e7,Books,437.82,0,437.82,Credit Card,25/07/2024,2024,July,Qtr 3,Thursday,0
45ceb957,Toys,171.3,50,85.65,Net Banking,15/11/2024,2024,November,Qtr 4,Friday,85.65
51f581e6,Toys,93.61,30,65.53,Cash on Delivery,29/07/2024,2024,July,Qtr 3,Monday,28.083
8ef78570,Electronics,24.68,30,17.28,UPI,06/07/2024,2024,July,Qtr 3,Saturday,7.404
bedc0d23,Electronics,217.03,20,173.62,Debit Card,20/10/2024,2024,October,Qtr 4,Sunday,43.406
ac5f51dd,Beauty,425.48,15,361.66,Cash on Delivery,19/05/2024,2024,May,Qtr 2,Sunday,63.822
c33035c7,Electronics,357.95,50,178.97,Cash on Delivery,27/04/2024,2024,April,Qtr 2,Saturday,178.975
0d575e3c,Home & Kitchen,271.43,50,135.72,Debit Card,29/04/2024,2024,April,Qtr 2,Monday,135.715
e65b50eb,Toys,24.51,0,24.51,Credit Card,30/01/2024,2024,January,Qtr 1,Tuesday,0
6ccc18f0,Clothing,430.38,0,430.38,UPI,24/07/2024,2024,July,Qtr 3,Wednesday,0
ba80beba,Books,399.53,0,399.53,UPI,11/01/2024,2024,January,Qtr 1,Thursday,0
32fbc798,Sports,491.37,20,393.1,Debit Card,25/01/2024,2024,January,Qtr 1,Thursday,98.274
45177a4d,Home & Kitchen,182.47,10,164.22,Cash on Delivery,11/05/2024,2024,May,Qtr 2,Saturday,18.247
e9fc3b5d,Clothing,352.7,10,317.43,UPI,16/10/2024,2024,October,Qtr 4,Wednesday,35.27
7fd4a6ba,Electronics,252.82,5,240.18,Debit Card,06/04/2024,2024,April,Qtr 2,Saturday,12.641
af1453cd,Electronics,478.35,10,430.52,Debit Card,19/02/2024,2024,February,Qtr 1,Monday,47.835
cf22fe3d,Beauty,389.25,15,330.86,Net Banking,20/08/2024,2024,August,Qtr 3,Tuesday,58.3875
1342567a,Sports,233.66,20,186.93,Cash on Delivery,05/03/2024,2024,March,Qtr 1,Tuesday,46.732
2803642c,Sports,155.04,20,124.03,Cash on Delivery,13/08/2024,2024,August,Qtr 3,Tuesday,31.008
05c5eef6,Beauty,340.4,10,306.36,Credit Card,19/03/2024,2024,March,Qtr 1,Tuesday,34.04
20797b76,Clothing,495.02,0,495.02,Debit Card,30/04/2024,2024,April,Qtr 2,Tuesday,0
3be3ec37,Electronics,398.65,30,279.05,Net Banking,21/07/2024,2024,July,Qtr 3,Sunday,119.595
83e7aeff,Books,404.26,0,404.26,UPI,23/02/2024,2024,February,Qtr 1,Friday,0
7cfa271c,Toys,47.54,10,42.79,Credit Card,28/03/2024,2024,March,Qtr 1,Thursday,4.754
a81bc91d,Toys,152.57,0,152.57,UPI,22/10/2024,2024,October,Qtr 4,Tuesday,0
d61eceec,Clothing,399.49,50,199.75,Debit Card,05/02/2024,2024,February,Qtr 1,Monday,199.745
c1eba76b,Sports,168.52,30,117.96,UPI,20/05/2024,2024,May,Qtr 2,Monday,50.556
3e3ea054,Beauty,474.27,5,450.56,Cash on Delivery,15/06/2024,2024,June,Qtr 2,Saturday,23.7135
ccc156ec,Toys,11.62,25,8.71,UPI,08/09/2024,2024,September,Qtr 3,Sunday,2.905
c51dd6f8,Sports,433.2,15,368.22,Credit Card,19/03/2024,2024,March,Qtr 1,Tuesday,64.98
cc7c3a16,Sports,243.15,25,182.36,Debit Card,01/07/2024,2024,July,Qtr 3,Monday,60.7875
e5a8c4fa,Clothing,338.68,10,304.81,Credit Card,15/10/2024,2024,October,Qtr 4,Tuesday,33.868
edf95866,Clothing,256.93,20,205.54,Credit Card,12/01/2024,2024,January,Qtr 1,Friday,51.386
79f46476,Toys,153.36,0,153.36,Credit Card,06/01/2024,2024,January,Qtr 1,Saturday,0
f574b742,Toys,280.19,0,280.19,Debit Card,08/06/2024,2024,June,Qtr 2,Saturday,0
4ceafc78,Clothing,335.27,5,318.51,Credit Card,10/04/2024,2024,April,Qtr 2,Wednesday,16.7635
391837b0,Sports,464.98,10,418.48,Debit Card,01/07/2024,2024,July,Qtr 3,Monday,46.498
6f8d54a0,Sports,454.39,15,386.23,Credit Card,10/07/2024,2024,July,Qtr 3,Wednesday,68.1585
e6ef2c9f,Electronics,145.86,50,72.93,UPI,16/07/2024,2024,July,Qtr 3,Tuesday,72.93
10c04728,Sports,195.95,25,146.96,Cash on Delivery,04/02/2024,2024,February,Qtr 1,Sunday,48.9875
a187e667,Home & Kitchen,206.99,20,165.59,Debit Card,18/06/2024,2024,June,Qtr 2,Tuesday,41.398
d318e21f,Toys,108.04,25,81.03,UPI,29/07/2024,2024,July,Qtr 3,Monday,27.01
b0d2c85d,Clothing,231.39,20,185.11,Cash on Delivery,26/08/2024,2024,August,Qtr 3,Monday,46.278
9cba4ba8,Home & Kitchen,356.81,15,303.29,UPI,03/02/2024,2024,February,Qtr 1,Saturday,53.5215
8e5d22f7,Beauty,316.3,15,268.86,Net Banking,04/10/2024,2024,October,Qtr 4,Friday,47.445
2d70ea63,Beauty,77.96,15,66.27,Cash on Delivery,17/11/2024,2024,November,Qtr 4,Sunday,11.694
78bab0ba,Electronics,215.45,20,172.36,Credit Card,05/01/2024,2024,January,Qtr 1,Friday,43.09
a80a973c,Books,499.36,20,399.49,Debit Card,27/08/2024,2024,August,Qtr 3,Tuesday,99.872
4082e1e2,Sports,50.14,25,37.61,Credit Card,30/08/2024,2024,August,Qtr 3,Friday,12.535
bcce1ab1,Books,425.24,10,382.72,UPI,18/01/2024,2024,January,Qtr 1,Thursday,42.524
ced2cd43,Electronics,410.76,15,349.15,Cash on Delivery,31/08/2024,2024,August,Qtr 3,Saturday,61.614
64c3131e,Home & Kitchen,149.52,30,104.66,Net Banking,28/10/2024,2024,October,Qtr 4,Monday,44.856
a5466420,Beauty,147.82,20,118.26,Debit Card,01/03/2024,2024,March,Qtr 1,Friday,29.564
6c6bc323,Beauty,418.98,15,356.13,Credit Card,16/02/2024,2024,February,Qtr 1,Friday,62.847
bf139e58,Home & Kitchen,55.86,25,41.89,Cash on Delivery,07/06/2024,2024,June,Qtr 2,Friday,13.965
7538d8e4,Electronics,33.8,50,16.9,Net Banking,20/07/2024,2024,July,Qtr 3,Saturday,16.9
78bc03e4,Electronics,29.79,15,25.32,Debit Card,11/01/2024,2024,January,Qtr 1,Thursday,4.4685
367bd243,Beauty,344.67,15,292.97,Credit Card,15/02/2024,2024,February,Qtr 1,Thursday,51.7005
85fce914,Books,109.4,25,82.05,Debit Card,21/08/2024,2024,August,Qtr 3,Wednesday,27.35
1a25ef8b,Home & Kitchen,444.09,50,222.04,Credit Card,15/06/2024,2024,June,Qtr 2,Saturday,222.045
74d4448b,Sports,383.4,50,191.7,Net Banking,13/04/2024,2024,April,Qtr 2,Saturday,191.7
4ff0d6a8,Clothing,328.07,30,229.65,Net Banking,17/10/2024,2024,October,Qtr 4,Thursday,98.421
2d642d1e,Sports,450.51,50,225.25,Credit Card,11/10/2024,2024,October,Qtr 4,Friday,225.255
c38f4fcf,Electronics,350.51,50,175.25,UPI,27/10/2024,2024,October,Qtr 4,Sunday,175.255
31207659,Beauty,402.82,0,402.82,Debit Card,12/02/2024,2024,February,Qtr 1,Monday,0
175607aa,Electronics,12.81,30,8.97,UPI,29/09/2024,2024,September,Qtr 3,Sunday,3.843
172f1fe0,Clothing,186.27,0,186.27,Net Banking,29/01/2024,2024,January,Qtr 1,Monday,0
ff612d9d,Toys,34.93,30,24.45,Cash on Delivery,22/01/2024,2024,January,Qtr 1,Monday,10.479
0b44393a,Books,187.12,0,187.12,Cash on Delivery,10/02/2024,2024,February,Qtr 1,Saturday,0
16cf536e,Books,301.12,0,301.12,Cash on Delivery,22/07/2024,2024,July,Qtr 3,Monday,0
5fbd3fd3,Clothing,149.98,0,149.98,Debit Card,20/08/2024,2024,August,Qtr 3,Tuesday,0
6b8e78c6,Clothing,475.44,15,404.12,Cash on Delivery,27/01/2024,2024,January,Qtr 1,Saturday,71.316
b17be372,Books,20.86,5,19.82,Debit Card,18/03/2024,2024,March,Qtr 1,Monday,1.043
1c5a1b59,Toys,499,50,249.5,Net Banking,12/03/2024,2024,March,Qtr 1,Tuesday,249.5
6cf8be42,Books,46.41,0,46.41,Credit Card,13/06/2024,2024,June,Qtr 2,Thursday,0
8ab3d142,Beauty,35.47,25,26.6,Cash on Delivery,13/03/2024,2024,March,Qtr 1,Wednesday,8.8675
a316376d,Clothing,164.44,50,82.22,Debit Card,22/06/2024,2024,June,Qtr 2,Saturday,82.22
3772bd8a,Home & Kitchen,164.41,20,131.53,Net Banking,02/03/2024,2024,March,Qtr 1,Saturday,32.882
aa9878a5,Beauty,213.47,20,170.78,Credit Card,21/05/2024,2024,May,Qtr 2,Tuesday,42.694
af627d91,Beauty,320.31,15,272.26,Net Banking,25/10/2024,2024,October,Qtr 4,Friday,48.0465
3522f888,Home & Kitchen,319.86,15,271.88,Credit Card,27/06/2024,2024,June,Qtr 2,Thursday,47.979
19dd37b0,Sports,41.53,0,41.53,UPI,21/10/2024,2024,October,Qtr 4,Monday,0
15212d1e,Home & Kitchen,205.9,30,144.13,Credit Card,13/05/2024,2024,May,Qtr 2,Monday,61.77
48b15e02,Home & Kitchen,67.85,15,57.67,Credit Card,24/02/2024,2024,February,Qtr 1,Saturday,10.1775
1d750630,Toys,433.77,15,368.7,Net Banking,23/03/2024,2024,March,Qtr 1,Saturday,65.0655
894dcab4,Clothing,496.95,25,372.71,Debit Card,01/03/2024,2024,March,Qtr 1,Friday,124.2375
b4a3b6c6,Clothing,308.25,50,154.12,Debit Card,23/07/2024,2024,July,Qtr 3,Tuesday,154.125
0142a38f,Books,280.8,15,238.68,Debit Card,15/05/2024,2024,May,Qtr 2,Wednesday,42.12
dc69c849,Electronics,130.53,15,110.95,UPI,16/07/2024,2024,July,Qtr 3,Tuesday,19.5795
e57349d9,Books,299.12,15,254.25,Net Banking,24/10/2024,2024,October,Qtr 4,Thursday,44.868
937e8781,Electronics,179.16,30,125.41,Debit Card,19/05/2024,2024,May,Qtr 2,Sunday,53.748
74f2811d,Beauty,237.25,25,177.94,Credit Card,10/06/2024,2024,June,Qtr 2,Monday,59.3125
053df1ac,Toys,449.87,5,427.38,Debit Card,07/08/2024,2024,August,Qtr 3,Wednesday,22.4935
1e9fc577,Books,138.04,0,138.04,Debit Card,08/06/2024,2024,June,Qtr 2,Saturday,0
9536cbf4,Clothing,456.4,30,319.48,Credit Card,16/11/2024,2024,November,Qtr 4,Saturday,136.92
05e6557c,Books,487.06,0,487.06,Net Banking,17/08/2024,2024,August,Qtr 3,Saturday,0
ce5bc729,Electronics,409.01,25,306.76,UPI,15/01/2024,2024,January,Qtr 1,Monday,102.2525
00b7ec0b,Home & Kitchen,97.09,10,87.38,Debit Card,09/06/2024,2024,June,Qtr 2,Sunday,9.709
f85f1b34,Home & Kitchen,252.08,10,226.87,Net Banking,30/01/2024,2024,January,Qtr 1,Tuesday,25.208
369f273e,Toys,248.11,30,173.68,Net Banking,22/04/2024,2024,April,Qtr 2,Monday,74.433
05c75f8e,Electronics,254.93,30,178.45,UPI,28/01/2024,2024,January,Qtr 1,Sunday,76.479
0bca6ec2,Beauty,351.79,30,246.25,Net Banking,02/06/2024,2024,June,Qtr 2,Sunday,105.537
ab869893,Toys,160.3,5,152.28,UPI,23/08/2024,2024,August,Qtr 3,Friday,8.015
bb2f1a1e,Clothing,319.97,15,271.97,Credit Card,17/04/2024,2024,April,Qtr 2,Wednesday,47.9955
049740b6,Sports,95.15,5,90.39,UPI,31/07/2024,2024,July,Qtr 3,Wednesday,4.7575
86861afb,Toys,381.45,15,324.23,Cash on Delivery,21/03/2024,2024,March,Qtr 1,Thursday,57.2175
6ce1b4c8,Home & Kitchen,203.24,30,142.27,Net Banking,15/09/2024,2024,September,Qtr 3,Sunday,60.972
9a4c4cd0,Home & Kitchen,118.84,25,89.13,Debit Card,01/01/2024,2024,January,Qtr 1,Monday,29.71
e724bac8,Beauty,374.41,10,336.97,Net Banking,13/01/2024,2024,January,Qtr 1,Saturday,37.441
acda7306,Electronics,57.79,30,40.45,Credit Card,05/06/2024,2024,June,Qtr 2,Wednesday,17.337
406c736d,Electronics,235.61,15,200.27,Credit Card,17/09/2024,2024,September,Qtr 3,Tuesday,35.3415
d057cfbd,Toys,162.91,5,154.76,Credit Card,29/02/2024,2024,February,Qtr 1,Thursday,8.1455
133c8a19,Home & Kitchen,467.03,0,467.03,Debit Card,25/02/2024,2024,February,Qtr 1,Sunday,0
3f66002c,Books,468.31,30,327.82,Debit Card,20/03/2024,2024,March,Qtr 1,Wednesday,140.493
d6a11b96,Electronics,90.62,5,86.09,Debit Card,16/01/2024,2024,January,Qtr 1,Tuesday,4.531
6d15082c,Toys,420.77,10,378.69,Cash on Delivery,08/08/2024,2024,August,Qtr 3,Thursday,42.077
a9f98de1,Home & Kitchen,79.25,25,59.44,Credit Card,22/07/2024,2024,July,Qtr 3,Monday,19.8125
40abc61a,Sports,76.89,15,65.36,Debit Card,21/03/2024,2024,March,Qtr 1,Thursday,11.5335
7f143b66,Books,63.54,0,63.54,Cash on Delivery,16/06/2024,2024,June,Qtr 2,Sunday,0
9643cc38,Sports,465.65,50,232.82,Debit Card,03/07/2024,2024,July,Qtr 3,Wednesday,232.825
706acfe1,Home & Kitchen,487.28,10,438.55,Credit Card,09/03/2024,2024,March,Qtr 1,Saturday,48.728
b3733852,Home & Kitchen,347.3,15,295.2,Debit Card,24/01/2024,2024,January,Qtr 1,Wednesday,52.095
84cc22ee,Electronics,151.14,10,136.03,UPI,15/07/2024,2024,July,Qtr 3,Monday,15.114
7000b247,Clothing,273,0,273,Credit Card,07/05/2024,2024,May,Qtr 2,Tuesday,0
50bd549d,Home & Kitchen,407.72,5,387.33,UPI,09/09/2024,2024,September,Qtr 3,Monday,20.386
9e3a9089,Toys,70.67,25,53,Net Banking,11/06/2024,2024,June,Qtr 2,Tuesday,17.6675
7ff3fdbe,Clothing,483.9,15,411.31,UPI,20/02/2024,2024,February,Qtr 1,Tuesday,72.585
40b01a0f,Books,170.58,30,119.41,Cash on Delivery,01/05/2024,2024,May,Qtr 2,Wednesday,51.174
ed460c68,Home & Kitchen,254.57,50,127.28,UPI,06/03/2024,2024,March,Qtr 1,Wednesday,127.285
d9345bed,Beauty,243.77,30,170.64,Credit Card,21/06/2024,2024,June,Qtr 2,Friday,73.131
3567c84b,Clothing,465.09,15,395.33,UPI,14/06/2024,2024,June,Qtr 2,Friday,69.7635
109dbd80,Clothing,86.11,30,60.28,Net Banking,21/02/2024,2024,February,Qtr 1,Wednesday,25.833
562cdfd2,Electronics,458.09,10,412.28,Net Banking,09/07/2024,2024,July,Qtr 3,Tuesday,45.809
6d18ec79,Toys,147.92,5,140.52,Credit Card,11/09/2024,2024,September,Qtr 3,Wednesday,7.396
8fe51ba5,Toys,230.4,5,218.88,UPI,27/01/2024,2024,January,Qtr 1,Saturday,11.52
37a64a6f,Books,354.94,25,266.2,Cash on Delivery,07/09/2024,2024,September,Qtr 3,Saturday,88.735
edf788be,Electronics,31.43,10,28.29,Net Banking,12/11/2024,2024,November,Qtr 4,Tuesday,3.143
1dc9d0b0,Clothing,481.77,5,457.68,Debit Card,26/01/2024,2024,January,Qtr 1,Friday,24.0885
7fad2b34,Sports,230.27,0,230.27,UPI,14/08/2024,2024,August,Qtr 3,Wednesday,0
6bb04308,Electronics,49.18,20,39.34,Credit Card,30/01/2024,2024,January,Qtr 1,Tuesday,9.836
d9c0aa17,Electronics,30.69,10,27.62,Debit Card,01/01/2024,2024,January,Qtr 1,Monday,3.069
2a658d86,Sports,330.13,50,165.06,Debit Card,09/08/2024,2024,August,Qtr 3,Friday,165.065
244380ac,Home & Kitchen,99.78,20,79.82,UPI,03/09/2024,2024,September,Qtr 3,Tuesday,19.956
8e61c4d7,Electronics,299.27,5,284.31,Debit Card,25/07/2024,2024,July,Qtr 3,Thursday,14.9635
e93602da,Clothing,215.27,10,193.74,Cash on Delivery,25/09/2024,2024,September,Qtr 3,Wednesday,21.527
6c7ff37f,Toys,246.81,5,234.47,Credit Card,29/09/2024,2024,September,Qtr 3,Sunday,12.3405
eb4735e3,Sports,112.45,5,106.83,UPI,12/11/2024,2024,November,Qtr 4,Tuesday,5.6225
00390cf5,Sports,137.6,30,96.32,Debit Card,10/07/2024,2024,July,Qtr 3,Wednesday,41.28
bae0de07,Clothing,72.87,10,65.58,Credit Card,09/09/2024,2024,September,Qtr 3,Monday,7.287
85b74171,Books,282.01,30,197.41,Net Banking,21/09/2024,2024,September,Qtr 3,Saturday,84.603
c1ffe1f3,Beauty,264.02,30,184.81,Credit Card,11/11/2024,2024,November,Qtr 4,Monday,79.206
14841db0,Clothing,438.82,50,219.41,UPI,11/10/2024,2024,October,Qtr 4,Friday,219.41
3495e6fe,Sports,287.83,30,201.48,Debit Card,25/07/2024,2024,July,Qtr 3,Thursday,86.349
9ad51b37,Electronics,148.73,10,133.86,Cash on Delivery,12/07/2024,2024,July,Qtr 3,Friday,14.873
7384392e,Books,311.38,15,264.67,Debit Card,24/07/2024,2024,July,Qtr 3,Wednesday,46.707
a3b19153,Electronics,458.77,10,412.89,UPI,17/11/2024,2024,November,Qtr 4,Sunday,45.877
c894b2e1,Books,89.74,30,62.82,UPI,11/01/2024,2024,January,Qtr 1,Thursday,26.922
6f819f07,Beauty,286.91,50,143.46,UPI,01/09/2024,2024,September,Qtr 3,Sunday,143.455
e2130e66,Sports,413.43,5,392.76,Debit Card,23/02/2024,2024,February,Qtr 1,Friday,20.6715
63ba81b8,Toys,49.61,10,44.65,Net Banking,06/08/2024,2024,August,Qtr 3,Tuesday,4.961
82abf471,Books,474.78,30,332.35,UPI,28/10/2024,2024,October,Qtr 4,Monday,142.434
e7eab712,Toys,176.59,20,141.27,Cash on Delivery,04/06/2024,2024,June,Qtr 2,Tuesday,35.318
6c67da1a,Clothing,185.03,30,129.52,Credit Card,25/04/2024,2024,April,Qtr 2,Thursday,55.509
bdddfd8f,Toys,291.53,0,291.53,Cash on Delivery,04/06/2024,2024,June,Qtr 2,Tuesday,0
16ed50f6,Books,222.4,20,177.92,Debit Card,13/11/2024,2024,November,Qtr 4,Wednesday,44.48
b9054add,Sports,490.62,20,392.5,UPI,09/06/2024,2024,June,Qtr 2,Sunday,98.124
bc601032,Books,182.37,20,145.9,Cash on Delivery,13/06/2024,2024,June,Qtr 2,Thursday,36.474
313c6da5,Electronics,149.07,25,111.8,Credit Card,13/01/2024,2024,January,Qtr 1,Saturday,37.2675
515c7dbf,Electronics,222.07,10,199.86,Credit Card,30/10/2024,2024,October,Qtr 4,Wednesday,22.207
77df82ca,Beauty,271.04,10,243.94,Cash on Delivery,15/09/2024,2024,September,Qtr 3,Sunday,27.104
dd3554fc,Toys,222.78,15,189.36,Cash on Delivery,13/03/2024,2024,March,Qtr 1,Wednesday,33.417
5922b060,Sports,70.53,15,59.95,Credit Card,24/01/2024,2024,January,Qtr 1,Wednesday,10.5795
28248fbd,Books,456.08,30,319.26,Credit Card,22/05/2024,2024,May,Qtr 2,Wednesday,136.824
dff5463c,Beauty,437.68,10,393.91,Cash on Delivery,18/09/2024,2024,September,Qtr 3,Wednesday,43.768
f12658a2,Clothing,67.34,5,63.97,Credit Card,09/03/2024,2024,March,Qtr 1,Saturday,3.367
133c23df,Toys,233.53,25,175.15,Debit Card,09/11/2024,2024,November,Qtr 4,Saturday,58.3825
eb962cf1,Clothing,92.83,25,69.62,Net Banking,16/05/2024,2024,May,Qtr 2,Thursday,23.2075
a506f7bf,Home & Kitchen,404.71,0,404.71,Cash on Delivery,07/02/2024,2024,February,Qtr 1,Wednesday,0
dca155eb,Home & Kitchen,477.05,50,238.53,Net Banking,17/08/2024,2024,August,Qtr 3,Saturday,238.525
3d77ab6d,Books,244.37,0,244.37,Net Banking,25/10/2024,2024,October,Qtr 4,Friday,0
bd612ab6,Toys,102.86,30,72,UPI,05/07/2024,2024,July,Qtr 3,Friday,30.858
baf84657,Electronics,356.25,30,249.37,UPI,19/07/2024,2024,July,Qtr 3,Friday,106.875
e608beb8,Books,108.51,25,81.38,Cash on Delivery,07/06/2024,2024,June,Qtr 2,Friday,27.1275
1a9a7605,Toys,207.67,30,145.37,Debit Card,12/06/2024,2024,June,Qtr 2,Wednesday,62.301
bf437b87,Sports,74.87,50,37.44,Cash on Delivery,27/05/2024,2024,May,Qtr 2,Monday,37.435
f9b3c134,Toys,480.9,5,456.85,Net Banking,29/06/2024,2024,June,Qtr 2,Saturday,24.045
98e3cfed,Clothing,65.53,15,55.7,Debit Card,30/01/2024,2024,January,Qtr 1,Tuesday,9.8295
c094a6b0,Clothing,40.21,10,36.19,Debit Card,20/04/2024,2024,April,Qtr 2,Saturday,4.021
c904130b,Home & Kitchen,303.09,10,272.78,Cash on Delivery,08/01/2024,2024,January,Qtr 1,Monday,30.309
bae27fb2,Home & Kitchen,263.81,0,263.81,Cash on Delivery,28/04/2024,2024,April,Qtr 2,Sunday,0
02ac79ab,Beauty,384.34,50,192.17,UPI,18/10/2024,2024,October,Qtr 4,Friday,192.17
b46c76f9,Home & Kitchen,197.02,25,147.77,Net Banking,29/01/2024,2024,January,Qtr 1,Monday,49.255
86aa1cad,Clothing,404.92,25,303.69,Cash on Delivery,27/07/2024,2024,July,Qtr 3,Saturday,101.23
2a59f763,Home & Kitchen,171.06,5,162.51,Net Banking,14/11/2024,2024,November,Qtr 4,Thursday,8.553
c2a32605,Books,434.67,5,412.94,Cash on Delivery,24/08/2024,2024,August,Qtr 3,Saturday,21.7335
be409e17,Toys,56.67,30,39.67,Credit Card,16/09/2024,2024,September,Qtr 3,Monday,17.001
1b011b03,Electronics,125.2,0,125.2,Cash on Delivery,19/09/2024,2024,September,Qtr 3,Thursday,0
fe0b3a08,Sports,354.46,0,354.46,Net Banking,12/06/2024,2024,June,Qtr 2,Wednesday,0
4012628e,Home & Kitchen,268.57,30,188,Credit Card,01/06/2024,2024,June,Qtr 2,Saturday,80.571
59d6802d,Toys,450.73,50,225.37,Cash on Delivery,02/01/2024,2024,January,Qtr 1,Tuesday,225.365
e513db7b,Sports,360.74,5,342.7,UPI,26/03/2024,2024,March,Qtr 1,Tuesday,18.037
c2dbb365,Sports,368.83,10,331.95,Debit Card,19/06/2024,2024,June,Qtr 2,Wednesday,36.883
9cc5fbec,Sports,195.94,10,176.35,Cash on Delivery,09/06/2024,2024,June,Qtr 2,Sunday,19.594
933b28fe,Books,214.73,50,107.36,UPI,24/09/2024,2024,September,Qtr 3,Tuesday,107.365
b20c44f3,Books,249.63,10,224.67,Net Banking,24/07/2024,2024,July,Qtr 3,Wednesday,24.963
d0756e35,Toys,45.18,30,31.63,Credit Card,20/10/2024,2024,October,Qtr 4,Sunday,13.554
f79b5065,Books,41.06,10,36.95,Cash on Delivery,17/10/2024,2024,October,Qtr 4,Thursday,4.106
cf4ecbd8,Clothing,381.42,0,381.42,Cash on Delivery,02/01/2024,2024,January,Qtr 1,Tuesday,0
5c5fea0a,Beauty,493.08,5,468.43,Credit Card,22/08/2024,2024,August,Qtr 3,Thursday,24.654
cf052449,Clothing,117.31,0,117.31,Net Banking,18/10/2024,2024,October,Qtr 4,Friday,0
1c56848e,Sports,253.73,10,228.36,Net Banking,31/07/2024,2024,July,Qtr 3,Wednesday,25.373
679f822e,Electronics,334.97,30,234.48,Debit Card,05/03/2024,2024,March,Qtr 1,Tuesday,100.491
170d8114,Books,58.66,15,49.86,Debit Card,24/06/2024,2024,June,Qtr 2,Monday,8.799
1d800681,Electronics,79.22,0,79.22,Cash on Delivery,11/02/2024,2024,February,Qtr 1,Sunday,0
36f1d6a4,Toys,476.9,30,333.83,Credit Card,12/07/2024,2024,July,Qtr 3,Friday,143.07
a29c7520,Home & Kitchen,268.4,10,241.56,Credit Card,10/09/2024,2024,September,Qtr 3,Tuesday,26.84
27a4d0b6,Books,103.52,10,93.17,UPI,04/07/2024,2024,July,Qtr 3,Thursday,10.352
aba9b6cd,Clothing,470.39,30,329.27,Net Banking,27/03/2024,2024,March,Qtr 1,Wednesday,141.117
4.6E+103,Clothing,322.28,5,306.17,Debit Card,22/06/2024,2024,June,Qtr 2,Saturday,16.114
51b8659f,Books,268.31,25,201.23,Cash on Delivery,17/01/2024,2024,January,Qtr 1,Wednesday,67.0775
d4aea824,Clothing,395.04,20,316.03,Credit Card,20/02/2024,2024,February,Qtr 1,Tuesday,79.008
ac876e50,Sports,75.21,15,63.93,Credit Card,28/07/2024,2024,July,Qtr 3,Sunday,11.2815
d9d623b5,Toys,336.21,10,302.59,UPI,04/06/2024,2024,June,Qtr 2,Tuesday,33.621
a3c23e44,Clothing,472.19,0,472.19,Debit Card,10/03/2024,2024,March,Qtr 1,Sunday,0
b9d3f539,Toys,268.42,5,255,Net Banking,26/01/2024,2024,January,Qtr 1,Friday,13.421
ea39eefb,Clothing,70.29,50,35.15,Net Banking,29/03/2024,2024,March,Qtr 1,Friday,35.145
692bf856,Clothing,124.79,20,99.83,Cash on Delivery,23/03/2024,2024,March,Qtr 1,Saturday,24.958
7bd56994,Electronics,358.47,50,179.24,UPI,16/03/2024,2024,March,Qtr 1,Saturday,179.235
fa092e4b,Books,11.83,5,11.24,UPI,13/04/2024,2024,April,Qtr 2,Saturday,0.5915
83fbff44,Electronics,361.89,0,361.89,UPI,06/02/2024,2024,February,Qtr 1,Tuesday,0
7381e0d0,Books,22.47,50,11.23,UPI,27/06/2024,2024,June,Qtr 2,Thursday,11.235
a670093e,Electronics,257.41,25,193.06,UPI,04/08/2024,2024,August,Qtr 3,Sunday,64.3525
1e362183,Electronics,447.66,30,313.36,Debit Card,17/11/2024,2024,November,Qtr 4,Sunday,134.298
8cef3e84,Sports,107.75,25,80.81,Net Banking,24/10/2024,2024,October,Qtr 4,Thursday,26.9375
83cbac12,Toys,430.37,5,408.85,Cash on Delivery,24/01/2024,2024,January,Qtr 1,Wednesday,21.5185
dce5dd34,Toys,389.18,20,311.34,Cash on Delivery,29/10/2024,2024,October,Qtr 4,Tuesday,77.836
017b4433,Toys,14,5,13.3,Debit Card,02/01/2024,2024,January,Qtr 1,Tuesday,0.7
e3949f2a,Toys,83.76,15,71.2,Debit Card,26/02/2024,2024,February,Qtr 1,Monday,12.564
87114b66,Toys,461.12,50,230.56,Credit Card,30/03/2024,2024,March,Qtr 1,Saturday,230.56
dcefc553,Beauty,477.27,5,453.41,Credit Card,15/08/2024,2024,August,Qtr 3,Thursday,23.8635
2854d5ba,Beauty,401.83,30,281.28,Net Banking,25/10/2024,2024,October,Qtr 4,Friday,120.549
2f4b4df8,Books,107.73,10,96.96,Net Banking,24/03/2024,2024,March,Qtr 1,Sunday,10.773
178fed2d,Beauty,353.55,15,300.52,Debit Card,04/11/2024,2024,November,Qtr 4,Monday,53.0325
5c010a41,Sports,142.07,5,134.97,UPI,22/09/2024,2024,September,Qtr 3,Sunday,7.1035
3baef1f8,Home & Kitchen,224.1,25,168.07,Cash on Delivery,20/07/2024,2024,July,Qtr 3,Saturday,56.025
ce962901,Toys,142.54,30,99.78,Debit Card,12/06/2024,2024,June,Qtr 2,Wednesday,42.762
7a030df0,Home & Kitchen,179.89,50,89.94,Net Banking,23/05/2024,2024,May,Qtr 2,Thursday,89.945
668d21ec,Home & Kitchen,342.71,20,274.17,Cash on Delivery,30/05/2024,2024,May,Qtr 2,Thursday,68.542
9ec32d45,Books,489.86,30,342.9,Cash on Delivery,14/10/2024,2024,October,Qtr 4,Monday,146.958
b9ffab11,Home & Kitchen,189.68,5,180.2,UPI,05/02/2024,2024,February,Qtr 1,Monday,9.484
9b57819e,Home & Kitchen,95.16,10,85.64,UPI,07/09/2024,2024,September,Qtr 3,Saturday,9.516
d1fbf9ea,Home & Kitchen,177.35,20,141.88,Credit Card,02/03/2024,2024,March,Qtr 1,Saturday,35.47
d5498008,Beauty,223.91,30,156.74,Debit Card,08/10/2024,2024,October,Qtr 4,Tuesday,67.173
1e77e045,Clothing,386.24,5,366.93,Cash on Delivery,15/11/2024,2024,November,Qtr 4,Friday,19.312
469d4f94,Sports,150.85,10,135.76,Credit Card,28/03/2024,2024,March,Qtr 1,Thursday,15.085
e52c19c1,Clothing,447.22,15,380.14,Debit Card,16/09/2024,2024,September,Qtr 3,Monday,67.083
48a6965d,Sports,251.13,0,251.13,Cash on Delivery,09/10/2024,2024,October,Qtr 4,Wednesday,0
84cf2969,Sports,405.16,25,303.87,Debit Card,09/11/2024,2024,November,Qtr 4,Saturday,101.29
b4ecbe57,Beauty,471.46,15,400.74,Debit Card,27/08/2024,2024,August,Qtr 3,Tuesday,70.719
1a7c338d,Beauty,10.58,5,10.05,Credit Card,27/04/2024,2024,April,Qtr 2,Saturday,0.529
fabf88c3,Sports,491.92,30,344.34,Cash on Delivery,20/07/2024,2024,July,Qtr 3,Saturday,147.576
744533ab,Sports,247.75,5,235.36,Net Banking,11/07/2024,2024,July,Qtr 3,Thursday,12.3875
6206893b,Sports,158.62,20,126.9,Cash on Delivery,30/08/2024,2024,August,Qtr 3,Friday,31.724
df836a74,Home & Kitchen,336.93,5,320.08,Credit Card,03/06/2024,2024,June,Qtr 2,Monday,16.8465
60df4c06,Toys,311.3,25,233.48,Credit Card,02/02/2024,2024,February,Qtr 1,Friday,77.825
fda13bbd,Toys,280.73,5,266.69,Credit Card,11/08/2024,2024,August,Qtr 3,Sunday,14.0365
04c82cbe,Beauty,436.53,0,436.53,Net Banking,16/04/2024,2024,April,Qtr 2,Tuesday,0
46691b96,Toys,366.94,20,293.55,Cash on Delivery,08/09/2024,2024,September,Qtr 3,Sunday,73.388
6b4027e1,Books,13.49,5,12.82,Debit Card,07/08/2024,2024,August,Qtr 3,Wednesday,0.6745
938ea3dc,Electronics,182.15,20,145.72,Cash on Delivery,11/03/2024,2024,March,Qtr 1,Monday,36.43
e7b3665a,Clothing,140.83,10,126.75,Net Banking,06/01/2024,2024,January,Qtr 1,Saturday,14.083
5740a88b,Books,159.05,30,111.34,Credit Card,18/02/2024,2024,February,Qtr 1,Sunday,47.715
07e93a67,Home & Kitchen,136.1,0,136.1,Credit Card,04/01/2024,2024,January,Qtr 1,Thursday,0
8b962cd8,Home & Kitchen,192.28,20,153.82,UPI,06/09/2024,2024,September,Qtr 3,Friday,38.456
b8b790ba,Electronics,437.53,15,371.9,Debit Card,30/03/2024,2024,March,Qtr 1,Saturday,65.6295
d43d0f46,Home & Kitchen,128.95,0,128.95,Cash on Delivery,03/09/2024,2024,September,Qtr 3,Tuesday,0
def9391b,Home & Kitchen,355.35,5,337.58,Debit Card,20/03/2024,2024,March,Qtr 1,Wednesday,17.7675
108549a1,Clothing,491.63,15,417.89,UPI,14/02/2024,2024,February,Qtr 1,Wednesday,73.7445
46b85373,Books,137.13,5,130.27,Cash on Delivery,20/11/2024,2024,November,Qtr 4,Wednesday,6.8565
aca166ff,Electronics,457.41,25,343.06,Net Banking,12/11/2024,2024,November,Qtr 4,Tuesday,114.3525
e10e5ae0,Beauty,425.6,20,340.48,Cash on Delivery,11/05/2024,2024,May,Qtr 2,Saturday,85.12
10dd7b6a,Home & Kitchen,204.49,50,102.25,Debit Card,26/04/2024,2024,April,Qtr 2,Friday,102.245
b688c922,Clothing,471.03,0,471.03,Credit Card,28/08/2024,2024,August,Qtr 3,Wednesday,0
4340e57f,Clothing,420.58,15,357.49,Credit Card,29/01/2024,2024,January,Qtr 1,Monday,63.087
3cbdfed3,Home & Kitchen,214.62,0,214.62,Debit Card,16/09/2024,2024,September,Qtr 3,Monday,0
dcb8e001,Books,494.16,50,247.08,Credit Card,09/02/2024,2024,February,Qtr 1,Friday,247.08
4b218561,Electronics,378.63,20,302.9,Credit Card,01/03/2024,2024,March,Qtr 1,Friday,75.726
aabe4748,Clothing,172.74,15,146.83,Net Banking,19/05/2024,2024,May,Qtr 2,Sunday,25.911
6ac4f758,Toys,17.08,30,11.96,Debit Card,15/05/2024,2024,May,Qtr 2,Wednesday,5.124
51333644,Sports,338.44,10,304.6,Debit Card,09/09/2024,2024,September,Qtr 3,Monday,33.844
7ce34b86,Clothing,148.98,50,74.49,Debit Card,22/05/2024,2024,May,Qtr 2,Wednesday,74.49
4b3462c8,Home & Kitchen,346.17,30,242.32,Cash on Delivery,30/01/2024,2024,January,Qtr 1,Tuesday,103.851
84c8da13,Sports,135.91,5,129.11,Credit Card,12/06/2024,2024,June,Qtr 2,Wednesday,6.7955
4ab2d973,Toys,341.06,10,306.95,Cash on Delivery,08/04/2024,2024,April,Qtr 2,Monday,34.106
d20acbb2,Clothing,416.7,0,416.7,Credit Card,18/04/2024,2024,April,Qtr 2,Thursday,0
d22e24ba,Books,97.95,25,73.46,UPI,25/05/2024,2024,May,Qtr 2,Saturday,24.4875
ad75dbc6,Sports,118.21,30,82.75,Credit Card,07/02/2024,2024,February,Qtr 1,Wednesday,35.463
5e1614df,Books,255.92,10,230.33,Debit Card,18/08/2024,2024,August,Qtr 3,Sunday,25.592
91932784,Books,198.11,50,99.06,Credit Card,22/07/2024,2024,July,Qtr 3,Monday,99.055
bbb99958,Toys,80.06,15,68.05,Debit Card,17/10/2024,2024,October,Qtr 4,Thursday,12.009
0a1152f5,Sports,108.02,20,86.42,Credit Card,04/01/2024,2024,January,Qtr 1,Thursday,21.604
33988d4a,Toys,158.49,15,134.72,Net Banking,16/05/2024,2024,May,Qtr 2,Thursday,23.7735
e37ad791,Electronics,316.9,20,253.52,Net Banking,08/02/2024,2024,February,Qtr 1,Thursday,63.38
0741d501,Clothing,142.15,50,71.08,Net Banking,28/10/2024,2024,October,Qtr 4,Monday,71.075
47985b63,Beauty,433.65,20,346.92,Cash on Delivery,09/11/2024,2024,November,Qtr 4,Saturday,86.73
8c2d1a9b,Home & Kitchen,51.82,0,51.82,Cash on Delivery,07/04/2024,2024,April,Qtr 2,Sunday,0
cea988f2,Home & Kitchen,287.77,10,258.99,Cash on Delivery,11/11/2024,2024,November,Qtr 4,Monday,28.777
8dcab187,Clothing,263.46,30,184.42,Debit Card,14/07/2024,2024,July,Qtr 3,Sunday,79.038
f57cdfc5,Toys,464.8,30,325.36,Credit Card,18/04/2024,2024,April,Qtr 2,Thursday,139.44
25f82afb,Books,179.09,50,89.55,Debit Card,05/03/2024,2024,March,Qtr 1,Tuesday,89.545
bfc7a09a,Beauty,56.34,10,50.71,Credit Card,04/03/2024,2024,March,Qtr 1,Monday,5.634
dfb9395f,Sports,293.68,25,220.26,Credit Card,30/08/2024,2024,August,Qtr 3,Friday,73.42
c9e3855e,Books,204.69,50,102.34,Credit Card,15/08/2024,2024,August,Qtr 3,Thursday,102.345
dd6f3a7f,Beauty,85.67,30,59.97,Debit Card,09/04/2024,2024,April,Qtr 2,Tuesday,25.701
6aefe8f1,Toys,271.62,20,217.3,Cash on Delivery,08/04/2024,2024,April,Qtr 2,Monday,54.324
0a8206f2,Books,434.06,50,217.03,Credit Card,27/09/2024,2024,September,Qtr 3,Friday,217.03
a23d00ad,Toys,403.69,5,383.51,Debit Card,19/07/2024,2024,July,Qtr 3,Friday,20.1845
5f80fc1b,Sports,250.78,0,250.78,UPI,12/02/2024,2024,February,Qtr 1,Monday,0
32a6d6c8,Clothing,472.01,10,424.81,Cash on Delivery,17/11/2024,2024,November,Qtr 4,Sunday,47.201
fe3cdb6b,Toys,411.25,10,370.12,Credit Card,04/06/2024,2024,June,Qtr 2,Tuesday,41.125
32e20e76,Home & Kitchen,129.1,50,64.55,Net Banking,30/07/2024,2024,July,Qtr 3,Tuesday,64.55
059a7bab,Sports,427.22,5,405.86,UPI,22/08/2024,2024,August,Qtr 3,Thursday,21.361
af09b01d,Beauty,200.58,5,190.55,Credit Card,24/02/2024,2024,February,Qtr 1,Saturday,10.029
0c24ecf3,Home & Kitchen,147.46,30,103.22,UPI,18/03/2024,2024,March,Qtr 1,Monday,44.238
7b93fe5f,Sports,284.81,0,284.81,Cash on Delivery,11/07/2024,2024,July,Qtr 3,Thursday,0
2c3e4736,Clothing,32.57,15,27.68,Debit Card,18/05/2024,2024,May,Qtr 2,Saturday,4.8855
7c18315f,Books,322.14,50,161.07,Credit Card,11/09/2024,2024,September,Qtr 3,Wednesday,161.07
96795135,Books,187.36,5,177.99,Net Banking,18/03/2024,2024,March,Qtr 1,Monday,9.368
42121dbe,Sports,479.31,0,479.31,Debit Card,24/10/2024,2024,October,Qtr 4,Thursday,0
1f28730f,Home & Kitchen,138.58,15,117.79,Credit Card,17/04/2024,2024,April,Qtr 2,Wednesday,20.787
409daa69,Electronics,354.92,0,354.92,Debit Card,12/10/2024,2024,October,Qtr 4,Saturday,0
08b2f5ea,Beauty,329.08,10,296.17,UPI,07/09/2024,2024,September,Qtr 3,Saturday,32.908
f5c89ec0,Home & Kitchen,399.27,0,399.27,Net Banking,21/11/2024,2024,November,Qtr 4,Thursday,0
f6e401ef,Toys,366.82,5,348.48,UPI,26/10/2024,2024,October,Qtr 4,Saturday,18.341
ce00318c,Electronics,395.07,25,296.3,Debit Card,22/05/2024,2024,May,Qtr 2,Wednesday,98.7675
a6c95d7b,Books,427.4,20,341.92,UPI,09/07/2024,2024,July,Qtr 3,Tuesday,85.48
2c0885e0,Books,433.97,20,347.18,UPI,05/01/2024,2024,January,Qtr 1,Friday,86.794
276c64b5,Home & Kitchen,31.97,10,28.77,UPI,17/05/2024,2024,May,Qtr 2,Friday,3.197
042f7bf4,Beauty,430.19,20,344.15,Cash on Delivery,18/07/2024,2024,July,Qtr 3,Thursday,86.038
4247e6a0,Clothing,231.04,10,207.94,Net Banking,08/04/2024,2024,April,Qtr 2,Monday,23.104
ef2f2796,Clothing,41.27,5,39.21,Net Banking,26/07/2024,2024,July,Qtr 3,Friday,2.0635
da4f8e3e,Home & Kitchen,313.34,30,219.34,Cash on Delivery,04/08/2024,2024,August,Qtr 3,Sunday,94.002
1e93ade3,Sports,460.68,5,437.65,UPI,31/05/2024,2024,May,Qtr 2,Friday,23.034
46b8e9cc,Toys,456.87,25,342.65,Credit Card,19/07/2024,2024,July,Qtr 3,Friday,114.2175
23c2d847,Clothing,214.75,0,214.75,Debit Card,19/06/2024,2024,June,Qtr 2,Wednesday,0
8febe2bc,Sports,386.52,5,367.19,Debit Card,04/10/2024,2024,October,Qtr 4,Friday,19.326
b6c3219c,Home & Kitchen,190.17,0,190.17,Debit Card,04/04/2024,2024,April,Qtr 2,Thursday,0
e54feec5,Home & Kitchen,327.17,30,229.02,UPI,18/08/2024,2024,August,Qtr 3,Sunday,98.151
0eab45b5,Books,295.26,15,250.97,Credit Card,15/10/2024,2024,October,Qtr 4,Tuesday,44.289
7a1fcf47,Clothing,106.96,10,96.26,Debit Card,25/06/2024,2024,June,Qtr 2,Tuesday,10.696
09e59ae1,Toys,169.52,0,169.52,Credit Card,16/02/2024,2024,February,Qtr 1,Friday,0
2097921f,Sports,344.57,50,172.28,Cash on Delivery,12/07/2024,2024,July,Qtr 3,Friday,172.285
cc24c3da,Home & Kitchen,89.46,15,76.04,Credit Card,26/10/2024,2024,October,Qtr 4,Saturday,13.419
b07db0f3,Beauty,472.59,5,448.96,Debit Card,21/09/2024,2024,September,Qtr 3,Saturday,23.6295
127d2dcd,Toys,89.3,30,62.51,Cash on Delivery,10/01/2024,2024,January,Qtr 1,Wednesday,26.79
07d9828a,Sports,288.05,0,288.05,Net Banking,21/06/2024,2024,June,Qtr 2,Friday,0
0195ea56,Clothing,176.69,25,132.52,Net Banking,21/02/2024,2024,February,Qtr 1,Wednesday,44.1725
70c9df00,Books,444.5,30,311.15,Debit Card,13/07/2024,2024,July,Qtr 3,Saturday,133.35
394508f2,Sports,144.11,0,144.11,Debit Card,17/07/2024,2024,July,Qtr 3,Wednesday,0
1dac4ff2,Sports,433.94,0,433.94,Cash on Delivery,01/07/2024,2024,July,Qtr 3,Monday,0
b005a380,Clothing,160.88,25,120.66,Credit Card,01/01/2024,2024,January,Qtr 1,Monday,40.22
63600000000,Sports,434.47,0,434.47,Cash on Delivery,29/05/2024,2024,May,Qtr 2,Wednesday,0
d655a92b,Home & Kitchen,230.16,50,115.08,UPI,15/02/2024,2024,February,Qtr 1,Thursday,115.08
188cb370,Home & Kitchen,276.95,20,221.56,Credit Card,15/04/2024,2024,April,Qtr 2,Monday,55.39
1d8925f0,Home & Kitchen,394.59,0,394.59,Cash on Delivery,06/08/2024,2024,August,Qtr 3,Tuesday,0
d1481060,Electronics,371.41,10,334.27,Credit Card,17/10/2024,2024,October,Qtr 4,Thursday,37.141
976b6ed4,Sports,349.27,15,296.88,Debit Card,04/07/2024,2024,July,Qtr 3,Thursday,52.3905
f6460f4c,Clothing,51.97,20,41.58,Credit Card,24/10/2024,2024,October,Qtr 4,Thursday,10.394
68344bf3,Toys,298.43,0,298.43,Cash on Delivery,23/08/2024,2024,August,Qtr 3,Friday,0
762d13eb,Home & Kitchen,361.04,0,361.04,Debit Card,01/04/2024,2024,April,Qtr 2,Monday,0
1aad44bb,Beauty,31.89,25,23.92,UPI,03/04/2024,2024,April,Qtr 2,Wednesday,7.9725
e372861d,Beauty,393.9,50,196.95,Credit Card,28/10/2024,2024,October,Qtr 4,Monday,196.95
e7346b49,Books,432.65,30,302.85,Net Banking,23/05/2024,2024,May,Qtr 2,Thursday,129.795
36fdc5a6,Home & Kitchen,262.74,15,223.33,Credit Card,19/05/2024,2024,May,Qtr 2,Sunday,39.411
9ed4fdbc,Electronics,34.02,20,27.22,UPI,26/05/2024,2024,May,Qtr 2,Sunday,6.804
a6cc16ab,Electronics,101.83,25,76.37,Cash on Delivery,13/05/2024,2024,May,Qtr 2,Monday,25.4575
10b6a453,Toys,418.08,0,418.08,Debit Card,29/08/2024,2024,August,Qtr 3,Thursday,0
ec61371d,Clothing,285.27,25,213.95,Cash on Delivery,21/04/2024,2024,April,Qtr 2,Sunday,71.3175
60dd4207,Sports,233.63,30,163.54,Credit Card,16/05/2024,2024,May,Qtr 2,Thursday,70.089
60c95485,Clothing,257.48,15,218.86,UPI,30/03/2024,2024,March,Qtr 1,Saturday,38.622
e7975539,Books,445.72,50,222.86,Cash on Delivery,26/10/2024,2024,October,Qtr 4,Saturday,222.86
89bceeb7,Beauty,257.18,5,244.32,Credit Card,11/07/2024,2024,July,Qtr 3,Thursday,12.859
205a7efe,Electronics,278.99,15,237.14,Credit Card,02/10/2024,2024,October,Qtr 4,Wednesday,41.8485
ae6caf94,Beauty,252.94,30,177.06,Net Banking,24/03/2024,2024,March,Qtr 1,Sunday,75.882
46bfad22,Sports,50.37,10,45.33,Credit Card,02/11/2024,2024,November,Qtr 4,Saturday,5.037
76a2a7e9,Electronics,106.14,0,106.14,Debit Card,03/06/2024,2024,June,Qtr 2,Monday,0
51a1d498,Sports,399.39,10,359.45,Net Banking,10/11/2024,2024,November,Qtr 4,Sunday,39.939
13ea1730,Electronics,291.89,10,262.7,Credit Card,26/02/2024,2024,February,Qtr 1,Monday,29.189
3a07a85f,Home & Kitchen,279.35,5,265.38,Cash on Delivery,15/04/2024,2024,April,Qtr 2,Monday,13.9675
42e37951,Books,197.95,15,168.26,Net Banking,27/09/2024,2024,September,Qtr 3,Friday,29.6925
aee2eea3,Home & Kitchen,463.22,5,440.06,Cash on Delivery,02/06/2024,2024,June,Qtr 2,Sunday,23.161
08602a9c,Sports,168.01,50,84,UPI,21/08/2024,2024,August,Qtr 3,Wednesday,84.005
0fe10855,Home & Kitchen,38.25,30,26.77,Credit Card,17/10/2024,2024,October,Qtr 4,Thursday,11.475
03e10273,Sports,436.07,5,414.27,Debit Card,01/05/2024,2024,May,Qtr 2,Wednesday,21.8035
14033a78,Beauty,44.39,0,44.39,UPI,21/08/2024,2024,August,Qtr 3,Wednesday,0
e6d67df5,Electronics,237.6,5,225.72,Cash on Delivery,08/10/2024,2024,October,Qtr 4,Tuesday,11.88
5c5c3e7d,Electronics,214.63,25,160.97,Net Banking,09/08/2024,2024,August,Qtr 3,Friday,53.6575
5bac2533,Beauty,471.68,20,377.34,UPI,08/02/2024,2024,February,Qtr 1,Thursday,94.336
76a73fcb,Books,386.36,20,309.09,Debit Card,17/09/2024,2024,September,Qtr 3,Tuesday,77.272
09c475c9,Beauty,218.86,10,196.97,Cash on Delivery,24/03/2024,2024,March,Qtr 1,Sunday,21.886
042ebd5a,Clothing,331.21,30,231.85,Credit Card,02/04/2024,2024,April,Qtr 2,Tuesday,99.363
a9501881,Electronics,18.8,25,14.1,UPI,18/07/2024,2024,July,Qtr 3,Thursday,4.7
4566a916,Electronics,215.01,50,107.5,Net Banking,08/06/2024,2024,June,Qtr 2,Saturday,107.505
f8c40b69,Beauty,367.33,50,183.66,Debit Card,27/03/2024,2024,March,Qtr 1,Wednesday,183.665
d7f9020a,Beauty,383.36,0,383.36,UPI,04/03/2024,2024,March,Qtr 1,Monday,0
b86a1a14,Sports,146.46,5,139.14,Cash on Delivery,05/08/2024,2024,August,Qtr 3,Monday,7.323
4f4e3013,Toys,249.34,20,199.47,Credit Card,11/06/2024,2024,June,Qtr 2,Tuesday,49.868
5f51da20,Electronics,192.73,25,144.55,Net Banking,08/03/2024,2024,March,Qtr 1,Friday,48.1825
075fc126,Clothing,117.42,20,93.94,Cash on Delivery,28/09/2024,2024,September,Qtr 3,Saturday,23.484
7c055a85,Toys,199.48,15,169.56,Net Banking,21/11/2024,2024,November,Qtr 4,Thursday,29.922
3f6b72a8,Toys,463.31,15,393.81,UPI,30/04/2024,2024,April,Qtr 2,Tuesday,69.4965
b1d7cceb,Toys,185.53,10,166.98,Cash on Delivery,17/11/2024,2024,November,Qtr 4,Sunday,18.553
cfd46626,Books,481.16,25,360.87,Cash on Delivery,20/05/2024,2024,May,Qtr 2,Monday,120.29
d6374469,Books,167.77,30,117.44,Net Banking,12/04/2024,2024,April,Qtr 2,Friday,50.331
5f478ba7,Electronics,123.79,0,123.79,Debit Card,09/01/2024,2024,January,Qtr 1,Tuesday,0
3e84f488,Books,331.56,50,165.78,Cash on Delivery,05/09/2024,2024,September,Qtr 3,Thursday,165.78
79398983,Sports,129.45,5,122.98,Cash on Delivery,18/08/2024,2024,August,Qtr 3,Sunday,6.4725
e23fb2d5,Electronics,347.27,25,260.45,Credit Card,12/06/2024,2024,June,Qtr 2,Wednesday,86.8175
0bd68fc8,Toys,489.29,10,440.36,Net Banking,19/01/2024,2024,January,Qtr 1,Friday,48.929
9077d76e,Books,235.18,0,235.18,UPI,28/01/2024,2024,January,Qtr 1,Sunday,0
fafe9fea,Books,477.68,30,334.38,UPI,17/05/2024,2024,May,Qtr 2,Friday,143.304
3598a6ef,Home & Kitchen,159.95,30,111.96,Net Banking,28/04/2024,2024,April,Qtr 2,Sunday,47.985
78674cde,Toys,112.55,25,84.41,Cash on Delivery,01/11/2024,2024,November,Qtr 4,Friday,28.1375
d48477b3,Home & Kitchen,56.87,10,51.18,Credit Card,25/08/2024,2024,August,Qtr 3,Sunday,5.687
33a45bd6,Electronics,142.61,10,128.35,Cash on Delivery,06/07/2024,2024,July,Qtr 3,Saturday,14.261
2da6d115,Clothing,33.31,15,28.31,Credit Card,26/04/2024,2024,April,Qtr 2,Friday,4.9965
d9a17f42,Beauty,177.17,25,132.88,Credit Card,07/09/2024,2024,September,Qtr 3,Saturday,44.2925
4fd7dd5f,Home & Kitchen,382.64,30,267.85,Credit Card,12/11/2024,2024,November,Qtr 4,Tuesday,114.792
2cd8b0cf,Clothing,104.37,20,83.5,Cash on Delivery,02/11/2024,2024,November,Qtr 4,Saturday,20.874
03905f28,Home & Kitchen,329.03,25,246.77,Net Banking,31/01/2024,2024,January,Qtr 1,Wednesday,82.2575
d1268d51,Electronics,272.05,15,231.24,UPI,01/10/2024,2024,October,Qtr 4,Tuesday,40.8075
748316cb,Toys,192.95,5,183.3,Debit Card,20/08/2024,2024,August,Qtr 3,Tuesday,9.6475
b4740a01,Home & Kitchen,128.74,50,64.37,Cash on Delivery,19/09/2024,2024,September,Qtr 3,Thursday,64.37
f3ee36a5,Electronics,361.85,25,271.39,UPI,05/02/2024,2024,February,Qtr 1,Monday,90.4625
b5518394,Toys,197.88,10,178.09,Debit Card,21/04/2024,2024,April,Qtr 2,Sunday,19.788
18e92cc0,Clothing,122.79,15,104.37,UPI,25/01/2024,2024,January,Qtr 1,Thursday,18.4185
9e9f2f6e,Home & Kitchen,290.14,15,246.62,Credit Card,13/04/2024,2024,April,Qtr 2,Saturday,43.521
27299b68,Electronics,227.45,20,181.96,Net Banking,19/05/2024,2024,May,Qtr 2,Sunday,45.49
c9964d37,Books,318.96,30,223.27,Debit Card,15/02/2024,2024,February,Qtr 1,Thursday,95.688
b1cbe03e,Beauty,160.41,50,80.2,Net Banking,24/08/2024,2024,August,Qtr 3,Saturday,80.205
20a55aba,Clothing,428.15,25,321.11,Credit Card,27/07/2024,2024,July,Qtr 3,Saturday,107.0375
3d66faf7,Toys,351.68,30,246.18,Debit Card,08/05/2024,2024,May,Qtr 2,Wednesday,105.504
12ae16a2,Toys,245.25,20,196.2,UPI,13/05/2024,2024,May,Qtr 2,Monday,49.05
84ee1b6b,Beauty,327.94,30,229.56,Net Banking,29/02/2024,2024,February,Qtr 1,Thursday,98.382
7b6ea10a,Beauty,53.15,0,53.15,Debit Card,10/09/2024,2024,September,Qtr 3,Tuesday,0
c4367af6,Electronics,483.76,50,241.88,Net Banking,05/05/2024,2024,May,Qtr 2,Sunday,241.88
f6e5f5b6,Toys,60.12,20,48.1,Net Banking,01/09/2024,2024,September,Qtr 3,Sunday,12.024
016c1e77,Beauty,298.24,30,208.77,UPI,02/07/2024,2024,July,Qtr 3,Tuesday,89.472
7d05e2f6,Home & Kitchen,51.92,0,51.92,Debit Card,24/05/2024,2024,May,Qtr 2,Friday,0
73d0692f,Sports,45.39,50,22.7,Net Banking,16/10/2024,2024,October,Qtr 4,Wednesday,22.695
cacbbe34,Clothing,60.17,15,51.14,Cash on Delivery,29/09/2024,2024,September,Qtr 3,Sunday,9.0255
b98e327e,Books,265.56,25,199.17,Credit Card,23/04/2024,2024,April,Qtr 2,Tuesday,66.39
66daf218,Books,215.49,5,204.72,Debit Card,13/11/2024,2024,November,Qtr 4,Wednesday,10.7745
d3c564b9,Sports,168.21,0,168.21,Cash on Delivery,01/03/2024,2024,March,Qtr 1,Friday,0
38a1a724,Beauty,230.21,0,230.21,UPI,21/08/2024,2024,August,Qtr 3,Wednesday,0
5a3d3299,Beauty,448.57,20,358.86,Credit Card,28/02/2024,2024,February,Qtr 1,Wednesday,89.714
8d7f8c49,Sports,96.31,5,91.49,Debit Card,11/04/2024,2024,April,Qtr 2,Thursday,4.8155
43666819,Books,329.54,20,263.63,Net Banking,16/11/2024,2024,November,Qtr 4,Saturday,65.908
93db7ef7,Books,417.07,50,208.53,Debit Card,14/01/2024,2024,January,Qtr 1,Sunday,208.535
e8a5a7d6,Books,264.45,5,251.23,Debit Card,28/02/2024,2024,February,Qtr 1,Wednesday,13.2225
fde47685,Clothing,82.72,20,66.18,Cash on Delivery,14/07/2024,2024,July,Qtr 3,Sunday,16.544
d259d921,Clothing,265.25,0,265.25,UPI,06/05/2024,2024,May,Qtr 2,Monday,0
b1ee9973,Home & Kitchen,464.26,30,324.98,Cash on Delivery,12/04/2024,2024,April,Qtr 2,Friday,139.278
cf1e2208,Electronics,205.68,10,185.11,Net Banking,26/01/2024,2024,January,Qtr 1,Friday,20.568
c88d310c,Beauty,41.41,30,28.99,Net Banking,01/06/2024,2024,June,Qtr 2,Saturday,12.423
26a29655,Beauty,142.61,10,128.35,Credit Card,31/03/2024,2024,March,Qtr 1,Sunday,14.261
46b58d00,Sports,189.35,50,94.67,UPI,12/11/2024,2024,November,Qtr 4,Tuesday,94.675
012f36dd,Sports,24.41,10,21.97,Cash on Delivery,29/06/2024,2024,June,Qtr 2,Saturday,2.441
f2df6fa0,Books,428.85,15,364.52,Cash on Delivery,23/10/2024,2024,October,Qtr 4,Wednesday,64.3275
7b2c75fc,Beauty,297.35,30,208.15,Debit Card,28/06/2024,2024,June,Qtr 2,Friday,89.205
d79e7736,Books,53.13,25,39.85,Cash on Delivery,25/08/2024,2024,August,Qtr 3,Sunday,13.2825
2ad94b3d,Beauty,496.31,25,372.23,Cash on Delivery,18/02/2024,2024,February,Qtr 1,Sunday,124.0775
ef5bf3b6,Home & Kitchen,313.5,10,282.15,Net Banking,21/03/2024,2024,March,Qtr 1,Thursday,31.35
15de560d,Sports,166.78,20,133.42,Cash on Delivery,11/03/2024,2024,March,Qtr 1,Monday,33.356
7b940b3b,Books,80.69,0,80.69,Cash on Delivery,01/03/2024,2024,March,Qtr 1,Friday,0
16dc2dab,Home & Kitchen,205.66,20,164.53,Debit Card,25/06/2024,2024,June,Qtr 2,Tuesday,41.132
03dcfbb3,Sports,294.06,20,235.25,Cash on Delivery,30/01/2024,2024,January,Qtr 1,Tuesday,58.812
e47754a9,Clothing,481,30,336.7,UPI,09/07/2024,2024,July,Qtr 3,Tuesday,144.3
074c931e,Toys,64.64,25,48.48,Net Banking,26/08/2024,2024,August,Qtr 3,Monday,16.16
9ecfeca6,Beauty,437.28,10,393.55,Cash on Delivery,16/01/2024,2024,January,Qtr 1,Tuesday,43.728
ae345248,Electronics,338.85,5,321.91,UPI,29/04/2024,2024,April,Qtr 2,Monday,16.9425
f6882c89,Toys,486.64,10,437.98,Debit Card,01/10/2024,2024,October,Qtr 4,Tuesday,48.664
3502c114,Beauty,59.31,20,47.45,Credit Card,15/10/2024,2024,October,Qtr 4,Tuesday,11.862
be689e12,Electronics,59.56,25,44.67,Cash on Delivery,12/04/2024,2024,April,Qtr 2,Friday,14.89
45a007f7,Clothing,322.39,5,306.27,UPI,21/04/2024,2024,April,Qtr 2,Sunday,16.1195
3cab368a,Beauty,459.93,15,390.94,Cash on Delivery,06/03/2024,2024,March,Qtr 1,Wednesday,68.9895
b7dc85d0,Electronics,265.71,25,199.28,Net Banking,04/04/2024,2024,April,Qtr 2,Thursday,66.4275
909ddd04,Books,26.45,25,19.84,Cash on Delivery,29/07/2024,2024,July,Qtr 3,Monday,6.6125
e8285de5,Sports,357.62,50,178.81,Debit Card,05/04/2024,2024,April,Qtr 2,Friday,178.81
96f8bb90,Toys,282.33,10,254.1,UPI,18/11/2024,2024,November,Qtr 4,Monday,28.233
a1a7c1e9,Books,396.56,50,198.28,Cash on Delivery,13/09/2024,2024,September,Qtr 3,Friday,198.28
148a6381,Toys,456.74,0,456.74,Net Banking,07/06/2024,2024,June,Qtr 2,Friday,0
9b9e991f,Electronics,281.5,20,225.2,Net Banking,24/02/2024,2024,February,Qtr 1,Saturday,56.3
a3be818d,Clothing,230.41,5,218.89,Debit Card,15/06/2024,2024,June,Qtr 2,Saturday,11.5205
5bf80274,Sports,479.45,20,383.56,Cash on Delivery,24/04/2024,2024,April,Qtr 2,Wednesday,95.89
13a9654a,Beauty,81.48,5,77.41,Net Banking,01/05/2024,2024,May,Qtr 2,Wednesday,4.074
8b1beff4,Home & Kitchen,229.63,15,195.19,Credit Card,26/04/2024,2024,April,Qtr 2,Friday,34.4445
05ddf6b9,Electronics,422.68,50,211.34,UPI,11/06/2024,2024,June,Qtr 2,Tuesday,211.34
409bdf76,Sports,50.88,15,43.25,UPI,16/03/2024,2024,March,Qtr 1,Saturday,7.632
2fb404f4,Clothing,369.95,15,314.46,Net Banking,22/01/2024,2024,January,Qtr 1,Monday,55.4925
9514a796,Home & Kitchen,58.77,25,44.08,Net Banking,13/01/2024,2024,January,Qtr 1,Saturday,14.6925
c79eeec5,Toys,397.97,15,338.27,Credit Card,25/02/2024,2024,February,Qtr 1,Sunday,59.6955
797b1952,Books,282.65,20,226.12,Credit Card,29/06/2024,2024,June,Qtr 2,Saturday,56.53
ce0d70d2,Clothing,48.25,10,43.43,UPI,26/07/2024,2024,July,Qtr 3,Friday,4.825
62a96dcf,Books,191.29,25,143.47,Cash on Delivery,28/02/2024,2024,February,Qtr 1,Wednesday,47.8225
12800000,Clothing,309.01,20,247.21,Credit Card,11/07/2024,2024,July,Qtr 3,Thursday,61.802
90c225c7,Books,93.6,10,84.24,Cash on Delivery,26/05/2024,2024,May,Qtr 2,Sunday,9.36
7760f082,Beauty,347.27,0,347.27,Cash on Delivery,04/11/2024,2024,November,Qtr 4,Monday,0
c8d6d2c6,Books,170.9,15,145.27,Cash on Delivery,10/11/2024,2024,November,Qtr 4,Sunday,25.635
d726fd8b,Sports,378.49,30,264.94,UPI,15/04/2024,2024,April,Qtr 2,Monday,113.547
31cc9c2c,Sports,480.02,50,240.01,Debit Card,07/10/2024,2024,October,Qtr 4,Monday,240.01
03b923e5,Home & Kitchen,207.33,20,165.86,Cash on Delivery,10/08/2024,2024,August,Qtr 3,Saturday,41.466
54514b05,Books,144.46,15,122.79,Credit Card,16/09/2024,2024,September,Qtr 3,Monday,21.669
5c28156c,Sports,171.96,20,137.57,Cash on Delivery,07/04/2024,2024,April,Qtr 2,Sunday,34.392
22f0569f,Beauty,353.92,20,283.14,Cash on Delivery,29/03/2024,2024,March,Qtr 1,Friday,70.784
50e8f967,Home & Kitchen,154.46,5,146.74,Net Banking,28/07/2024,2024,July,Qtr 3,Sunday,7.723
3cb0b368,Clothing,142.25,15,120.91,UPI,14/04/2024,2024,April,Qtr 2,Sunday,21.3375
d41c2ce4,Books,210.7,10,189.63,UPI,08/07/2024,2024,July,Qtr 3,Monday,21.07
1744051f,Electronics,195.24,5,185.48,Credit Card,03/09/2024,2024,September,Qtr 3,Tuesday,9.762
6a689dac,Home & Kitchen,407.25,10,366.53,Cash on Delivery,28/07/2024,2024,July,Qtr 3,Sunday,40.725
388acc9a,Sports,42.18,30,29.53,Debit Card,15/03/2024,2024,March,Qtr 1,Friday,12.654
00d5f96c,Home & Kitchen,318.69,25,239.02,Cash on Delivery,21/03/2024,2024,March,Qtr 1,Thursday,79.6725
dd89f628,Books,115.36,5,109.59,UPI,21/04/2024,2024,April,Qtr 2,Sunday,5.768
1b863eb3,Books,119.38,10,107.44,UPI,20/06/2024,2024,June,Qtr 2,Thursday,11.938
dc708102,Home & Kitchen,104.9,5,99.66,Cash on Delivery,27/09/2024,2024,September,Qtr 3,Friday,5.245
57db9bf5,Clothing,327.53,0,327.53,UPI,19/02/2024,2024,February,Qtr 1,Monday,0
8199bac3,Books,370.14,30,259.1,Debit Card,11/10/2024,2024,October,Qtr 4,Friday,111.042
d23c9a23,Home & Kitchen,395.74,20,316.59,UPI,01/02/2024,2024,February,Qtr 1,Thursday,79.148
310c7ad6,Books,124.53,30,87.17,Net Banking,14/04/2024,2024,April,Qtr 2,Sunday,37.359
0d1478d4,Home & Kitchen,443.2,25,332.4,Credit Card,12/06/2024,2024,June,Qtr 2,Wednesday,110.8
29603095,Sports,109.76,20,87.81,Debit Card,20/03/2024,2024,March,Qtr 1,Wednesday,21.952
deb7df38,Electronics,32.18,50,16.09,Cash on Delivery,28/03/2024,2024,March,Qtr 1,Thursday,16.09
56606aa9,Beauty,106.65,30,74.66,UPI,10/09/2024,2024,September,Qtr 3,Tuesday,31.995
18283fe9,Clothing,201.72,10,181.55,Debit Card,17/06/2024,2024,June,Qtr 2,Monday,20.172
5a3a8a84,Sports,45.3,5,43.03,Credit Card,01/10/2024,2024,October,Qtr 4,Tuesday,2.265
ea6fd1f7,Beauty,350.77,5,333.23,UPI,13/10/2024,2024,October,Qtr 4,Sunday,17.5385
9fe458f7,Toys,241.86,5,229.77,Credit Card,21/11/2024,2024,November,Qtr 4,Thursday,12.093
ffda47ed,Electronics,187.93,20,150.34,Credit Card,04/04/2024,2024,April,Qtr 2,Thursday,37.586
280e0662,Beauty,193.42,10,174.08,Net Banking,07/07/2024,2024,July,Qtr 3,Sunday,19.342
0a1247ac,Home & Kitchen,440.43,5,418.41,UPI,10/07/2024,2024,July,Qtr 3,Wednesday,22.0215
f1345c3d,Sports,411.73,5,391.14,Credit Card,26/09/2024,2024,September,Qtr 3,Thursday,20.5865
cd40736d,Beauty,369.78,10,332.8,UPI,15/08/2024,2024,August,Qtr 3,Thursday,36.978
5cfc1b16,Electronics,168.76,20,135.01,UPI,24/09/2024,2024,September,Qtr 3,Tuesday,33.752
a2340b74,Home & Kitchen,391.64,25,293.73,Debit Card,18/11/2024,2024,November,Qtr 4,Monday,97.91
8939cf34,Books,59.97,0,59.97,Credit Card,29/03/2024,2024,March,Qtr 1,Friday,0
a70e28bf,Books,418.67,50,209.34,Cash on Delivery,23/03/2024,2024,March,Qtr 1,Saturday,209.335
dcd66030,Home & Kitchen,245.49,20,196.39,UPI,11/08/2024,2024,August,Qtr 3,Sunday,49.098
91bbc996,Sports,387.5,30,271.25,UPI,11/07/2024,2024,July,Qtr 3,Thursday,116.25
ed1329e5,Home & Kitchen,52.6,0,52.6,Credit Card,08/06/2024,2024,June,Qtr 2,Saturday,0
78ba8e2a,Electronics,368.93,50,184.47,Net Banking,07/11/2024,2024,November,Qtr 4,Thursday,184.465
79a7f671,Toys,141.33,0,141.33,Credit Card,27/09/2024,2024,September,Qtr 3,Friday,0
00e52bfe,Home & Kitchen,359.08,10,323.17,Credit Card,20/02/2024,2024,February,Qtr 1,Tuesday,35.908
35227ad8,Sports,400.48,5,380.46,Net Banking,17/02/2024,2024,February,Qtr 1,Saturday,20.024
67b4bb5b,Books,494.06,10,444.65,Credit Card,29/10/2024,2024,October,Qtr 4,Tuesday,49.406
be6086f7,Books,179.54,10,161.59,Credit Card,05/10/2024,2024,October,Qtr 4,Saturday,17.954
19d43000,Beauty,39.49,0,39.49,UPI,14/01/2024,2024,January,Qtr 1,Sunday,0
a5b9d3d5,Home & Kitchen,214.98,10,193.48,Credit Card,04/02/2024,2024,February,Qtr 1,Sunday,21.498
4b1faad3,Sports,155.36,10,139.82,Credit Card,27/06/2024,2024,June,Qtr 2,Thursday,15.536
af4a1e47,Beauty,195.38,15,166.07,Cash on Delivery,19/06/2024,2024,June,Qtr 2,Wednesday,29.307
023a0824,Clothing,392.7,25,294.52,UPI,21/04/2024,2024,April,Qtr 2,Sunday,98.175
f716d5ff,Sports,403.71,50,201.85,UPI,30/05/2024,2024,May,Qtr 2,Thursday,201.855
7a4dacb1,Books,256.66,10,230.99,Credit Card,01/07/2024,2024,July,Qtr 3,Monday,25.666
b4b2dce1,Beauty,323.13,30,226.19,Cash on Delivery,23/03/2024,2024,March,Qtr 1,Saturday,96.939
4125319c,Sports,122.36,0,122.36,Net Banking,05/06/2024,2024,June,Qtr 2,Wednesday,0
80f26166,Books,386.53,10,347.88,UPI,18/05/2024,2024,May,Qtr 2,Saturday,38.653
0b18eb06,Toys,214.85,25,161.14,Credit Card,12/03/2024,2024,March,Qtr 1,Tuesday,53.7125
c3f8a8e7,Home & Kitchen,242.71,50,121.36,UPI,30/03/2024,2024,March,Qtr 1,Saturday,121.355
604ceef7,Electronics,456.79,15,388.27,Credit Card,11/07/2024,2024,July,Qtr 3,Thursday,68.5185
d60f1a32,Electronics,251.69,50,125.84,Cash on Delivery,04/01/2024,2024,January,Qtr 1,Thursday,125.845
27974553,Sports,428.42,30,299.89,Cash on Delivery,16/04/2024,2024,April,Qtr 2,Tuesday,128.526
244e736c,Beauty,126.93,5,120.58,Cash on Delivery,13/09/2024,2024,September,Qtr 3,Friday,6.3465
c9984620,Clothing,294.78,10,265.3,Net Banking,22/05/2024,2024,May,Qtr 2,Wednesday,29.478
da7c3445,Electronics,250.19,20,200.15,Debit Card,14/04/2024,2024,April,Qtr 2,Sunday,50.038
f027621a,Home & Kitchen,167.6,25,125.7,Debit Card,24/07/2024,2024,July,Qtr 3,Wednesday,41.9
a771dc00,Electronics,166.34,5,158.02,Credit Card,22/03/2024,2024,March,Qtr 1,Friday,8.317
d37b25da,Electronics,429.9,25,322.42,Cash on Delivery,06/08/2024,2024,August,Qtr 3,Tuesday,107.475
4.49E+35,Clothing,229.85,5,218.36,Credit Card,24/07/2024,2024,July,Qtr 3,Wednesday,11.4925
d48d9f1f,Clothing,333.75,5,317.06,UPI,27/02/2024,2024,February,Qtr 1,Tuesday,16.6875
2157ff60,Books,265.32,20,212.26,Credit Card,10/04/2024,2024,April,Qtr 2,Wednesday,53.064
4459da09,Beauty,238.8,10,214.92,Debit Card,17/05/2024,2024,May,Qtr 2,Friday,23.88
e0960b4d,Sports,33.67,20,26.94,Net Banking,30/04/2024,2024,April,Qtr 2,Tuesday,6.734
17542880,Beauty,336.04,20,268.83,Net Banking,11/11/2024,2024,November,Qtr 4,Monday,67.208
5f9b4c27,Books,463.83,10,417.45,Cash on Delivery,19/08/2024,2024,August,Qtr 3,Monday,46.383
df5ea820,Toys,44.04,15,37.43,Net Banking,29/08/2024,2024,August,Qtr 3,Thursday,6.606
4c81ef62,Beauty,180.46,15,153.39,Net Banking,22/09/2024,2024,September,Qtr 3,Sunday,27.069
91879a7c,Toys,219.22,30,153.45,Credit Card,26/01/2024,2024,January,Qtr 1,Friday,65.766
97f8db88,Beauty,17.62,30,12.33,Credit Card,03/07/2024,2024,July,Qtr 3,Wednesday,5.286
7bd0348c,Home & Kitchen,434.24,10,390.82,Cash on Delivery,25/02/2024,2024,February,Qtr 1,Sunday,43.424
dc0b7ad8,Beauty,362.88,25,272.16,Net Banking,03/07/2024,2024,July,Qtr 3,Wednesday,90.72
903c2a1e,Beauty,150.84,15,128.21,UPI,13/09/2024,2024,September,Qtr 3,Friday,22.626
971538a1,Sports,16.81,25,12.61,Credit Card,05/11/2024,2024,November,Qtr 4,Tuesday,4.2025
f6c5b1e3,Sports,415.93,30,291.15,Credit Card,18/07/2024,2024,July,Qtr 3,Thursday,124.779
5cb4b14a,Clothing,11.62,15,9.88,Debit Card,11/05/2024,2024,May,Qtr 2,Saturday,1.743
5f4c9a63,Clothing,379.55,15,322.62,Credit Card,17/02/2024,2024,February,Qtr 1,Saturday,56.9325
da638daf,Sports,36.7,30,25.69,Net Banking,05/01/2024,2024,January,Qtr 1,Friday,11.01
d0efc96c,Sports,187.71,10,168.94,Cash on Delivery,12/07/2024,2024,July,Qtr 3,Friday,18.771
49d60975,Electronics,247.95,15,210.76,Cash on Delivery,10/05/2024,2024,May,Qtr 2,Friday,37.1925
adf25ccc,Beauty,93.82,5,89.13,Net Banking,20/09/2024,2024,September,Qtr 3,Friday,4.691
701e2225,Books,436.57,0,436.57,UPI,25/07/2024,2024,July,Qtr 3,Thursday,0
ff1aec5a,Home & Kitchen,251.55,5,238.97,Debit Card,28/09/2024,2024,September,Qtr 3,Saturday,12.5775
2d03157c,Clothing,358.51,30,250.96,Credit Card,26/07/2024,2024,July,Qtr 3,Friday,107.553
7faf145b,Sports,277.08,5,263.23,Credit Card,25/04/2024,2024,April,Qtr 2,Thursday,13.854
a33bd4fb,Clothing,166.11,0,166.11,Cash on Delivery,29/08/2024,2024,August,Qtr 3,Thursday,0
ba01f031,Clothing,375.69,20,300.55,UPI,05/06/2024,2024,June,Qtr 2,Wednesday,75.138
67526a73,Toys,40.84,25,30.63,Credit Card,17/01/2024,2024,January,Qtr 1,Wednesday,10.21
b8eb1581,Beauty,284.31,30,199.02,UPI,13/04/2024,2024,April,Qtr 2,Saturday,85.293
cc9a4a59,Home & Kitchen,382.26,25,286.69,Debit Card,04/01/2024,2024,January,Qtr 1,Thursday,95.565
10a9dfd0,Clothing,432.35,15,367.5,Cash on Delivery,22/03/2024,2024,March,Qtr 1,Friday,64.8525
d05887e3,Toys,375.08,20,300.06,Net Banking,24/09/2024,2024,September,Qtr 3,Tuesday,75.016
35190f96,Toys,96.29,30,67.4,Net Banking,24/08/2024,2024,August,Qtr 3,Saturday,28.887
7936042d,Beauty,18.83,20,15.06,Net Banking,21/02/2024,2024,February,Qtr 1,Wednesday,3.766
234be188,Sports,209.81,0,209.81,UPI,26/07/2024,2024,July,Qtr 3,Friday,0
e88f788c,Beauty,462.62,30,323.83,Debit Card,09/07/2024,2024,July,Qtr 3,Tuesday,138.786
10801644,Books,75.39,15,64.08,Net Banking,16/09/2024,2024,September,Qtr 3,Monday,11.3085
d80ad3eb,Electronics,42.08,25,31.56,Cash on Delivery,09/03/2024,2024,March,Qtr 1,Saturday,10.52
8921b076,Toys,301.63,0,301.63,UPI,15/08/2024,2024,August,Qtr 3,Thursday,0
d94f7995,Home & Kitchen,111.69,0,111.69,Net Banking,18/01/2024,2024,January,Qtr 1,Thursday,0
9af56311,Clothing,67.93,20,54.34,Debit Card,19/02/2024,2024,February,Qtr 1,Monday,13.586
fed09ac7,Sports,304.77,20,243.82,Credit Card,15/05/2024,2024,May,Qtr 2,Wednesday,60.954
bd91326f,Books,414.17,10,372.75,UPI,26/07/2024,2024,July,Qtr 3,Friday,41.417
1711938b,Toys,229.31,0,229.31,Net Banking,09/01/2024,2024,January,Qtr 1,Tuesday,0
4f561f14,Home & Kitchen,203.87,5,193.68,UPI,04/06/2024,2024,June,Qtr 2,Tuesday,10.1935
863700b9,Toys,341.35,30,238.94,Debit Card,10/09/2024,2024,September,Qtr 3,Tuesday,102.405
9792cfef,Books,46.58,20,37.26,Debit Card,29/08/2024,2024,August,Qtr 3,Thursday,9.316
9082595,Home & Kitchen,495.47,5,470.7,Cash on Delivery,21/02/2024,2024,February,Qtr 1,Wednesday,24.7735
d0415285,Home & Kitchen,170.19,50,85.09,Net Banking,15/08/2024,2024,August,Qtr 3,Thursday,85.095
c8d33b31,Books,496.58,25,372.44,Debit Card,29/04/2024,2024,April,Qtr 2,Monday,124.145
efe70bb7,Electronics,265.4,50,132.7,Credit Card,07/01/2024,2024,January,Qtr 1,Sunday,132.7
97f73aeb,Electronics,182.3,15,154.96,Credit Card,16/07/2024,2024,July,Qtr 3,Tuesday,27.345
078124d1,Electronics,331.23,5,314.67,Credit Card,14/05/2024,2024,May,Qtr 2,Tuesday,16.5615
bcadd0b0,Sports,368.61,5,350.18,Debit Card,19/10/2024,2024,October,Qtr 4,Saturday,18.4305
7cfdff7f,Beauty,77.58,10,69.82,Debit Card,24/05/2024,2024,May,Qtr 2,Friday,7.758
39065b8b,Books,225.18,30,157.63,UPI,07/05/2024,2024,May,Qtr 2,Tuesday,67.554
b446a986,Clothing,26.84,10,24.16,Credit Card,11/02/2024,2024,February,Qtr 1,Sunday,2.684
4c48c374,Toys,145.56,0,145.56,Debit Card,14/03/2024,2024,March,Qtr 1,Thursday,0
aa0830de,Beauty,71.21,20,56.97,Cash on Delivery,16/04/2024,2024,April,Qtr 2,Tuesday,14.242
a9eaf38a,Clothing,282.16,5,268.05,Net Banking,25/10/2024,2024,October,Qtr 4,Friday,14.108
16dc86bb,Books,312,15,265.2,Debit Card,17/11/2024,2024,November,Qtr 4,Sunday,46.8
7cfe5175,Electronics,210.34,0,210.34,Debit Card,18/07/2024,2024,July,Qtr 3,Thursday,0
0d128e62,Clothing,53.33,15,45.33,Cash on Delivery,01/06/2024,2024,June,Qtr 2,Saturday,7.9995
215d2ce2,Books,459.92,20,367.94,Net Banking,21/04/2024,2024,April,Qtr 2,Sunday,91.984
50793953,Books,121.91,5,115.81,Cash on Delivery,08/04/2024,2024,April,Qtr 2,Monday,6.0955
4905b683,Beauty,454.48,0,454.48,Cash on Delivery,07/04/2024,2024,April,Qtr 2,Sunday,0
9bef891d,Electronics,365.46,20,292.37,Cash on Delivery,21/04/2024,2024,April,Qtr 2,Sunday,73.092
e703a85c,Books,285.77,15,242.9,Credit Card,16/04/2024,2024,April,Qtr 2,Tuesday,42.8655
edaea13b,Books,382.19,0,382.19,Credit Card,29/06/2024,2024,June,Qtr 2,Saturday,0
bec57e40,Sports,470.63,30,329.44,UPI,07/04/2024,2024,April,Qtr 2,Sunday,141.189
e51f7ec4,Toys,14.21,30,9.95,Credit Card,02/10/2024,2024,October,Qtr 4,Wednesday,4.263
a6e87160,Beauty,116.25,0,116.25,Debit Card,27/01/2024,2024,January,Qtr 1,Saturday,0
02e15abd,Books,464.22,20,371.38,Cash on Delivery,05/03/2024,2024,March,Qtr 1,Tuesday,92.844
6b2ce843,Clothing,110.66,0,110.66,Debit Card,11/09/2024,2024,September,Qtr 3,Wednesday,0
5c426b3f,Clothing,405.44,15,344.62,UPI,14/03/2024,2024,March,Qtr 1,Thursday,60.816
a4f838a3,Books,387.72,20,310.18,Credit Card,23/09/2024,2024,September,Qtr 3,Monday,77.544
c02205a7,Sports,494.64,15,420.44,Debit Card,23/04/2024,2024,April,Qtr 2,Tuesday,74.196
f7d947da,Clothing,15.47,10,13.92,UPI,19/07/2024,2024,July,Qtr 3,Friday,1.547
dce09756,Clothing,246.59,0,246.59,UPI,01/11/2024,2024,November,Qtr 4,Friday,0
15bbabf3,Electronics,27.64,50,13.82,Cash on Delivery,21/11/2024,2024,November,Qtr 4,Thursday,13.82
a73c44c3,Beauty,464.83,50,232.41,Net Banking,09/04/2024,2024,April,Qtr 2,Tuesday,232.415
fffca9db,Beauty,111.4,25,83.55,Credit Card,10/04/2024,2024,April,Qtr 2,Wednesday,27.85
d040767a,Clothing,401.32,50,200.66,Net Banking,18/04/2024,2024,April,Qtr 2,Thursday,200.66
dcec950f,Beauty,58.57,5,55.64,Debit Card,26/10/2024,2024,October,Qtr 4,Saturday,2.9285
11a0b7bc,Clothing,51.66,30,36.16,Debit Card,05/01/2024,2024,January,Qtr 1,Friday,15.498
17cca69e,Toys,74.45,15,63.28,Credit Card,25/09/2024,2024,September,Qtr 3,Wednesday,11.1675
8eebaad5,Beauty,452.7,30,316.89,UPI,08/10/2024,2024,October,Qtr 4,Tuesday,135.81
3e4bac03,Electronics,89.64,30,62.75,Debit Card,15/06/2024,2024,June,Qtr 2,Saturday,26.892
f2c1aeec,Books,403.11,20,322.49,Debit Card,14/10/2024,2024,October,Qtr 4,Monday,80.622
02548f78,Toys,265.96,10,239.36,Credit Card,12/06/2024,2024,June,Qtr 2,Wednesday,26.596
4bd454f2,Home & Kitchen,286.82,30,200.77,Cash on Delivery,17/01/2024,2024,January,Qtr 1,Wednesday,86.046
3199bdec,Beauty,411.18,5,390.62,Cash on Delivery,11/02/2024,2024,February,Qtr 1,Sunday,20.559
1f4fbea8,Toys,151.15,50,75.58,Debit Card,09/10/2024,2024,October,Qtr 4,Wednesday,75.575
17ea7752,Books,15.79,15,13.42,Cash on Delivery,04/04/2024,2024,April,Qtr 2,Thursday,2.3685
42139082,Books,25.72,20,20.58,UPI,04/06/2024,2024,June,Qtr 2,Tuesday,5.144
23eb2059,Sports,308,25,231,Cash on Delivery,20/01/2024,2024,January,Qtr 1,Saturday,77
e2b06600,Home & Kitchen,28.03,20,22.42,Credit Card,07/10/2024,2024,October,Qtr 4,Monday,5.606
44e06509,Toys,253.16,50,126.58,UPI,21/02/2024,2024,February,Qtr 1,Wednesday,126.58
09525f3e,Clothing,178.63,30,125.04,Credit Card,02/06/2024,2024,June,Qtr 2,Sunday,53.589
b045adae,Books,466.27,20,373.02,Credit Card,27/10/2024,2024,October,Qtr 4,Sunday,93.254
39534104,Beauty,66.61,0,66.61,Cash on Delivery,27/04/2024,2024,April,Qtr 2,Saturday,0
6c0ef9f4,Beauty,96.54,25,72.41,UPI,06/10/2024,2024,October,Qtr 4,Sunday,24.135
34f377cd,Books,93.17,0,93.17,Cash on Delivery,29/01/2024,2024,January,Qtr 1,Monday,0
e4503649,Toys,177.14,25,132.85,Net Banking,27/04/2024,2024,April,Qtr 2,Saturday,44.285
9c92e75f,Beauty,178.71,30,125.1,UPI,18/10/2024,2024,October,Qtr 4,Friday,53.613
c8ca95d2,Sports,49.67,30,34.77,Credit Card,30/06/2024,2024,June,Qtr 2,Sunday,14.901
3474bf64,Sports,377.17,20,301.74,Net Banking,28/03/2024,2024,March,Qtr 1,Thursday,75.434
daa878b0,Toys,467.12,0,467.12,UPI,24/05/2024,2024,May,Qtr 2,Friday,0
03fa1b88,Electronics,50.13,10,45.12,Cash on Delivery,24/08/2024,2024,August,Qtr 3,Saturday,5.013
c167a9ff,Electronics,84.5,10,76.05,Cash on Delivery,03/10/2024,2024,October,Qtr 4,Thursday,8.45
bd34d0a3,Home & Kitchen,335.21,15,284.93,Net Banking,02/01/2024,2024,January,Qtr 1,Tuesday,50.2815
0fd2f768,Beauty,496.92,15,422.38,Cash on Delivery,26/03/2024,2024,March,Qtr 1,Tuesday,74.538
501af596,Clothing,188.19,50,94.09,UPI,08/04/2024,2024,April,Qtr 2,Monday,94.095
f92df21e,Clothing,260.92,5,247.87,Net Banking,23/09/2024,2024,September,Qtr 3,Monday,13.046
72f040c8,Electronics,75.9,30,53.13,Net Banking,12/11/2024,2024,November,Qtr 4,Tuesday,22.77
5f990d55,Clothing,146.25,10,131.62,Cash on Delivery,22/09/2024,2024,September,Qtr 3,Sunday,14.625
5e123a81,Books,44.04,15,37.43,Debit Card,14/03/2024,2024,March,Qtr 1,Thursday,6.606
4c90253a,Clothing,226.03,20,180.82,Net Banking,23/03/2024,2024,March,Qtr 1,Saturday,45.206
a418bd67,Clothing,210.43,15,178.87,Net Banking,26/07/2024,2024,July,Qtr 3,Friday,31.5645
828a1016,Beauty,161.16,30,112.81,Cash on Delivery,19/08/2024,2024,August,Qtr 3,Monday,48.348
bed6a723,Clothing,159.01,30,111.31,Debit Card,20/02/2024,2024,February,Qtr 1,Tuesday,47.703
1097aa00,Beauty,92.91,15,78.97,UPI,11/11/2024,2024,November,Qtr 4,Monday,13.9365
d290ed45,Toys,158,10,142.2,Debit Card,06/06/2024,2024,June,Qtr 2,Thursday,15.8
72e7de49,Electronics,137.33,10,123.6,Debit Card,09/09/2024,2024,September,Qtr 3,Monday,13.733
dde45136,Toys,176.73,30,123.71,Net Banking,16/03/2024,2024,March,Qtr 1,Saturday,53.019
dc061c43,Sports,64.49,50,32.24,Net Banking,07/08/2024,2024,August,Qtr 3,Wednesday,32.245
15375b7a,Books,25.9,10,23.31,Net Banking,21/03/2024,2024,March,Qtr 1,Thursday,2.59
18729857,Books,452.56,20,362.05,UPI,08/05/2024,2024,May,Qtr 2,Wednesday,90.512
57cf5b46,Electronics,178.67,20,142.94,Cash on Delivery,28/07/2024,2024,July,Qtr 3,Sunday,35.734
c10237e3,Home & Kitchen,326.79,15,277.77,Cash on Delivery,30/09/2024,2024,September,Qtr 3,Monday,49.0185
11ca9164,Toys,317.61,0,317.61,Debit Card,30/06/2024,2024,June,Qtr 2,Sunday,0
ec1b92c2,Home & Kitchen,210.72,25,158.04,UPI,29/09/2024,2024,September,Qtr 3,Sunday,52.68
aa5ed28b,Books,301.53,5,286.45,Cash on Delivery,11/07/2024,2024,July,Qtr 3,Thursday,15.0765
c4b18ff3,Home & Kitchen,338.28,10,304.45,Debit Card,09/02/2024,2024,February,Qtr 1,Friday,33.828
a6021b76,Books,212.78,15,180.86,Net Banking,03/05/2024,2024,May,Qtr 2,Friday,31.917
be71f7a5,Home & Kitchen,147.17,0,147.17,UPI,05/09/2024,2024,September,Qtr 3,Thursday,0
fb538ced,Clothing,320.44,0,320.44,Credit Card,31/03/2024,2024,March,Qtr 1,Sunday,0
4d1a715f,Sports,395.32,50,197.66,Debit Card,31/05/2024,2024,May,Qtr 2,Friday,197.66
c30630f7,Toys,436.56,0,436.56,UPI,23/09/2024,2024,September,Qtr 3,Monday,0
b08c75b4,Clothing,61.32,25,45.99,Cash on Delivery,04/09/2024,2024,September,Qtr 3,Wednesday,15.33
67cc6644,Toys,359.22,25,269.42,Debit Card,18/05/2024,2024,May,Qtr 2,Saturday,89.805
27016f42,Toys,309.67,25,232.25,Cash on Delivery,13/09/2024,2024,September,Qtr 3,Friday,77.4175
d2d4b9b3,Electronics,309.54,15,263.11,Credit Card,09/01/2024,2024,January,Qtr 1,Tuesday,46.431
cb79a803,Sports,315.8,0,315.8,Debit Card,25/03/2024,2024,March,Qtr 1,Monday,0
c5eb383c,Toys,425.9,5,404.6,Credit Card,24/01/2024,2024,January,Qtr 1,Wednesday,21.295
e7ba49df,Clothing,399.41,20,319.53,UPI,12/11/2024,2024,November,Qtr 4,Tuesday,79.882
8a72634d,Toys,177.58,20,142.06,Debit Card,28/04/2024,2024,April,Qtr 2,Sunday,35.516
d8537c7d,Electronics,207.02,30,144.91,UPI,15/02/2024,2024,February,Qtr 1,Thursday,62.106
755d7fe9,Clothing,324.36,15,275.71,Credit Card,06/06/2024,2024,June,Qtr 2,Thursday,48.654
73b0732b,Books,168.18,0,168.18,UPI,04/03/2024,2024,March,Qtr 1,Monday,0
f8cd3c03,Sports,396.76,50,198.38,Net Banking,06/10/2024,2024,October,Qtr 4,Sunday,198.38
0888b113,Books,74.67,30,52.27,Credit Card,29/02/2024,2024,February,Qtr 1,Thursday,22.401
5e8e658d,Beauty,268.63,15,228.34,UPI,31/03/2024,2024,March,Qtr 1,Sunday,40.2945
54caabdb,Books,105.99,15,90.09,Credit Card,11/01/2024,2024,January,Qtr 1,Thursday,15.8985
9049f512,Books,213.68,15,181.63,UPI,31/03/2024,2024,March,Qtr 1,Sunday,32.052
bbb92935,Beauty,148.44,10,133.6,Net Banking,10/02/2024,2024,February,Qtr 1,Saturday,14.844
421a5df2,Toys,140.68,10,126.61,Debit Card,25/03/2024,2024,March,Qtr 1,Monday,14.068
0304a5d8,Toys,393.82,50,196.91,Cash on Delivery,10/08/2024,2024,August,Qtr 3,Saturday,196.91
4350a1b5,Toys,155.42,20,124.34,Credit Card,28/01/2024,2024,January,Qtr 1,Sunday,31.084
ae1e6f3f,Home & Kitchen,267.16,20,213.73,Debit Card,29/05/2024,2024,May,Qtr 2,Wednesday,53.432
323b46c6,Toys,340.21,5,323.2,UPI,09/06/2024,2024,June,Qtr 2,Sunday,17.0105
d9d6eb5d,Clothing,336.44,25,252.33,Net Banking,07/01/2024,2024,January,Qtr 1,Sunday,84.11
a59c3e17,Electronics,283.36,50,141.68,Cash on Delivery,14/05/2024,2024,May,Qtr 2,Tuesday,141.68
310ecc50,Clothing,472.32,0,472.32,Debit Card,16/09/2024,2024,September,Qtr 3,Monday,0
fd42a231,Home & Kitchen,101.57,20,81.26,Debit Card,01/06/2024,2024,June,Qtr 2,Saturday,20.314
957ba512,Electronics,395.72,20,316.58,Cash on Delivery,20/09/2024,2024,September,Qtr 3,Friday,79.144
cf39e3b6,Electronics,221.5,50,110.75,Debit Card,18/04/2024,2024,April,Qtr 2,Thursday,110.75
3fe0d733,Electronics,320.78,15,272.66,Credit Card,10/11/2024,2024,November,Qtr 4,Sunday,48.117
5bc9bcc6,Electronics,315.5,15,268.18,Cash on Delivery,01/06/2024,2024,June,Qtr 2,Saturday,47.325
59e8d716,Beauty,27.26,30,19.08,Debit Card,12/08/2024,2024,August,Qtr 3,Monday,8.178
f144573f,Toys,409.56,10,368.6,Credit Card,16/04/2024,2024,April,Qtr 2,Tuesday,40.956
d0cca08b,Toys,194.33,20,155.46,Cash on Delivery,14/07/2024,2024,July,Qtr 3,Sunday,38.866
46de6e12,Home & Kitchen,281.87,50,140.94,UPI,14/10/2024,2024,October,Qtr 4,Monday,140.935
cb976f6f,Sports,63.89,5,60.7,Cash on Delivery,29/06/2024,2024,June,Qtr 2,Saturday,3.1945
6852256e,Books,409.61,10,368.65,UPI,13/02/2024,2024,February,Qtr 1,Tuesday,40.961
d9b6aafd,Clothing,222.24,25,166.68,Debit Card,29/10/2024,2024,October,Qtr 4,Tuesday,55.56
a7bf5d50,Electronics,167.97,50,83.98,UPI,22/09/2024,2024,September,Qtr 3,Sunday,83.985
cdb8c480,Electronics,101.38,20,81.1,Debit Card,01/10/2024,2024,October,Qtr 4,Tuesday,20.276
2726ae9c,Beauty,299.63,15,254.69,UPI,23/09/2024,2024,September,Qtr 3,Monday,44.9445
14974d49,Toys,373.78,25,280.33,UPI,19/11/2024,2024,November,Qtr 4,Tuesday,93.445
20af9383,Sports,243.74,15,207.18,UPI,15/11/2024,2024,November,Qtr 4,Friday,36.561
ff0620fc,Home & Kitchen,133.2,20,106.56,UPI,28/03/2024,2024,March,Qtr 1,Thursday,26.64
097e0691,Electronics,68.94,30,48.26,Net Banking,09/04/2024,2024,April,Qtr 2,Tuesday,20.682
c752d202,Electronics,275.43,50,137.72,Cash on Delivery,18/04/2024,2024,April,Qtr 2,Thursday,137.715
03a8069a,Toys,197.83,25,148.37,Net Banking,08/08/2024,2024,August,Qtr 3,Thursday,49.4575
ad0e6c75,Electronics,215.89,50,107.94,Net Banking,15/07/2024,2024,July,Qtr 3,Monday,107.945
45b689eb,Beauty,83.57,5,79.39,UPI,26/05/2024,2024,May,Qtr 2,Sunday,4.1785
6e6f14b4,Books,393.77,5,374.08,Debit Card,15/10/2024,2024,October,Qtr 4,Tuesday,19.6885
f19d241b,Toys,262.88,10,236.59,Net Banking,07/08/2024,2024,August,Qtr 3,Wednesday,26.288
6967f624,Beauty,373.87,50,186.94,UPI,05/10/2024,2024,October,Qtr 4,Saturday,186.935
e57a5769,Beauty,96.15,25,72.11,UPI,27/01/2024,2024,January,Qtr 1,Saturday,24.0375
b18caa07,Home & Kitchen,298.68,30,209.08,UPI,04/08/2024,2024,August,Qtr 3,Sunday,89.604
bc1fe366,Books,290.9,15,247.26,Cash on Delivery,25/10/2024,2024,October,Qtr 4,Friday,43.635
027fe2aa,Electronics,316.29,30,221.4,Net Banking,31/07/2024,2024,July,Qtr 3,Wednesday,94.887
e7a1a25e,Toys,69.38,15,58.97,Credit Card,08/07/2024,2024,July,Qtr 3,Monday,10.407
f5621bfe,Beauty,241.05,15,204.89,Cash on Delivery,24/05/2024,2024,May,Qtr 2,Friday,36.1575
aa5fcb35,Home & Kitchen,206.34,20,165.07,Net Banking,09/06/2024,2024,June,Qtr 2,Sunday,41.268
e5d18746,Books,457.39,50,228.69,Credit Card,30/05/2024,2024,May,Qtr 2,Thursday,228.695
6a0bf80b,Books,71.82,0,71.82,Net Banking,08/11/2024,2024,November,Qtr 4,Friday,0
1d3b4cbd,Beauty,431.57,25,323.68,Credit Card,28/05/2024,2024,May,Qtr 2,Tuesday,107.8925
84b342df,Beauty,304.06,5,288.86,UPI,04/11/2024,2024,November,Qtr 4,Monday,15.203
86289c63,Beauty,302.93,5,287.78,UPI,15/01/2024,2024,January,Qtr 1,Monday,15.1465
2a202e20,Books,31.24,5,29.68,Cash on Delivery,25/01/2024,2024,January,Qtr 1,Thursday,1.562
9f470f3a,Sports,439.88,5,417.89,Credit Card,08/04/2024,2024,April,Qtr 2,Monday,21.994
3123e3f0,Toys,397.79,25,298.34,Cash on Delivery,15/02/2024,2024,February,Qtr 1,Thursday,99.4475
a5b943ac,Books,302.86,0,302.86,Net Banking,21/08/2024,2024,August,Qtr 3,Wednesday,0
0a3ca68a,Electronics,286.82,25,215.12,Net Banking,26/06/2024,2024,June,Qtr 2,Wednesday,71.705
939d3a3b,Clothing,209.91,50,104.95,Cash on Delivery,18/08/2024,2024,August,Qtr 3,Sunday,104.955
32c80a92,Beauty,406.97,15,345.92,Cash on Delivery,02/11/2024,2024,November,Qtr 4,Saturday,61.0455
ebe00762,Home & Kitchen,95.24,15,80.95,Net Banking,27/05/2024,2024,May,Qtr 2,Monday,14.286
61516c8d,Electronics,313.68,25,235.26,Credit Card,28/02/2024,2024,February,Qtr 1,Wednesday,78.42
a4882f62,Electronics,328.54,15,279.26,UPI,23/08/2024,2024,August,Qtr 3,Friday,49.281
93ce878c,Clothing,390.78,25,293.08,Cash on Delivery,09/08/2024,2024,August,Qtr 3,Friday,97.695
140e089c,Sports,432.01,5,410.41,Debit Card,20/05/2024,2024,May,Qtr 2,Monday,21.6005
137307da,Electronics,101.33,15,86.13,Credit Card,19/04/2024,2024,April,Qtr 2,Friday,15.1995
372fa176,Sports,97.09,30,67.96,Credit Card,30/10/2024,2024,October,Qtr 4,Wednesday,29.127
fbfdfbb1,Books,428.23,20,342.58,UPI,21/04/2024,2024,April,Qtr 2,Sunday,85.646
819d4337,Beauty,249.79,20,199.83,UPI,12/10/2024,2024,October,Qtr 4,Saturday,49.958
7d3d5bce,Books,125.28,0,125.28,Cash on Delivery,26/06/2024,2024,June,Qtr 2,Wednesday,0
ef2a5e35,Toys,27.12,5,25.76,Cash on Delivery,13/10/2024,2024,October,Qtr 4,Sunday,1.356
d646700c,Sports,484.56,0,484.56,UPI,21/10/2024,2024,October,Qtr 4,Monday,0
6bcd9d7f,Home & Kitchen,68.45,30,47.91,Net Banking,13/11/2024,2024,November,Qtr 4,Wednesday,20.535
9622a93e,Sports,108.02,10,97.22,UPI,14/10/2024,2024,October,Qtr 4,Monday,10.802
1c587631,Home & Kitchen,287.25,20,229.8,Debit Card,09/02/2024,2024,February,Qtr 1,Friday,57.45
bc3c0bbe,Beauty,198.26,0,198.26,Net Banking,26/09/2024,2024,September,Qtr 3,Thursday,0
64f39542,Clothing,218.12,5,207.21,Credit Card,30/01/2024,2024,January,Qtr 1,Tuesday,10.906
02ea58e6,Toys,401.08,5,381.03,Cash on Delivery,05/02/2024,2024,February,Qtr 1,Monday,20.054
1bc373ee,Books,247.48,50,123.74,UPI,20/05/2024,2024,May,Qtr 2,Monday,123.74
2a815054,Clothing,78.14,0,78.14,UPI,02/09/2024,2024,September,Qtr 3,Monday,0
90a64934,Books,169.79,5,161.3,UPI,25/10/2024,2024,October,Qtr 4,Friday,8.4895
6644ad14,Clothing,438.09,20,350.47,Cash on Delivery,07/01/2024,2024,January,Qtr 1,Sunday,87.618
925dcde3,Electronics,265.65,25,199.24,UPI,30/09/2024,2024,September,Qtr 3,Monday,66.4125
88e7a084,Home & Kitchen,39.87,15,33.89,Debit Card,04/10/2024,2024,October,Qtr 4,Friday,5.9805
a23cc45d,Electronics,406.9,20,325.52,Credit Card,07/08/2024,2024,August,Qtr 3,Wednesday,81.38
56813cff,Home & Kitchen,218.68,20,174.94,UPI,18/09/2024,2024,September,Qtr 3,Wednesday,43.736
b2977fc7,Home & Kitchen,216.55,20,173.24,Credit Card,24/03/2024,2024,March,Qtr 1,Sunday,43.31
3d080554,Sports,282.62,0,282.62,Credit Card,02/03/2024,2024,March,Qtr 1,Saturday,0
2a1d2b27,Books,493.54,20,394.83,UPI,04/07/2024,2024,July,Qtr 3,Thursday,98.708
fef3b4d7,Clothing,48.56,0,48.56,Credit Card,20/10/2024,2024,October,Qtr 4,Sunday,0
3bea58ee,Sports,185.29,0,185.29,Credit Card,27/09/2024,2024,September,Qtr 3,Friday,0
90bad297,Sports,310.41,15,263.85,Cash on Delivery,17/11/2024,2024,November,Qtr 4,Sunday,46.5615
1365196,Beauty,381.75,50,190.88,Net Banking,05/08/2024,2024,August,Qtr 3,Monday,190.875
ef9fbda4,Beauty,202.43,20,161.94,Cash on Delivery,05/09/2024,2024,September,Qtr 3,Thursday,40.486
12ada465,Clothing,235.21,10,211.69,Debit Card,24/02/2024,2024,February,Qtr 1,Saturday,23.521
67475da1,Books,371.67,0,371.67,Credit Card,05/09/2024,2024,September,Qtr 3,Thursday,0
db89ad76,Toys,393.1,0,393.1,Cash on Delivery,05/07/2024,2024,July,Qtr 3,Friday,0
d80cb54a,Beauty,146.55,20,117.24,Debit Card,13/08/2024,2024,August,Qtr 3,Tuesday,29.31
7764e9c8,Electronics,193.43,15,164.42,Cash on Delivery,21/11/2024,2024,November,Qtr 4,Thursday,29.0145
635a5c98,Sports,259.28,5,246.32,Net Banking,11/03/2024,2024,March,Qtr 1,Monday,12.964
b6d93334,Clothing,217.51,30,152.26,Cash on Delivery,14/03/2024,2024,March,Qtr 1,Thursday,65.253
703cf4c4,Books,412.49,50,206.25,Net Banking,08/09/2024,2024,September,Qtr 3,Sunday,206.245
b8e96ec5,Clothing,392.74,5,373.1,Cash on Delivery,26/01/2024,2024,January,Qtr 1,Friday,19.637
d5d8192a,Sports,135.71,50,67.86,Debit Card,08/07/2024,2024,July,Qtr 3,Monday,67.855
d49c1938,Toys,487.62,25,365.72,Credit Card,28/06/2024,2024,June,Qtr 2,Friday,121.905
4674ffc8,Beauty,370.72,10,333.65,Cash on Delivery,31/01/2024,2024,January,Qtr 1,Wednesday,37.072
c94b1a1a,Beauty,98.73,5,93.79,Credit Card,15/11/2024,2024,November,Qtr 4,Friday,4.9365
ae262d85,Home & Kitchen,79.42,50,39.71,Credit Card,11/06/2024,2024,June,Qtr 2,Tuesday,39.71
e9ad7995,Home & Kitchen,248.01,50,124,Cash on Delivery,03/02/2024,2024,February,Qtr 1,Saturday,124.005
efcf43d8,Electronics,339.17,30,237.42,UPI,11/06/2024,2024,June,Qtr 2,Tuesday,101.751
bbf18e01,Books,419.32,0,419.32,Debit Card,14/06/2024,2024,June,Qtr 2,Friday,0
4fa93089,Books,323.53,15,275,Debit Card,04/05/2024,2024,May,Qtr 2,Saturday,48.5295
4e69c8b2,Toys,230,25,172.5,Credit Card,04/04/2024,2024,April,Qtr 2,Thursday,57.5
59b1a413,Books,218.44,25,163.83,UPI,19/03/2024,2024,March,Qtr 1,Tuesday,54.61
860101ea,Books,431.85,15,367.07,Net Banking,14/08/2024,2024,August,Qtr 3,Wednesday,64.7775
fcdfd494,Books,334.79,25,251.09,UPI,02/03/2024,2024,March,Qtr 1,Saturday,83.6975
67abda0a,Beauty,486.79,0,486.79,UPI,14/05/2024,2024,May,Qtr 2,Tuesday,0
34ebc1a0,Toys,212.87,15,180.94,Cash on Delivery,19/11/2024,2024,November,Qtr 4,Tuesday,31.9305
1defd3b1,Home & Kitchen,389.76,0,389.76,Net Banking,07/08/2024,2024,August,Qtr 3,Wednesday,0
0611293d,Electronics,447.66,30,313.36,UPI,21/05/2024,2024,May,Qtr 2,Tuesday,134.298
e73ad07c,Home & Kitchen,235.77,30,165.04,UPI,14/04/2024,2024,April,Qtr 2,Sunday,70.731
